block,Species,experiment,tank,pH_treatment,temp_treatment,Date,FileName,Light_Dark,chamber.channel,ID,BLANK,notes,start.time,stop.time,volume,dry_weight,wet_weight,TA.start,TA.stop,dry_shell_weight,initial_wet_weight
S1,Rockweed,a,1,7.2,20,20240428,RW_T1_1_Dark_20240428_O2,Dark,,1,0,good,6:58:00,7:29:00,648,0.7209,2.551,,,,
S1,Rockweed,a,1,7.2,20,20240428,RW_T1_2_Dark_20240428_O2,Dark,,2,0,good,6:58:00,7:29:00,648,0.4412,1.5503,,,,
S1,Rockweed,a,1,7.2,20,20240428,RW_T1_3_Dark_20240428_O2,Dark,,3,0,maybe,6:58:00,7:29:00,648,0.8427,2.546,,,,
S1,Rockweed,a,1,7.2,20,20240428,RW_T1_4_Dark_20240428_O2,Dark,,4,0,good,6:58:00,7:29:00,648,0.7373,2.6324,,,,
S1,Rockweed,a,1,7.2,20,20240428,RW_T1_5_Dark_20240428_O2,Dark,,5,0,good,6:58:00,7:29:00,646,0.8386,2.7575,,,,
S1,Rockweed,a,1,7.2,20,20240428,RW_T1_6_Dark_20240428_O2,Dark,,6,0,good,6:58:00,7:29:00,642.5,0.6767,2.6057,,,,
S1,Rockweed,a,1,7.2,20,20240428,RW_T1_B_Dark_20240428_O2,Dark,,Blank,1,good,6:58:00,7:29:00,650,,0,,,,
S1,Rockweed,a,1,7.2,20,20240428,RW_T1_1_Light_20240428_O2,Light,,1,0,good,8:15,8:46,648,0.7209,2.551,,,,
S1,Rockweed,a,1,7.2,20,20240428,RW_T1_2_Light_20240428_O2,Light,,2,0,good,8:15,8:46,648,0.4412,1.5503,,,,
S1,Rockweed,a,1,7.2,20,20240428,RW_T1_3_Light_20240428_O2,Light,,3,0,good,8:15,8:46,648,0.8427,2.546,,,,
S1,Rockweed,a,1,7.2,20,20240428,RW_T1_4_Light_20240428_O2,Light,,4,0,good,8:15,8:46,648,0.7373,2.6324,,,,
S1,Rockweed,a,1,7.2,20,20240428,RW_T1_5_Light_20240428_O2,Light,,5,0,good,8:15,8:46,646,0.8386,2.7575,,,,
S1,Rockweed,a,1,7.2,20,20240428,RW_T1_6_Light_20240428_O2,Light,,6,0,good,8:15,8:46,642.5,0.6767,2.6057,,,,
S1,Rockweed,a,1,7.2,20,20240428,RW_T1_B_Light_20240428_O2,Light,,Blank,1,good,8:15,8:46,650,,0,,,,
S2,Rockweed,a,2,7.4,20,20240428,RW_T2_7_Dark_20240428_O2,Dark,,7,0,good,9:38,10:10,644,1.0601,2.8139,,,,
S2,Rockweed,a,2,7.4,20,20240428,RW_T2_8_Dark_20240428_O2,Dark,,8,0,good,9:38,10:10,646,0.7874,2.7064,,,,
S2,Rockweed,a,2,7.4,20,20240428,RW_T2_9_Dark_20240428_O2,Dark,,9,0,good,9:38,10:10,646,1.185,3.3606,,,,
S2,Rockweed,a,2,7.4,20,20240428,RW_T2_10_Dark_20240428_O2,Dark,,10,0,good,9:38,10:10,648,0.5598,1.9323,,,,
S2,Rockweed,a,2,7.4,20,20240428,RW_T2_11_Dark_20240428_O2,Dark,,11,0,good,9:38,10:10,648,0.8884,2.9722,,,,
S2,Rockweed,a,2,7.4,20,20240428,RW_T2_12_Dark_20240428_O2,Dark,,12,0,good,9:38,10:10,648,0.8338,2.6747,,,,
S2,Rockweed,a,2,7.4,20,20240428,RW_T2_B_Dark_20240428_O2,Dark,,Blank,1,good,9:38,10:10,650,,0,,,,
S2,Rockweed,a,2,7.4,20,20240428,RW_T2_7_Light_20240428_O2,Light,,7,0,good,10:55,11:40,646,1.0601,2.8139,,,,
S2,Rockweed,a,2,7.4,20,20240428,RW_T2_8_Light_20240428_O2,Light,,8,0,good,10:55,11:40,646,0.7874,2.7064,,,,
S2,Rockweed,a,2,7.4,20,20240428,RW_T2_9_Light_20240428_O2,Light,,9,0,good,10:55,11:40,648,1.185,3.3606,,,,
S2,Rockweed,a,2,7.4,20,20240428,RW_T2_10_Light_20240428_O2,Light,,10,0,good,10:55,11:40,648,0.5598,1.9323,,,,
S2,Rockweed,a,2,7.4,20,20240428,RW_T2_11_Light_20240428_O2,Light,,11,0,good,10:55,11:40,648,0.8884,2.9722,,,,
S2,Rockweed,a,2,7.4,20,20240428,RW_T2_12_Light_20240428_O2,Light,,12,0,good,10:55,11:40,648,0.8338,2.6747,,,,
S2,Rockweed,a,2,7.4,20,20240428,RW_T2_B_Light_20240428_O2,Light,,Blank,1,good,10:55,11:40,650,,0,,,,
S4,Rockweed,a,4,7.3,20,20240428,RW_T4_19_Dark_20240428_O2,Dark,,19,0,good,12:03,12:35,646,0.7912,2.9608,,,,
S4,Rockweed,a,4,7.3,20,20240428,RW_T4_20_Dark_20240428_O2,Dark,,20,0,good,12:03,12:35,648,0.8143,2.4314,,,,
S4,Rockweed,a,4,7.3,20,20240428,RW_T4_21_Dark_20240428_O2,Dark,,21,0,good,12:03,12:35,648,0.9139,3.1288,,,,
S4,Rockweed,a,4,7.3,20,20240428,RW_T4_22_Dark_20240428_O2,Dark,,22,0,good,12:03,12:35,648,1.1292,3.1527,,,,
S4,Rockweed,a,4,7.3,20,20240428,RW_T4_23_Dark_20240428_O2,Dark,,23,0,good,12:03,12:35,646,0.9859,3.0703,,,,
S4,Rockweed,a,4,7.3,20,20240428,RW_T4_24_Dark_20240428_O2,Dark,,24,0,good,12:03,12:35,648,0.6087,2.1704,,,,
S4,Rockweed,a,4,7.3,20,20240428,RW_T4_B_Dark_20240428_O2,Dark,,Blank,1,good,12:03,12:35,650,,0,,,,
S4,Rockweed,a,4,7.3,20,20240428,RW_T4_19_Light_20240428_O2,Light,,19,0,good,13:12,13:42,646,0.7912,2.9608,,,,
S4,Rockweed,a,4,7.3,20,20240428,RW_T4_20_Light_20240428_O2,Light,,20,0,good,13:12,13:42,648,0.8143,2.4314,,,,
S4,Rockweed,a,4,7.3,20,20240428,RW_T4_21_Light_20240428_O2,Light,,21,0,good,13:12,13:42,648,0.9139,3.1288,,,,
S4,Rockweed,a,4,7.3,20,20240428,RW_T4_22_Light_20240428_O2,Light,,22,0,good,13:12,13:42,648,1.1292,3.1527,,,,
S4,Rockweed,a,4,7.3,20,20240428,RW_T4_23_Light_20240428_O2,Light,,23,0,good,13:12,13:42,646,0.9859,3.0703,,,,
S4,Rockweed,a,4,7.3,20,20240428,RW_T4_24_Light_20240428_O2,Light,,24,0,good,13:12,13:42,648,0.6087,2.1704,,,,
S4,Rockweed,a,4,7.3,20,20240428,RW_T4_B_Light_20240428_O2,Light,,Blank,1,good,13:12,13:42,650,,0,,,,
S5,Rockweed,a,5,7.5,20,20240428,RW_T5_25_Dark_20240428_O2,Dark,,25,0,good,14:11,14:43,648,1.0397,2.415,,,,
S5,Rockweed,a,5,7.5,20,20240428,RW_T5_26_Dark_20240428_O2,Dark,,26,0,idk,14:11,14:43,648,1.0491,2.583,,,,
S5,Rockweed,a,5,7.5,20,20240428,RW_T5_27_Dark_20240428_O2,Dark,,27,0,good,14:11,14:43,648,0.8113,2.4502,,,,
S5,Rockweed,a,5,7.5,20,20240428,RW_T5_28_Dark_20240428_O2,Dark,,28,0,good,14:11,14:43,648,0.7646,2.621,,,,
S5,Rockweed,a,5,7.5,20,20240428,RW_T5_29_Dark_20240428_O2,Dark,,29,0,good,14:11,14:43,648,1.0036,3.0909,,,,
S5,Rockweed,a,5,7.5,20,20240428,RW_T5_30_Dark_20240428_O2,Dark,,30,0,good,14:11,14:43,646,1.0853,2.7903,,,,
S5,Rockweed,a,5,7.5,20,20240428,RW_T5_B_Dark_20240428_O2,Dark,,Blank,1,good,14:11,14:43,650,,0,,,,
S5,Rockweed,a,5,7.5,20,20240428,RW_T5_25_Light_20240428_O2,Light,,25,0,good,15:19,15:53,648,1.0397,2.415,,,,
S5,Rockweed,a,5,7.5,20,20240428,RW_T5_26_Light_20240428_O2,Light,,26,0,good,15:19,15:53,648,1.0491,2.583,,,,
S5,Rockweed,a,5,7.5,20,20240428,RW_T5_27_Light_20240428_O2,Light,,27,0,good,15:19,15:53,648,0.8113,2.4502,,,,
S5,Rockweed,a,5,7.5,20,20240428,RW_T5_28_Light_20240428_O2,Light,,28,0,good,15:19,15:53,648,0.7646,2.621,,,,
S5,Rockweed,a,5,7.5,20,20240428,RW_T5_29_Light_20240428_O2,Light,,29,0,good,15:19,15:53,648,1.0036,3.0909,,,,
S5,Rockweed,a,5,7.5,20,20240428,RW_T5_30_Light_20240428_O2,Light,,30,0,good,15:19,15:53,646,1.0853,2.7903,,,,
S5,Rockweed,a,5,7.5,20,20240428,RW_T5_B_Light_20240428_O2,Light,,Blank,1,good,15:19,15:53,650,,0,,,,
S9,Rockweed,a,9,7.7,20,20240428,RW_T9_49_Dark_20240428_O2,Dark,,49,0,good,16:27,17:00,646,0.8163,2.7836,,,,
S9,Rockweed,a,9,7.7,20,20240428,RW_T9_50_Dark_20240428_O2,Dark,,50,0,good,16:27,17:00,646,0.8628,3.211,,,,
S9,Rockweed,a,9,7.7,20,20240428,RW_T9_51_Dark_20240428_O2,Dark,,51,0,good,16:27,17:00,648,0.741,2.6531,,,,
S9,Rockweed,a,9,7.7,20,20240428,RW_T9_52_Dark_20240428_O2,Dark,,52,0,good,16:27,17:00,648,0.8582,2.924,,,,
S9,Rockweed,a,9,7.7,20,20240428,RW_T9_53_Dark_20240428_O2,Dark,,53,0,good,16:27,17:00,648,0.8929,3.2404,,,,
S9,Rockweed,a,9,7.7,20,20240428,RW_T9_54_Dark_20240428_O2,Dark,,54,0,good,16:27,17:00,648,0.9769,3.6111,,,,
S9,Rockweed,a,9,7.7,20,20240428,RW_T9_B_Dark_20240428_O2,Dark,,Blank,1,good,16:27,17:00,650,,0,,,,
S9,Rockweed,a,9,7.7,20,20240428,RW_T9_49_Light_20240428_O2,Light,,49,0,good,17:21,17:55,646,0.8163,2.7836,,,,
S9,Rockweed,a,9,7.7,20,20240428,RW_T9_50_Light_20240428_O2,Light,,50,0,good,17:21,17:55,646,0.8628,3.211,,,,
S9,Rockweed,a,9,7.7,20,20240428,RW_T9_51_Light_20240428_O2,Light,,51,0,good,17:21,17:55,648,0.741,2.6531,,,,
S9,Rockweed,a,9,7.7,20,20240428,RW_T9_52_Light_20240428_O2,Light,,52,0,good,17:21,17:55,648,0.8582,2.924,,,,
S9,Rockweed,a,9,7.7,20,20240428,RW_T9_53_Light_20240428_O2,Light,,53,0,good,17:21,17:55,648,0.8929,3.2404,,,,
S9,Rockweed,a,9,7.7,20,20240428,RW_T9_54_Light_20240428_O2,Light,,54,0,good,17:21,17:55,648,0.9769,3.6111,,,,
S9,Rockweed,a,9,7.7,20,20240428,RW_T9_B_Light_20240428_O2,Light,,Blank,1,good,17:21,17:55,650,,0,,,,
S11,Rockweed,a,11,7.6,20,20240428,RW_T11_61_Dark_20240428_O2,Dark,,61,0,good,18:21,18:53,648,0.7812,2.5581,,,,
S11,Rockweed,a,11,7.6,20,20240428,RW_T11_62_Dark_20240428_O2,Dark,,62,0,good,18:21,18:53,648,1.0023,2.941,,,,
S11,Rockweed,a,11,7.6,20,20240428,RW_T11_63_Dark_20240428_O2,Dark,,63,0,good,18:21,18:53,646,1.0338,3.2374,,,,
S11,Rockweed,a,11,7.6,20,20240428,RW_T11_64_Dark_20240428_O2,Dark,,64,0,good,18:21,18:53,646,0.8557,3.153,,,,
S11,Rockweed,a,11,7.6,20,20240428,RW_T11_65_Dark_20240428_O2,Dark,,65,0,good,18:21,18:53,646,1.1355,3.1623,,,,
S11,Rockweed,a,11,7.6,20,20240428,RW_T11_66_Dark_20240428_O2,Dark,,66,0,good,18:21,18:53,646,0.1628,2.7303,,,,
S11,Rockweed,a,11,7.6,20,20240428,RW_T11_B_Dark_20240428_O2,Dark,,Blank,1,good,18:21,18:53,650,,0,,,,
S11,Rockweed,a,11,7.6,20,20240428,RW_T11_61_Light_20240428_O2,Light,,61,0,bad,19:14,19:46,648,0.7812,2.5581,,,,
S11,Rockweed,a,11,7.6,20,20240428,RW_T11_62_Light_20240428_O2,Light,,62,0,idk,19:14,19:46,648,1.0023,2.941,,,,
S11,Rockweed,a,11,7.6,20,20240428,RW_T11_63_Light_20240428_O2,Light,,63,0,good,19:14,19:46,646,1.0338,3.2374,,,,
S11,Rockweed,a,11,7.6,20,20240428,RW_T11_64_Light_20240428_O2,Light,,64,0,good,19:14,19:46,646,0.8557,3.153,,,,
S11,Rockweed,a,11,7.6,20,20240428,RW_T11_65_Light_20240428_O2,Light,,65,0,good,19:14,19:46,646,1.1355,3.1623,,,,
S11,Rockweed,a,11,7.6,20,20240428,RW_T11_66_Light_20240428_O2,Light,,66,0,bad,19:14,19:46,646,0.1628,2.7303,,,,
S11,Rockweed,a,11,7.6,20,20240428,RW_T11_B_Light_20240428_O2,Light,,Blank,1,good,19:14,19:46,650,,0,,,,
S13,Rockweed,a,13,8,20,20240428,RW_T13_73_Dark_20240428_O2,Dark,,73,0,good,21:12,21:45,646,1.0033,3.1231,,,,
S13,Rockweed,a,13,8,20,20240428,RW_T13_74_Dark_20240428_O2,Dark,,74,0,good,21:12,21:45,646,0.9764,3.2797,,,,
S13,Rockweed,a,13,8,20,20240428,RW_T13_75_Dark_20240428_O2,Dark,,75,0,good,21:12,21:45,646,1.3728,4.1275,,,,
S13,Rockweed,a,13,8,20,20240428,RW_T13_76_Dark_20240428_O2,Dark,,76,0,good,21:12,21:45,648,0.8863,3.2155,,,,
S13,Rockweed,a,13,8,20,20240428,RW_T13_77_Dark_20240428_O2,Dark,,77,0,good,21:12,21:45,648,1.0014,3.059,,,,
S13,Rockweed,a,13,8,20,20240428,RW_T13_78_Dark_20240428_O2,Dark,,78,0,good,21:12,21:45,648,0.7347,2.6386,,,,
S13,Rockweed,a,13,8,20,20240428,RW_T13_B_Dark_20240428_O2,Dark,,Blank,1,good,21:12,21:45,650,,0,,,,
S13,Rockweed,a,13,8,20,20240428,RW_T13_73_Light_20240428_O2,Light,,73,0,good,22:08,22:40,646,1.0033,3.1231,,,,
S13,Rockweed,a,13,8,20,20240428,RW_T13_74_Light_20240428_O2,Light,,74,0,good,22:08,22:40,646,0.9764,3.2797,,,,
S13,Rockweed,a,13,8,20,20240428,RW_T13_75_Light_20240428_O2,Light,,75,0,good,22:08,22:40,646,1.3728,4.1275,,,,
S13,Rockweed,a,13,8,20,20240428,RW_T13_76_Light_20240428_O2,Light,,76,0,good,22:08,22:40,648,0.8863,3.2155,,,,
S13,Rockweed,a,13,8,20,20240428,RW_T13_77_Light_20240428_O2,Light,,77,0,good,22:08,22:40,648,1.0014,3.059,,,,
S13,Rockweed,a,13,8,20,20240428,RW_T13_78_Light_20240428_O2,Light,,78,0,good,22:08,22:40,648,0.7347,2.6386,,,,
S13,Rockweed,a,13,8,20,20240428,RW_T13_B_Light_20240428_O2,Light,,Blank,1,good,22:08,22:40,650,,0,,,,
S17,Rockweed,a,17,7.8,20,20240428,RW_T17_91_Dark_20240428_O2,Dark,,91,0,good,23:01,23:32,648,0.9071,2.92,,,,
S17,Rockweed,a,17,7.8,20,20240428,RW_T17_92_Dark_20240428_O2,Dark,,92,0,good,23:01,23:32,648,0.9673,3.1998,,,,
S17,Rockweed,a,17,7.8,20,20240428,RW_T17_93_Dark_20240428_O2,Dark,,93,0,good,23:01,23:32,648,1.0477,3.2273,,,,
S17,Rockweed,a,17,7.8,20,20240428,RW_T17_94_Dark_20240428_O2,Dark,,94,0,good,23:01,23:32,648,0.981,2.867,,,,
S17,Rockweed,a,17,7.8,20,20240428,RW_T17_95_Dark_20240428_O2,Dark,,95,0,good,23:01,23:32,646,1.1308,3.2315,,,,
S17,Rockweed,a,17,7.8,20,20240428,RW_T17_96_Dark_20240428_O2,Dark,,96,0,good,23:01,23:32,646,0.9434,3.3786,,,,
S17,Rockweed,a,17,7.8,20,20240428,RW_T17_B_Dark_20240428_O2,Dark,,Blank,1,good,23:01,23:32,650,,0,,,,
S17,Rockweed,a,17,7.8,20,20240428,RW_T17_91_Light_20240428_O2,Light,,91,0,good,23:52,0:24,648,0.9071,2.92,,,,
S17,Rockweed,a,17,7.8,20,20240428,RW_T17_92_Light_20240428_O2,Light,,92,0,good,23:52,0:24,648,0.9673,3.1998,,,,
S17,Rockweed,a,17,7.8,20,20240428,RW_T17_93_Light_20240428_O2,Light,,93,0,good,23:52,0:24,648,1.0477,3.2273,,,,
S17,Rockweed,a,17,7.8,20,20240428,RW_T17_94_Light_20240428_O2,Light,,94,0,good,23:52,0:24,648,0.981,2.867,,,,
S17,Rockweed,a,17,7.8,20,20240428,RW_T17_95_Light_20240428_O2,Light,,95,0,good,23:52,0:24,646,1.1308,3.2315,,,,
S17,Rockweed,a,17,7.8,20,20240428,RW_T17_96_Light_20240428_O2,Light,,96,0,good,23:52,0:24,646,0.9434,3.3786,,,,
S17,Rockweed,a,17,7.8,20,20240428,RW_T17_B_Light_20240428_O2,Light,,Blank,1,good,23:52,0:24,650,,0,,,,
S19,Rockweed,a,19,7.9,20,20240428,RW_T19_103_Dark_20240428_O2,Dark,,103,0,good,0:47,1:20,646,0,4.3715,,,,
S19,Rockweed,a,19,7.9,20,20240428,RW_T19_104_Dark_20240428_O2,Dark,,104,0,good,0:47,1:20,646,0,2.93,,,,
S19,Rockweed,a,19,7.9,20,20240428,RW_T19_105_Dark_20240428_O2,Dark,,105,0,good,0:47,1:20,646,0,3.5433,,,,
S19,Rockweed,a,19,7.9,20,20240428,RW_T19_106_Dark_20240428_O2,Dark,,106,0,good,0:47,1:20,646,0,3.8225,,,,
S19,Rockweed,a,19,7.9,20,20240428,RW_T19_107_Dark_20240428_O2,Dark,,107,0,good,0:47,1:20,646,0,3.218,,,,
S19,Rockweed,a,19,7.9,20,20240428,RW_T19_108_Dark_20240428_O2,Dark,,108,0,good,0:47,1:20,648,0,3.5755,,,,
S19,Rockweed,a,19,7.9,20,20240428,RW_T19_B_Dark_20240428_O2,Dark,,Blank,1,good,0:47,1:20,650,,0,,,,
S19,Rockweed,a,19,7.9,20,20240428,RW_T19_103_Light_20240428_O2,Light,,103,0,good,1:37,2:09,646,0,4.3715,,,,
S19,Rockweed,a,19,7.9,20,20240428,RW_T19_104_Light_20240428_O2,Light,,104,0,good,1:37,2:09,646,0,2.93,,,,
S19,Rockweed,a,19,7.9,20,20240428,RW_T19_105_Light_20240428_O2,Light,,105,0,good,1:37,2:09,646,0,3.5433,,,,
S19,Rockweed,a,19,7.9,20,20240428,RW_T19_106_Light_20240428_O2,Light,,106,0,good,1:37,2:09,646,0,3.8225,,,,
S19,Rockweed,a,19,7.9,20,20240428,RW_T19_107_Light_20240428_O2,Light,,107,0,good,1:37,2:09,646,0,3.218,,,,
S19,Rockweed,a,19,7.9,20,20240428,RW_T19_108_Light_20240428_O2,Light,,108,0,idk,1:37,2:09,648,0,3.5755,,,,
S19,Rockweed,a,19,7.9,20,20240428,RW_T19_B_Light_20240428_O2,Light,,Blank,1,good,1:37,2:09,650,,0,,,,
S8,Rockweed,a,8,7.4,16,20240429,RW_T8_43_Dark_20240429_O2,Dark,,43,0,good,10:03,10:35,648,0.9313,2.4044,,,,
S8,Rockweed,a,8,7.4,16,20240429,RW_T8_44_Dark_20240429_O2,Dark,,44,0,good,10:03,10:35,648,0.7859,2.4338,,,,
S8,Rockweed,a,8,7.4,16,20240429,RW_T8_45_Dark_20240429_O2,Dark,,45,0,good,10:03,10:35,646,0.9456,2.8227,,,,
S8,Rockweed,a,8,7.4,16,20240429,RW_T8_46_Dark_20240429_O2,Dark,,46,0,good,10:03,10:35,648,1.1597,2.9006,,,,
S8,Rockweed,a,8,7.4,16,20240429,RW_T8_47_Dark_20240429_O2,Dark,,47,0,good,10:03,10:35,648,1.2397,2.8739,,,,
S8,Rockweed,a,8,7.4,16,20240429,RW_T8_48_Dark_20240429_O2,Dark,,48,0,good,10:03,10:35,648,1.0831,2.4331,,,,
S8,Rockweed,a,8,7.4,16,20240429,RW_T8_B_Dark_20240429_O2,Dark,,Blank,1,good,10:03,10:35,650,,0,,,,
S8,Rockweed,a,8,7.4,16,20240429,RW_T8_43_Light_20240429_O2,Light,,43,0,good,10:58,11:29,648,0.9313,2.4044,,,,
S8,Rockweed,a,8,7.4,16,20240430,RW_T8_44_Light_20240430_O2,Light,,44,0,good,4:08,4:39,648,0.7859,2.4338,,,,
S8,Rockweed,a,8,7.4,16,20240430,RW_T8_B_Light_20240430_O2,Light,,Blank,1,good,4:08,4:39,650,,0,,,,
S8,Rockweed,a,8,7.4,16,20240429,RW_T8_45_Light_20240429_O2,Light,,45,0,good,10:58,11:29,646,0.9456,2.8227,,,,
S8,Rockweed,a,8,7.4,16,20240429,RW_T8_46_Light_20240429_O2,Light,,46,0,good,10:58,11:29,648,1.1597,2.9006,,,,
S8,Rockweed,a,8,7.4,16,20240429,RW_T8_47_Light_20240429_O2,Light,,47,0,good,10:58,11:29,648,1.2397,2.8739,,,,
S8,Rockweed,a,8,7.4,16,20240429,RW_T8_48_Light_20240429_O2,Light,,48,0,good,10:58,11:29,648,1.0831,2.4331,,,,
S8,Rockweed,a,8,7.4,16,20240429,RW_T8_B_Light_20240429_O2,Light,,Blank,1,good,10:58,11:29,650,,0,,,,
S18,Rockweed,a,18,8,16,20240429,RW_T18_97_Dark_20240429_O2,Dark,,97,0,good,12:46,13:18,648,0.8097,2.6123,,,,
S18,Rockweed,a,18,8,16,20240429,RW_T18_98_Dark_20240429_O2,Dark,,98,0,good,12:46,13:18,648,0.9123,2.7263,,,,
S18,Rockweed,a,18,8,16,20240429,RW_T18_99_Dark_20240429_O2,Dark,,99,0,good,12:46,13:18,646,0.9821,3.1062,,,,
S18,Rockweed,a,18,8,16,20240429,RW_T18_100_Dark_20240429_O2,Dark,,100,0,good,12:46,13:18,648,0.8466,2.9928,,,,
S18,Rockweed,a,18,8,16,20240429,RW_T18_101_Dark_20240429_O2,Dark,,101,0,good,12:46,13:18,648,1.2779,3.8461,,,,
S18,Rockweed,a,18,8,16,20240429,RW_T18_102_Dark_20240429_O2,Dark,,102,0,good,12:46,13:18,648,0.8044,2.9943,,,,
S18,Rockweed,a,18,8,16,20240429,RW_T18_B_Dark_20240429_O2,Dark,,Blank,1,good,12:46,13:18,650,,0,,,,
S18,Rockweed,a,18,8,16,20240429,RW_T18_97_Light_20240429_O2,Light,,97,0,good,13:43,14:15,648,0.8097,2.6123,,,,
S18,Rockweed,a,18,8,16,20240429,RW_T18_98_Light_20240429_O2,Light,,98,0,good,13:43,14:15,648,0.9123,2.7263,,,,
S18,Rockweed,a,18,8,16,20240429,RW_T18_99_Light_20240429_O2,Light,,99,0,good,13:43,14:15,646,0.9821,3.1062,,,,
S18,Rockweed,a,18,8,16,20240429,RW_T18_100_Light_20240429_O2,Light,,100,0,good,13:43,14:15,648,0.8466,2.9928,,,,
S18,Rockweed,a,18,8,16,20240429,RW_T18_101_Light_20240429_O2,Light,,101,0,good,13:43,14:15,648,1.2779,3.8461,,,,
S18,Rockweed,a,18,8,16,20240429,RW_T18_102_Light_20240429_O2,Light,,102,0,good,13:43,14:15,648,0.8044,2.9943,,,,
S18,Rockweed,a,18,8,16,20240429,RW_T18_B_Light_20240429_O2,Light,,Blank,1,good,13:43,14:15,650,,0,,,,
S3,Rockweed,a,3,7.7,16,20240429,RW_T3_13_Dark_20240429_O2,Dark,,13,0,good,14:44,15:17,648,0.6442,2.406,,,,
S3,Rockweed,a,3,7.7,16,20240429,RW_T3_14_Dark_20240429_O2,Dark,,14,0,good,14:44,15:17,646,0.8909,2.8902,,,,
S3,Rockweed,a,3,7.7,16,20240429,RW_T3_15_Dark_20240429_O2,Dark,,15,0,good,14:44,15:17,648,0.8411,2.6644,,,,
S3,Rockweed,a,3,7.7,16,20240429,RW_T3_16_Dark_20240429_O2,Dark,,16,0,good,14:44,15:17,648,0.7564,2.7143,,,,
S3,Rockweed,a,3,7.7,16,20240429,RW_T3_17_Dark_20240429_O2,Dark,,17,0,good,14:44,15:17,648,0.7256,2.5992,,,,
S3,Rockweed,a,3,7.7,16,20240429,RW_T3_18_Dark_20240429_O2,Dark,,18,0,good,14:44,15:17,646,0.581,2.3613,,,,
S3,Rockweed,a,3,7.7,16,20240429,RW_T3_B_Dark_20240429_O2,Dark,,Blank,1,good,14:44,15:17,650,,0,,,,
S3,Rockweed,a,3,7.7,16,20240429,RW_T3_13_Light_20240429_O2,Light,,13,0,good,15:39,16:10,648,0.6442,2.406,,,,
S3,Rockweed,a,3,7.7,16,20240429,RW_T3_14_Light_20240429_O2,Light,,14,0,good,15:39,16:10,646,0.8909,2.8902,,,,
S3,Rockweed,a,3,7.7,16,20240429,RW_T3_15_Light_20240429_O2,Light,,15,0,good,15:39,16:10,648,0.8411,2.6644,,,,
S3,Rockweed,a,3,7.7,16,20240429,RW_T3_16_Light_20240429_O2,Light,,16,0,good,15:39,16:10,648,0.7564,2.7143,,,,
S3,Rockweed,a,3,7.7,16,20240429,RW_T3_17_Light_20240429_O2,Light,,17,0,good,15:39,16:10,648,0.7256,2.5992,,,,
S3,Rockweed,a,3,7.7,16,20240429,RW_T3_18_Light_20240429_O2,Light,,18,0,good,15:39,16:10,646,0.581,2.3613,,,,
S3,Rockweed,a,3,7.7,16,20240429,RW_T3_B_Light_20240429_O2,Light,,Blank,1,good,15:39,16:10,650,,0,,,,
S6,Rockweed,a,6,7.3,16,20240429,RW_T6_31_Dark_20240429_O2,Dark,,31,0,good,16:43,17:15,648,1.0164,2.7825,,,,
S6,Rockweed,a,6,7.3,16,20240429,RW_T6_32_Dark_20240429_O2,Dark,,32,0,good,16:43,17:15,648,1.1611,2.9823,,,,
S6,Rockweed,a,6,7.3,16,20240429,RW_T6_33_Dark_20240429_O2,Dark,,33,0,good,16:43,17:15,648,0.7027,2.4774,,,,
S6,Rockweed,a,6,7.3,16,20240429,RW_T6_34_Dark_20240429_O2,Dark,,34,0,good,16:43,17:15,648,0.9042,2.4587,,,,
S6,Rockweed,a,6,7.3,16,20240429,RW_T6_35_Dark_20240429_O2,Dark,,35,0,good,16:43,17:15,646,0.8307,2.8219,,,,
S6,Rockweed,a,6,7.3,16,20240429,RW_T6_36_Dark_20240429_O2,Dark,,36,0,good,16:43,17:15,648,0.7712,2.5357,,,,
S6,Rockweed,a,6,7.3,16,20240429,RW_T6_B_Dark_20240429_O2,Dark,,Blank,1,good,16:43,17:15,650,,0,,,,
S6,Rockweed,a,6,7.3,16,20240429,RW_T6_31_Light_20240429_O2,Light,,31,0,good,17:30,18:05,648,1.0164,2.7825,,,,
S6,Rockweed,a,6,7.3,16,20240429,RW_T6_32_Light_20240429_O2,Light,,32,0,good,17:30,18:05,648,1.1611,2.9823,,,,
S6,Rockweed,a,6,7.3,16,20240429,RW_T6_33_Light_20240429_O2,Light,,33,0,good,17:30,18:05,648,0.7027,2.4774,,,,
S6,Rockweed,a,6,7.3,16,20240429,RW_T6_34_Light_20240429_O2,Light,,34,0,good,17:30,18:05,648,0.9042,2.4587,,,,
S6,Rockweed,a,6,7.3,16,20240429,RW_T6_35_Light_20240429_O2,Light,,35,0,good,17:30,18:05,646,0.8307,2.8219,,,,
S6,Rockweed,a,6,7.3,16,20240429,RW_T6_36_Light_20240429_O2,Light,,36,0,good,17:30,18:05,648,0.7712,2.5357,,,,
S6,Rockweed,a,6,7.3,16,20240429,RW_T6_B_Light_20240429_O2,Light,,Blank,1,good,17:30,18:05,650,,0,,,,
S14,Rockweed,a,14,7.8,16,20240429,RW_T14_79_Dark_20240429_O2,Dark,,79,0,good,19:15,19:47,646,1.0593,3.3104,,,,
S14,Rockweed,a,14,7.8,16,20240429,RW_T14_80_Dark_20240429_O2,Dark,,80,0,good,19:15,19:47,648,1.0042,3.3033,,,,
S14,Rockweed,a,14,7.8,16,20240429,RW_T14_81_Dark_20240429_O2,Dark,,81,0,bad,19:15,19:47,646,1.1536,3.5405,,,,
S14,Rockweed,a,14,7.8,16,20240429,RW_T14_82_Dark_20240429_O2,Dark,,82,0,good,19:15,19:47,646,0.771,2.7971,,,,
S14,Rockweed,a,14,7.8,16,20240429,RW_T14_83_Dark_20240429_O2,Dark,,83,0,good,19:15,19:47,646,1.2381,4.0425,,,,
S14,Rockweed,a,14,7.8,16,20240429,RW_T14_84_Dark_20240429_O2,Dark,,84,0,good,19:15,19:47,646,1.337,3.674,,,,
S14,Rockweed,a,14,7.8,16,20240429,RW_T14_B_Dark_20240429_O2,Dark,,Blank,1,good,19:15,19:47,650,,0,,,,
S14,Rockweed,a,14,7.8,16,20240429,RW_T14_79_Light_20240429_O2,Light,,79,0,good,20:07,20:38,646,1.0593,3.3104,,,,
S14,Rockweed,a,14,7.8,16,20240429,RW_T14_80_Light_20240429_O2,Light,,80,0,good,20:07,20:38,648,1.0042,3.3033,,,,
S14,Rockweed,a,14,7.8,16,20240429,RW_T14_81_Light_20240429_O2,Light,,81,0,good,20:07,20:38,646,1.1536,3.5405,,,,
S14,Rockweed,a,14,7.8,16,20240429,RW_T14_82_Light_20240429_O2,Light,,82,0,good,20:07,20:38,646,0.771,2.7971,,,,
S14,Rockweed,a,14,7.8,16,20240429,RW_T14_83_Light_20240429_O2,Light,,83,0,good,20:07,20:38,646,1.2381,4.0425,,,,
S14,Rockweed,a,14,7.8,16,20240429,RW_T14_84_Light_20240429_O2,Light,,84,0,good,20:07,20:38,646,1.337,3.674,,,,
S14,Rockweed,a,14,7.8,16,20240429,RW_T14_B_Light_20240429_O2,Light,,Blank,1,good,20:07,20:38,650,,0,,,,
S7,Rockweed,a,7,7.6,16,20240429,RW_T7_37_Dark_20240429_O2,Dark,,37,0,good,21:01,21:31,646,1.0398,3.4157,,,,
S7,Rockweed,a,7,7.6,16,20240429,RW_T7_38_Dark_20240429_O2,Dark,,38,0,good,21:01,21:31,648,1.2317,2.974,,,,
S7,Rockweed,a,7,7.6,16,20240429,RW_T7_39_Dark_20240429_O2,Dark,,39,0,good,21:01,21:31,648,0.7801,2.7823,,,,
S7,Rockweed,a,7,7.6,16,20240429,RW_T7_40_Dark_20240429_O2,Dark,,40,0,good,21:01,21:31,648,1.0827,3.2179,,,,
S7,Rockweed,a,7,7.6,16,20240429,RW_T7_41_Dark_20240429_O2,Dark,,41,0,good,21:01,21:31,648,0.9648,3.1852,,,,
S7,Rockweed,a,7,7.6,16,20240429,RW_T7_42_Dark_20240429_O2,Dark,,42,0,good,21:01,21:31,646,1.003,2.804,,,,
S7,Rockweed,a,7,7.6,16,20240429,RW_T7_B_Dark_20240429_O2,Dark,,Blank,1,good,21:01,21:31,650,#N/A,0,,,,
S7,Rockweed,a,7,7.6,16,20240429,RW_T7_37_Light_20240429_O2,Light,,37,0,good,21:59,22:31,646,1.0398,3.4157,,,,
S7,Rockweed,a,7,7.6,16,20240429,RW_T7_38_Light_20240429_O2,Light,,38,0,good,21:59,22:31,648,1.2317,2.974,,,,
S7,Rockweed,a,7,7.6,16,20240429,RW_T7_39_Light_20240429_O2,Light,,39,0,good,21:59,22:31,648,0.7801,2.7823,,,,
S7,Rockweed,a,7,7.6,16,20240429,RW_T7_40_Light_20240429_O2,Light,,40,0,good,21:59,22:31,648,1.0827,3.2179,,,,
S7,Rockweed,a,7,7.6,16,20240429,RW_T7_41_Light_20240429_O2,Light,,41,0,good,21:59,22:31,648,0.9648,3.1852,,,,
S7,Rockweed,a,7,7.6,16,20240429,RW_T7_42_Light_20240429_O2,Light,,42,0,good,21:59,22:31,646,1.003,2.804,,,,
S7,Rockweed,a,7,7.6,16,20240429,RW_T7_B_Light_20240429_O2,Light,,Blank,1,good,21:59,22:31,650,,0,,,,
S10,Rockweed,a,10,7.5,16,20240429,RW_T10_55_Dark_20240429_O2,Dark,,55,0,good,22:53,23:24,646,1.1746,3.3636,,,,
S10,Rockweed,a,10,7.5,16,20240429,RW_T10_56_Dark_20240429_O2,Dark,,56,0,good,22:53,23:24,646,1.0933,3.2903,,,,
S10,Rockweed,a,10,7.5,16,20240429,RW_T10_57_Dark_20240429_O2,Dark,,57,0,good,22:53,23:24,648,0.7648,2.3609,,,,
S10,Rockweed,a,10,7.5,16,20240429,RW_T10_58_Dark_20240429_O2,Dark,,58,0,good,22:53,23:24,648,0.7386,2.6948,,,,
S10,Rockweed,a,10,7.5,16,20240429,RW_T10_59_Dark_20240429_O2,Dark,,59,0,good,22:53,23:24,648,0.8363,2.4682,,,,
S10,Rockweed,a,10,7.5,16,20240429,RW_T10_60_Dark_20240429_O2,Dark,,60,0,good,22:53,23:24,648,0.6917,2.1461,,,,
S10,Rockweed,a,10,7.5,16,20240429,RW_T10_B_Dark_20240429_O2,Dark,,Blank,1,good,22:53,23:24,650,,0,,,,
S10,Rockweed,a,10,7.5,16,20240430,RW_T10_55_Light_20240429_O2,Light,,55,0,good,23:43,0:15,646,1.1746,3.3636,,,,
S10,Rockweed,a,10,7.5,16,20240430,RW_T10_56_Light_20240429_O2,Light,,56,0,good,23:43,0:15,646,1.0933,3.2903,,,,
S10,Rockweed,a,10,7.5,16,20240430,RW_T10_57_Light_20240429_O2,Light,,57,0,good,23:43,0:15,648,0.7648,2.3609,,,,
S10,Rockweed,a,10,7.5,16,20240430,RW_T10_58_Light_20240429_O2,Light,,58,0,good,23:43,0:15,648,0.7386,2.6948,,,,
S10,Rockweed,a,10,7.5,16,20240430,RW_T10_59_Light_20240429_O2,Light,,59,0,good,23:43,0:15,648,0.8363,2.4682,,,,
S10,Rockweed,a,10,7.5,16,20240430,RW_T10_60_Light_20240429_O2,Light,,60,0,good,23:43,0:15,648,0.6917,2.1461,,,,
S10,Rockweed,a,10,7.5,16,20240430,RW_T10_B_Light_20240429_O2,Light,,Blank,1,good,23:43,0:15,650,#N/A,0,,,,
S12,Rockweed,a,12,7.2,16,20240430,RW_T12_67_Dark_20240429_O2,Dark,,67,0,good,0:46,1:17,646,0.8725,3.2255,,,,
S12,Rockweed,a,12,7.2,16,20240430,RW_T12_68_Dark_20240429_O2,Dark,,68,0,good,0:46,1:17,648,0.9923,3.2647,,,,
S12,Rockweed,a,12,7.2,16,20240430,RW_T12_69_Dark_20240429_O2,Dark,,69,0,good,0:46,1:17,646,0.8608,2.8302,,,,
S12,Rockweed,a,12,7.2,16,20240430,RW_T12_70_Dark_20240429_O2,Dark,,70,0,good,0:46,1:17,648,0.7597,2.6975,,,,
S12,Rockweed,a,12,7.2,16,20240430,RW_T12_71_Dark_20240429_O2,Dark,,71,0,good,0:46,1:17,648,1.0943,3.551,,,,
S12,Rockweed,a,12,7.2,16,20240430,RW_T12_72_Dark_20240429_O2,Dark,,72,0,good,0:46,1:17,648,0.4931,1.6463,,,,
S12,Rockweed,a,12,7.2,16,20240430,RW_T12_B_Dark_20240429_O2,Dark,,Blank,1,good,0:46,1:17,650,,0,,,,
S12,Rockweed,a,12,7.2,16,20240430,RW_T12_67_Light_20240429_O2,Light,,67,0,good,1:34,2:05,646,0.8725,3.2255,,,,
S12,Rockweed,a,12,7.2,16,20240430,RW_T12_68_Light_20240429_O2,Light,,68,0,good,1:34,2:05,648,0.9923,3.2647,,,,
S12,Rockweed,a,12,7.2,16,20240430,RW_T12_69_Light_20240429_O2,Light,,69,0,good,1:34,2:05,646,0.8608,2.8302,,,,
S12,Rockweed,a,12,7.2,16,20240430,RW_T12_70_Light_20240429_O2,Light,,70,0,good,1:34,2:05,648,0.7597,2.6975,,,,
S12,Rockweed,a,12,7.2,16,20240430,RW_T12_71_Light_20240429_O2,Light,,71,0,good,1:34,2:05,648,1.0943,3.551,,,,
S12,Rockweed,a,12,7.2,16,20240430,RW_T12_72_Light_20240429_O2,Light,,72,0,good,1:34,2:05,648,0.4931,1.6463,,,,
S12,Rockweed,a,12,7.2,16,20240430,RW_T12_B_Light_20240429_O2,Light,,Blank,1,good,1:34,2:05,650,,0,,,,
S15,Rockweed,a,15,7.9,16,20240430,RW_T15_85_Dark_20240429_O2,Dark,,85,0,good,2:29,3:01,648,1.0699,3.434,,,,
S15,Rockweed,a,15,7.9,16,20240430,RW_T15_86_Dark_20240429_O2,Dark,,86,0,good,2:29,3:01,646,1.2735,4.3511,,,,
S15,Rockweed,a,15,7.9,16,20240430,RW_T15_87_Dark_20240429_O2,Dark,,87,0,good,2:29,3:01,648,0.9813,3.6467,,,,
S15,Rockweed,a,15,7.9,16,20240430,RW_T15_88_Dark_20240429_O2,Dark,,88,0,good,2:29,3:01,648,0.6538,2.1995,,,,
S15,Rockweed,a,15,7.9,16,20240430,RW_T15_89_Dark_20240429_O2,Dark,,89,0,good,2:29,3:01,648,1.0659,3.6195,,,,
S15,Rockweed,a,15,7.9,16,20240430,RW_T15_90_Dark_20240429_O2,Dark,,90,0,good,2:29,3:01,646,1.1887,4.0075,,,,
S15,Rockweed,a,15,7.9,16,20240430,RW_T15_B_Dark_20240429_O2,Dark,,Blank,1,good,2:29,3:01,650,,0,,,,
S15,Rockweed,a,15,7.9,16,20240430,RW_T15_85_Light_20240429_O2,Light,,85,0,good,3:21,3:55,648,1.0699,3.434,,,,
S15,Rockweed,a,15,7.9,16,20240430,RW_T15_86_Light_20240429_O2,Light,,86,0,good,3:21,3:55,646,1.2735,4.3511,,,,
S15,Rockweed,a,15,7.9,16,20240430,RW_T15_87_Light_20240429_O2,Light,,87,0,good,3:21,3:55,648,0.9813,3.6467,,,,
S15,Rockweed,a,15,7.9,16,20240430,RW_T15_88_Light_20240429_O2,Light,,88,0,good,3:21,3:55,648,0.6538,2.1995,,,,
S15,Rockweed,a,15,7.9,16,20240430,RW_T15_89_Light_20240429_O2,Light,,89,0,good,3:21,3:55,648,1.0659,3.6195,,,,
S15,Rockweed,a,15,7.9,16,20240430,RW_T15_90_Light_20240429_O2,Light,,90,0,good,3:21,3:55,646,1.1887,4.0075,,,,
S15,Rockweed,a,15,7.9,16,20240430,RW_T15_B_Light_20240429_O2,Light,,Blank,1,good,3:21,3:55,650,,0,,,,
S38,Tegula,a,8,7.4,16,20240430,TEG_T8_25_20240430_O2,Dark,,25,0,good,19:50,20:25,121.5,0.0294,1.681,6:27,8:35,1.3324,1.6302
S38,Tegula,a,8,7.4,16,20240430,TEG_T8_43_20240430_O2,Dark,,43,0,good,19:50,20:25,121,0.0496,2.3822,6:28,8:29,1.8894,2.3296
S38,Tegula,a,8,7.4,16,20240430,TEG_T8_13_20240430_O2,Dark,,13,0,good,19:50,20:25,120.5,0.0553,2.8554,6:29,8:33,2.3005,2.8059
S38,Tegula,a,8,7.4,16,20240430,TEG_T8_B_20240430_O2,Dark,,Blank,1,good,19:50,20:25,122,,,,,,#N/A
S39,Tegula,a,18,8,16,20240430,TEG_T18_37_20240430_O2,Dark,,37,0,good,19:50,20:25,121,0.052,2.022,6:35,8:39,1.5828,1.9798
S39,Tegula,a,18,8,16,20240430,TEG_T18_08_20240430_O2,Dark,,8,0,good,19:50,20:25,120,0.0391,2.1306,6:37,8:30,1.6984,2.0516
S39,Tegula,a,18,8,16,20240430,TEG_T18_11_20240430_O2,Dark,,11,0,good,19:50,20:25,120.5,0.0461,2.1805,6:38,8:35,1.7291,2.1692
S39,Tegula,a,18,8,16,20240430,TEG_T18_B_20240430_O2,Dark,,Blank,1,good,19:50,20:25,122,,,,,,
S40,Tegula,a,3,7.7,16,20240430,TEG_T3_02_20240430_O2,Dark,,2,0,good,21:15,22:18,114.5,0.0558,2.5047,8:43,10:20,1.9691,2.4469
S40,Tegula,a,3,7.7,16,20240430,TEG_T3_61_20240430_O2,Dark,,61,0,good,21:15,22:18,115,0.0446,1.0905,8:44,10:21,1.4683,1.8788
S40,Tegula,a,3,7.7,16,20240430,TEG_T3_71_20240430_O2,Dark,,71,0,good,21:15,22:18,115,0.0553,2.2174,8:45,10:20,1.7132,2.1278
S40,Tegula,a,3,7.7,16,20240430,TEG_T3_B_20240430_O2,Dark,,Blank,1,good,21:15,22:18,116,,,,,,
S41,Tegula,a,6,7.3,16,20240430,TEG_T6_30_20240430_O2,Dark,,30,0,good,21:15,22:18,115,0.0498,2.2574,8:48,10:23,1.7508,2.1803
S41,Tegula,a,6,7.3,16,20240430,TEG_T6_73_20240430_O2,Dark,,73,0,good,21:15,22:18,115,0.0422,2.1169,8:48,10:22,1.6204,2.0635
S41,Tegula,a,6,7.3,16,20240430,TEG_T6_B_20240430_O2,Dark,,Blank,1,good,21:15,22:18,116,,,,,,
S41,Tegula,a,6,7.3,16,20240501,TEG_T6_07_20240501_O2,Dark,,7,0,good,2:15,3:17,115,0.035,1.9467,2:05,3:25,1.4994,1.8421
S41,Tegula,a,6,7.3,16,20240501,TEG_T6_B_20240501_O2,Dark,,Blank,1,good,2:15,3:17,116,,,,,,
S42,Tegula,a,7,7.6,16,20240501,TEG_T7_06_20240430_O2,Dark,,6,0,good,23:00,0:03,115,0.045,2.4597,22:35,0:05,1.9391,2.435
S42,Tegula,a,7,7.6,16,20240501,TEG_T7_14_20240430_O2,Dark,,14,0,good,23:00,0:03,115,0.0457,2.062,22:37,0:07,1.6172,2.0042
S42,Tegula,a,7,7.6,16,20240501,TEG_T7_42_20240430_O2,Dark,,42,0,good,23:00,0:03,115,0.0454,1.9351,22:36,0:10,1.5432,1.9122
S42,Tegula,a,7,7.6,16,20240501,TEG_T7_B_20240430_O2,Dark,,Blank,1,good,23:00,0:03,116,,,,,,
S43,Tegula,a,14,7.8,16,20240501,TEG_T14_10_20240430_O2,Dark,,10,0,good,23:00,0:03,115,0.0336,1.7621,22:40,0:15,1.4045,1.6945
S43,Tegula,a,14,7.8,16,20240501,TEG_T14_66_20240430_O2,Dark,,66,0,idk,23:00,0:03,114.5,0.0457,2.1565,22:44,0:17,1.6868,2.0865
S43,Tegula,a,14,7.8,16,20240501,TEG_T14_72_20240430_O2,Dark,,72,0,good,23:00,0:03,115,0.0342,1.7517,22:43,0:08,1.3966,1.7226
S43,Tegula,a,14,7.8,16,20240501,TEG_T14_B_20240430_O2,Dark,,Blank,1,good,23:00,0:03,116,,,,,,
S44,Tegula,a,10,7.5,16,20240501,TEG_T10_28_20240430_O2,Dark,,28,0,good,0:44,1:48,115,0.0425,2.09,0:18,1:50,1.5975,1.9808
S44,Tegula,a,10,7.5,16,20240501,TEG_T10_47_20240430_O2,Dark,,47,0,good,0:44,1:48,115,0.0501,2.5555,0:17,1:52,2.0403,2.5108
S44,Tegula,a,10,7.5,16,20240501,TEG_T10_51_20240430_O2,Dark,,51,0,good,0:44,1:48,115,0.0315,1.8786,0:20,1:58,1.5074,1.8016
S44,Tegula,a,10,7.5,16,20240501,TEG_T10_B_2024030_O2,Dark,,Blank,1,good,0:44,1:48,116,,,,,,
S45,Tegula,a,12,7.2,16,20240501,TEG_T12_01_20240430_O2,Dark,,1,0,good,0:44,1:48,114.5,0.1343,2.6701,0:23,1:56,2.0615,2.6567
S45,Tegula,a,12,7.2,16,20240501,TEG_T12_60_20240430_O2,Dark,,60,0,good,0:44,1:48,114.5,0.0357,2.146,0:25,1:55,1.7513,2.1022
S45,Tegula,a,12,7.2,16,20240501,TEG_T12_75_20240430_O2,Dark,,75,0,good,0:44,1:48,115,0.0324,1.6288,0:26,1:51,1.2918,1.5974
S45,Tegula,a,12,7.2,16,20240501,TEG_T12_B_20240430_O2,Dark,,Blank,1,good,0:44,1:48,116,,,,,,
S46,Tegula,a,15,7.9,16,20240501,TEG_T15_09_20240430_O2,Dark,,9,0,good,2:15,3:17,113,0.1476,3.109,2:00,3:20,2.2356,2.9156
S46,Tegula,a,15,7.9,16,20240501,TEG_T15_32_20240430_O2,Dark,,32,0,good,2:15,3:17,115,0.042,1.7413,2:03,3:21,1.3526,1.6695
S46,Tegula,a,15,7.9,16,20240501,TEG_T15_74_20240430_O2,Dark,,74,0,good,2:15,3:17,115,0.052,1.8394,2:01,3:23,1.3732,1.6936
S46,Tegula,a,15,7.9,16,20240501,TEG_T15_B_20240430_O2,Dark,,Blank,1,good,2:15,3:17,116,,,,,,
S48,Tegula,a,1,7.2,20,20240501,TEG_T1_56_20240430_O2,Dark,,56,0,good,12:58,13:59,115,0.0695,2.1513,12:30,14:01,1.7045,2.1184
S48,Tegula,a,1,7.2,20,20240501,TEG_T1_64_20240430_O2,Dark,,64,0,good,12:58,13:59,115,0.0488,2.6523,12:32,14:05,2.1261,2.6371
S48,Tegula,a,1,7.2,20,20240501,TEG_T1_69_20240430_O2,Dark,,69,0,good,12:58,13:59,115,0.0329,1.6639,12:33,14:06,1.2962,1.6524
S48,Tegula,a,1,7.2,20,20240501,TEG_T1_B_20240430_O2,Dark,,Blank,1,good,12:58,13:59,116,,,,,,
S49,Tegula,a,2,7.4,20,20240501,TEG_T2_26_20240430_O2,Dark,,26,0,good,12:58,13:59,115,0.0487,2.0852,12:38,14:03,1.678,2.0996
S49,Tegula,a,2,7.4,20,20240501,TEG_T2_27_20240430_O2,Dark,,27,0,good,12:58,13:59,115,0.0469,2.3067,12:40,14:10,1.7579,2.2293
S49,Tegula,a,2,7.4,20,20240501,TEG_T2_67_20240430_O2,Dark,,67,0,good,12:58,13:59,115,0.0993,2.2638,12:39,14:02,1.7865,2.2847
S49,Tegula,a,2,7.4,20,20240501,TEG_T2_B_20240430_O2,Dark,,Blank,1,good,12:58,13:59,116,,,,,,
S50,Tegula,a,4,7.3,20,20240501,TEG_T4_19_20240430_O2,Dark,,19,0,good,14:37,15:38,115,0.0428,2.3462,14:15,15:40,1.9008,2.2341
S50,Tegula,a,4,7.3,20,20240501,TEG_T4_20_20240430_O2,Dark,,20,0,good,14:37,15:38,114.5,0.0592,2.6092,14:16,15:41,2.07,2.4716
S50,Tegula,a,4,7.3,20,20240501,TEG_T4_62_20240430_O2,Dark,,62,0,good,14:37,15:38,115,0.0469,2.3512,14:17,15:42,1.8771,2.2856
S50,Tegula,a,4,7.3,20,20240501,TEG_T4_B_20240430_O2,Dark,,Blank,1,good,14:37,15:38,116,,,,,,
S51,Tegula,a,19,7.9,20,20240501,TEG_T19_05_20240430_O2,Dark,,5,0,good,14:37,15:38,115,0.0995,1.8612,14:19,15:43,1.4144,1.7981
S51,Tegula,a,19,7.9,20,20240501,TEG_T19_17_20240430_O2,Dark,,17,0,good,14:37,15:38,114.5,0.0652,2.5809,14:20,15:42,2.0528,2.4991
S51,Tegula,a,19,7.9,20,20240501,TEG_T19_18_20240430_O2,Dark,,18,0,good,14:37,15:38,115,0.103,2.2872,14:22,15:40,1.7731,2.2347
S51,Tegula,a,19,7.9,20,20240501,TEG_T19_B_20240430_O2,Dark,,Blank,1,good,14:37,15:38,116,,,,,,
S52,Tegula,a,13,8,20,20240501,TEG_T13_03_20240430_O2,Dark,,3,0,good,16:23,17:24,115,0.0497,2.3898,16:00,17:27,1.9494,2.3647
S52,Tegula,a,13,8,20,20240501,TEG_T13_15_20240430_O2,Dark,,15,0,good,16:23,17:24,115,0.0348,1.7951,16:02,17:30,1.4442,1.7533
S52,Tegula,a,13,8,20,20240501,TEG_T13_59_20240430_O2,Dark,,59,0,good,16:23,17:24,115,0.051,2.2136,16:05,17:31,1.8067,2.1855
S52,Tegula,a,13,8,20,20240501,TEG_T13_B_20240430_O2,Dark,,Blank,1,good,16:23,17:24,116,,,,,,
S53,Tegula,a,5,7.5,20,20240501,TEG_T5_23_20240430_O2,Dark,,23,0,good,16:23,17:24,115,0.0527,2.5027,16:10,17:35,2.0271,2.4621
S53,Tegula,a,5,7.5,20,20240501,TEG_T5_34_20240430_O2,Dark,,34,0,good,16:23,17:24,115,0.0458,2.0595,16:12,17:29,1.6038,2.0361
S53,Tegula,a,5,7.5,20,20240501,TEG_T5_68_20240430_O2,Dark,,68,0,good,16:23,17:24,115,0.035,2.0338,16:14,17:30,1.6408,2.0312
S53,Tegula,a,5,7.5,20,20240501,TEG_T5_B_20240430_O2,Dark,,Blank,1,good,16:23,17:24,116,,,,,,
S54,Tegula,a,9,7.7,20,20240501,TEG_T9_44_20240430_O2,Dark,,44,0,good,18:02,19:15,115,0.0354,1.8191,17:50,19:17,1.4658,1.7927
S54,Tegula,a,9,7.7,20,20240501,TEG_T9_53_20240430_O2,Dark,,53,0,good,18:02,19:15,114.5,0.1164,2.5698,17:52,19:20,2.0045,2.5397
S54,Tegula,a,9,7.7,20,20240501,TEG_T9_63_20240430_O2,Dark,,63,0,good,18:02,19:15,115,0.0349,1.6733,17:54,19:18,1.3541,1.6128
S54,Tegula,a,9,7.7,20,20240501,TEG_T9_B_20240430_O2,Dark,,Blank,1,good,18:02,19:15,116,,,,,,
S55,Tegula,a,17,7.8,20,20240501,TEG_T17_22_20240430_O2,Dark,,22,0,good,18:02,19:15,115,0.0488,2.3002,17:45,19:19,1.8711,2.2169
S55,Tegula,a,17,7.8,20,20240501,TEG_T17_35_20240430_O2,Dark,,35,0,good,18:02,19:15,114.5,0.1171,2.8157,17:46,19:21,2.2203,2.8073
S55,Tegula,a,17,7.8,20,20240501,TEG_T17_77_20240430_O2,Dark,,77,0,good,18:02,19:15,115,0.0477,1.9138,17:48,19:16,1.5258,1.8829
S55,Tegula,a,17,7.8,20,20240501,TEG_T17_B_20240430_O2,Dark,,Blank,1,good,18:02,19:15,116,,,,,,
S56,Tegula,a,11,7.6,20,20240501,TEG_T11_40_20240430_O2,Dark,,40,0,good,19:39,20:40,115,0.0286,1.8756,19:25,20:42,1.5269,1.8171
S56,Tegula,a,11,7.6,20,20240501,TEG_T11_48_20240430_O2,Dark,,48,0,good,19:39,20:40,115,0.0408,2.3639,19:26,20:45,1.9312,2.252
S56,Tegula,a,11,7.6,20,20240501,TEG_T11_55_20240430_O2,Dark,,55,0,good,19:39,20:40,115,0.041,2.1489,19:27,20:46,1.7421,2.1359
S56,Tegula,a,11,7.6,20,20240501,TEG_T11_B_20240430_O2,Dark,,Blank,1,good,19:39,20:40,116,,,,,,
S101,Rockweed,b,3,7.2,20,6/12/2024,RW_T3_13_Dark_20240612_O2,Dark,,13,0,,6:25:00,6:46:00,645,,2.8688,,,,
S101,Rockweed,b,3,7.2,20,6/12/2024,RW_T3_14_Dark_20240612_O2,Dark,,14,0,,6:25:00,6:46:00,647,,2.3923,,,,
S101,Rockweed,b,3,7.2,20,6/12/2024,RW_T3_15_Dark_20240612_O2,Dark,,15,0,,6:25:00,6:46:00,648.5,,2.0038,,,,
S101,Rockweed,b,3,7.2,20,6/12/2024,RW_T3_16_Dark_20240612_O2,Dark,,16,0,,6:25:00,6:46:00,649,,2.5041,,,,
S101,Rockweed,b,3,7.2,20,6/12/2024,RW_T3_17_Dark_20240612_O2,Dark,,17,0,,6:25:00,6:46:00,647.5,,3.2762,,,,
S101,Rockweed,b,3,7.2,20,6/12/2024,RW_T3_18_Dark_20240612_O2,Dark,,18,0,,6:25:00,6:46:00,647,,2.84,,,,
S101,Rockweed,b,3,7.2,20,6/12/2024,RW_T3_Blank_Dark_20240612_O2,Dark,,Blank,1,,6:25:00,6:46:00,650,,0,,,,
S101,Rockweed,b,3,7.2,20,6/12/2024,RW_T3_13_Light_20240612_O2,Light,,13,0,,7:07,7:28,645,,2.8688,,,,
S101,Rockweed,b,3,7.2,20,6/12/2024,RW_T3_14_Light_20240612_O2,Light,,14,0,,7:07,7:28,647,,2.3923,,,,
S101,Rockweed,b,3,7.2,20,6/12/2024,RW_T3_15_Light_20240612_O2,Light,,15,0,,7:07,7:28,648.5,,2.0038,,,,
S101,Rockweed,b,3,7.2,20,6/12/2024,RW_T3_16_Light_20240612_O2,Light,,16,0,,7:07,7:28,649,,2.5041,,,,
S101,Rockweed,b,3,7.2,20,6/12/2024,RW_T3_17_Light_20240612_O2,Light,,17,0,,7:07,7:28,647.5,,3.2762,,,,
S101,Rockweed,b,3,7.2,20,6/12/2024,RW_T3_18_Light_20240612_O2,Light,,18,0,,7:07,7:28,647,,2.84,,,,
S101,Rockweed,b,3,7.2,20,6/12/2024,RW_T3_Blank_Light_20240612_O2,Light,,Blank,1,,7:07,7:28,650,,0,,,,
S102,Rockweed,b,4,7.6,20,6/12/2024,RW_T4_19_Dark_20240612_O2,Dark,,19,0,,8:01,8:22,646,,3.4853,,,,
S102,Rockweed,b,4,7.6,20,6/12/2024,RW_T4_20_Dark_20240612_O2,Dark,,20,0,,8:01,8:22,646,,4.1581,,,,
S102,Rockweed,b,4,7.6,20,6/12/2024,RW_T4_21_Dark_20240612_O2,Dark,,21,0,,8:01,8:22,649,,2.2441,,,,
S102,Rockweed,b,4,7.6,20,6/12/2024,RW_T4_22_Dark_20240612_O2,Dark,,22,0,,8:01,8:22,648.5,,2.2131,,,,
S102,Rockweed,b,4,7.6,20,6/12/2024,RW_T4_23_Dark_20240612_O2,Dark,,23,0,,8:01,8:22,648,,3.0684,,,,
S102,Rockweed,b,4,7.6,20,6/12/2024,RW_T4_24_Dark_20240612_O2,Dark,,24,0,,8:01,8:22,648.25,,2.1738,,,,
S102,Rockweed,b,4,7.6,20,6/12/2024,RW_T4_Blank_Dark_20240612_O2,Dark,,Blank,1,,8:01,8:22,650,,0,,,,
S102,Rockweed,b,4,7.6,20,6/12/2024,RW_T4_19_Light_20240612_O2,Light,,19,0,,8:45,9:07,646,,3.4853,,,,
S102,Rockweed,b,4,7.6,20,6/12/2024,RW_T4_20_Light_20240612_O2,Light,,20,0,,8:45,9:07,646,,4.1581,,,,
S102,Rockweed,b,4,7.6,20,6/12/2024,RW_T4_21_Light_20240612_O2,Light,,21,0,,8:45,9:07,649,,2.2441,,,,
S102,Rockweed,b,4,7.6,20,6/12/2024,RW_T4_22_Light_20240612_O2,Light,,22,0,,8:45,9:07,648.5,,2.2131,,,,
S102,Rockweed,b,4,7.6,20,6/12/2024,RW_T4_23_Light_20240612_O2,Light,,23,0,,8:45,9:07,648,,3.0684,,,,
S102,Rockweed,b,4,7.6,20,6/12/2024,RW_T4_24_Light_20240612_O2,Light,,24,0,,8:45,9:07,648.25,,2.1738,,,,
S102,Rockweed,b,4,7.6,20,6/12/2024,RW_T4_Blank_Light_20240612_O2,Light,,Blank,1,,8:45,9:07,650,,0,,,,
S104,Rockweed,b,7,7.9,20,6/12/2024,RW_T7_37_Dark_20240612_O2,Dark,,37,0,,9:54,10:55,646,,2.4538,,,,
S104,Rockweed,b,7,7.9,20,6/12/2024,RW_T7_38_Dark_20240612_O2,Dark,,38,0,,9:54,10:55,648,,1.3133,,,,
S104,Rockweed,b,7,7.9,20,6/12/2024,RW_T7_39_Dark_20240612_O2,Dark,,39,0,,9:54,10:55,648,,2.4458,,,,
S104,Rockweed,b,7,7.9,20,6/12/2024,RW_T7_40_Dark_20240612_O2,Dark,,40,0,,9:54,10:55,649,,1.6814,,,,
S104,Rockweed,b,7,7.9,20,6/12/2024,RW_T7_41_Dark_20240612_O2,Dark,,41,0,,9:54,10:55,649,,2.1937,,,,
S104,Rockweed,b,7,7.9,20,6/12/2024,RW_T7_42_Dark_20240612_O2,Dark,,42,0,,9:54,10:55,648,,2.4368,,,,
S104,Rockweed,b,7,7.9,20,6/12/2024,RW_T7_Blank_Dark_20240612_O2,Dark,,Blank,1,,9:54,10:55,650,,0,,,,
S104,Rockweed,b,7,7.9,20,6/12/2024,RW_T7_37_Light_20240612_O2,Light,,37,0,,10:37,10:58,646,,2.4538,,,,
S104,Rockweed,b,7,7.9,20,6/12/2024,RW_T7_38_Light_20240612_O2,Light,,38,0,,10:37,10:58,648,,1.3133,,,,
S104,Rockweed,b,7,7.9,20,6/12/2024,RW_T7_39_Light_20240612_O2,Light,,39,0,,10:37,10:58,648,,2.4458,,,,
S104,Rockweed,b,7,7.9,20,6/12/2024,RW_T7_40_Light_20240612_O2,Light,,40,0,,10:37,10:58,649,,1.6814,,,,
S104,Rockweed,b,7,7.9,20,6/12/2024,RW_T7_41_Light_20240612_O2,Light,,41,0,,10:37,10:58,649,,2.1937,,,,
S104,Rockweed,b,7,7.9,20,6/12/2024,RW_T7_42_Light_20240612_O2,Light,,42,0,,10:37,10:58,648,,2.4368,,,,
S104,Rockweed,b,7,7.9,20,6/12/2024,RW_T7_Blank_Light_20240612_O2,Light,,Blank,1,,10:37,10:58,650,,0,,,,
S105,Rockweed,b,8,7.8,20,6/12/2024,RW_T8_43_Dark_20240612_O2,Dark,,43,0,,11:37,11:58,648,,2.3197,,,,
S105,Rockweed,b,8,7.8,20,6/12/2024,RW_T8_44_Dark_20240612_O2,Dark,,44,0,,11:37,11:58,646,,2.9193,,,,
S105,Rockweed,b,8,7.8,20,6/12/2024,RW_T8_45_Dark_20240612_O2,Dark,,45,0,,11:37,11:58,646,,2.707,,,,
S105,Rockweed,b,8,7.8,20,6/12/2024,RW_T8_46_Dark_20240612_O2,Dark,,46,0,,11:37,11:58,648,,2.2623,,,,
S105,Rockweed,b,8,7.8,20,6/12/2024,RW_T8_47_Dark_20240612_O2,Dark,,47,0,,11:37,11:58,649,,1.0322,,,,
S105,Rockweed,b,8,7.8,20,6/12/2024,RW_T8_48_Dark_20240612_O2,Dark,,48,0,,11:37,11:58,648,,2.7382,,,,
S105,Rockweed,b,8,7.8,20,6/12/2024,RW_T8_Blank_Dark_20240612_O2,Dark,,Blank,1,,11:37,11:58,650,,0,,,,
S105,Rockweed,b,8,7.8,20,6/12/2024,RW_T8_43_Light_20240612_O2,Light,,43,0,,12:24,12:45,648,,2.3197,,,,
S105,Rockweed,b,8,7.8,20,6/12/2024,RW_T8_44_Light_20240612_O2,Light,,44,0,,12:24,12:45,646,,2.9193,,,,
S105,Rockweed,b,8,7.8,20,6/12/2024,RW_T8_45_Light_20240612_O2,Light,,45,0,,12:24,12:45,646,,2.707,,,,
S105,Rockweed,b,8,7.8,20,6/12/2024,RW_T8_46_Light_20240612_O2,Light,,46,0,,12:24,12:45,648,,2.2623,,,,
S105,Rockweed,b,8,7.8,20,6/12/2024,RW_T8_47_Light_20240612_O2,Light,,47,0,,12:24,12:45,649,,1.0322,,,,
S105,Rockweed,b,8,7.8,20,6/12/2024,RW_T8_48_Light_20240612_O2,Light,,48,0,,12:24,12:45,648,,2.7382,,,,
S105,Rockweed,b,8,7.8,20,6/12/2024,RW_T8_Blank_Light_20240612_O2,Light,,Blank,1,,12:24,12:45,650,,0,,,,
S109,Rockweed,b,9,7.5,20,6/12/2024,RW_T9_49_Dark_20240612_O2,Dark,,49,0,,14:33,14:55,647.5,,2.1603,,,,
S109,Rockweed,b,9,7.5,20,6/12/2024,RW_T9_50_Dark_20240612_O2,Dark,,50,0,,14:33,14:55,647.5,,2.0053,,,,
S109,Rockweed,b,9,7.5,20,6/12/2024,RW_T9_51_Dark_20240612_O2,Dark,,51,0,,14:33,14:55,645,,2.5507,,,,
S109,Rockweed,b,9,7.5,20,6/12/2024,RW_T9_52_Dark_20240612_O2,Dark,,52,0,,14:33,14:55,649,,2.481,,,,
S109,Rockweed,b,9,7.5,20,6/12/2024,RW_T9_53_Dark_20240612_O2,Dark,,53,0,,14:33,14:55,649,,1.0819,,,,
S109,Rockweed,b,9,7.5,20,6/12/2024,RW_T9_54_Dark_20240612_O2,Dark,,54,0,,14:33,14:55,648.5,,2.0829,,,,
S109,Rockweed,b,9,7.5,20,6/12/2024,RW_T9_Blank_Dark_20240612_O2,Dark,,Blank,1,,14:33,14:55,650,,0,,,,
S109,Rockweed,b,9,7.5,20,6/12/2024,RW_T9_49_Light_20240612_O2,Light,,49,0,,15:12,15:33,647.5,,2.1603,,,,
S109,Rockweed,b,9,7.5,20,6/12/2024,RW_T9_50_Light_20240612_O2,Light,,50,0,,15:12,15:33,647.5,,2.0053,,,,
S109,Rockweed,b,9,7.5,20,6/12/2024,RW_T9_51_Light_20240612_O2,Light,,51,0,,15:12,15:33,645,,2.5507,,,,
S109,Rockweed,b,9,7.5,20,6/12/2024,RW_T9_52_Light_20240612_O2,Light,,52,0,,15:12,15:33,649,,2.481,,,,
S109,Rockweed,b,9,7.5,20,6/12/2024,RW_T9_53_Light_20240612_O2,Light,,53,0,,15:12,15:33,649,,1.0819,,,,
S109,Rockweed,b,9,7.5,20,6/12/2024,RW_T9_54_Light_20240612_O2,Light,,54,0,,15:12,15:33,648.5,,2.0829,,,,
S109,Rockweed,b,9,7.5,20,6/12/2024,RW_T9_Blank_Light_20240612_O2,Light,,Blank,1,,15:12,15:33,650,,0,,,,
S111,Rockweed,b,10,7.4,20,6/12/2024,RW_T10_55_Dark_20240612_O2,Dark,,55,0,,16:00,16:21,646,,2.1878,,,,
S111,Rockweed,b,10,7.4,20,6/12/2024,RW_T10_56_Dark_20240612_O2,Dark,,56,0,,16:00,16:21,648,,1.4355,,,,
S111,Rockweed,b,10,7.4,20,6/12/2024,RW_T10_57_Dark_20240612_O2,Dark,,57,0,,16:00,16:21,646,,1.9643,,,,
S111,Rockweed,b,10,7.4,20,6/12/2024,RW_T10_58_Dark_20240612_O2,Dark,,58,0,,16:00,16:21,648.5,,2.8569,,,,
S111,Rockweed,b,10,7.4,20,6/12/2024,RW_T10_59_Dark_20240612_O2,Dark,,59,0,,16:00,16:21,647,,2.6931,,,,
S111,Rockweed,b,10,7.4,20,6/12/2024,RW_T10_60_Dark_20240612_O2,Dark,,60,0,,16:00,16:21,648.75,,2.5288,,,,
S111,Rockweed,b,10,7.4,20,6/12/2024,RW_T10_Blank_Dark_20240612_O2,Dark,,Blank,1,,16:00,16:21,650,,0,,,,
S111,Rockweed,b,10,7.4,20,6/12/2024,RW_T10_55_Light_20240612_O2,Light,,55,0,,16:45,17:05,646,,2.1878,,,,
S111,Rockweed,b,10,7.4,20,6/12/2024,RW_T10_56_Light_20240612_O2,Light,,56,0,,16:45,17:05,648,,1.4355,,,,
S111,Rockweed,b,10,7.4,20,6/12/2024,RW_T10_57_Light_20240612_O2,Light,,57,0,,16:45,17:05,646,,1.9643,,,,
S111,Rockweed,b,10,7.4,20,6/12/2024,RW_T10_58_Light_20240612_O2,Light,,58,0,,16:45,17:05,648.5,,2.8569,,,,
S111,Rockweed,b,10,7.4,20,6/12/2024,RW_T10_59_Light_20240612_O2,Light,,59,0,,16:45,17:05,647,,2.6931,,,,
S111,Rockweed,b,10,7.4,20,6/12/2024,RW_T10_60_Light_20240612_O2,Light,,60,0,,16:45,17:05,648.75,,2.5288,,,,
S111,Rockweed,b,10,7.4,20,6/12/2024,RW_T10_Blank_Light_20240612_O2,Light,,Blank,1,,16:45,17:05,650,,0,,,,
S113,Rockweed,b,12,7.7,20,6/12/2024,RW_T12_67_Dark_20240612_O2,Dark,,67,0,,17:57,18:18,648,,1.9329,,,,
S113,Rockweed,b,12,7.7,20,6/12/2024,RW_T12_68_Dark_20240612_O2,Dark,,68,0,,17:57,18:18,646,,2.794,,,,
S113,Rockweed,b,12,7.7,20,6/12/2024,RW_T12_69_Dark_20240612_O2,Dark,,69,0,,17:57,18:18,649,,5.1198,,,,
S113,Rockweed,b,12,7.7,20,6/12/2024,RW_T12_70_Dark_20240612_O2,Dark,,70,0,,17:57,18:18,648.5,,3.2084,,,,
S113,Rockweed,b,12,7.7,20,6/12/2024,RW_T12_71_Dark_20240612_O2,Dark,,71,0,,17:57,18:18,646,,3.0664,,,,
S113,Rockweed,b,12,7.7,20,6/12/2024,RW_T12_72_Dark_20240612_O2,Dark,,72,0,,17:57,18:18,646,,2.6167,,,,
S113,Rockweed,b,12,7.7,20,6/12/2024,RW_T12_Blank_Dark_20240612_O2,Dark,,Blank,1,,17:57,18:18,650,,0,,,,
S113,Rockweed,b,12,7.7,20,6/12/2024,RW_T12_67_Light_20240612_O2,Light,,67,0,,18:39,19:00,648,,1.9329,,,,
S113,Rockweed,b,12,7.7,20,6/12/2024,RW_T12_68_Light_20240612_O2,Light,,68,0,,18:39,19:00,646,,2.794,,,,
S113,Rockweed,b,12,7.7,20,6/12/2024,RW_T12_69_Light_20240612_O2,Light,,69,0,,18:39,19:00,649,,5.1198,,,,
S113,Rockweed,b,12,7.7,20,6/12/2024,RW_T12_70_Light_20240612_O2,Light,,70,0,,18:39,19:00,648.5,,3.2084,,,,
S113,Rockweed,b,12,7.7,20,6/12/2024,RW_T12_71_Light_20240612_O2,Light,,71,0,,18:39,19:00,646,,3.0664,,,,
S113,Rockweed,b,12,7.7,20,6/12/2024,RW_T12_72_Light_20240612_O2,Light,,72,0,,18:39,19:00,646,,2.6167,,,,
S113,Rockweed,b,12,7.7,20,6/12/2024,RW_T12_Blank_Light_20240612_O2,Light,,Blank,1,,18:39,19:00,650,,0,,,,
S117,Rockweed,b,14,8,20,6/12/2024,RW_T14_79_Dark_20240612_O2,Dark,,79,0,,19:27,19:48,648,,1.6514,,,,
S117,Rockweed,b,14,8,20,6/12/2024,RW_T14_80_Dark_20240612_O2,Dark,,80,0,,19:27,19:48,647,,2.5054,,,,
S117,Rockweed,b,14,8,20,6/12/2024,RW_T14_81_Dark_20240612_O2,Dark,,81,0,,19:27,19:48,648,,2.561,,,,
S117,Rockweed,b,14,8,20,6/12/2024,RW_T14_82_Dark_20240612_O2,Dark,,82,0,,19:27,19:48,647,,2.7541,,,,
S117,Rockweed,b,14,8,20,6/12/2024,RW_T14_83_Dark_20240612_O2,Dark,,83,0,,19:27,19:48,649,,1.9436,,,,
S117,Rockweed,b,14,8,20,6/12/2024,RW_T14_84_Dark_20240612_O2,Dark,,84,0,,19:27,19:48,646,,2.7762,,,,
S117,Rockweed,b,14,8,20,6/12/2024,RW_T14_Blank_Dark_20240612_O2,Dark,,Blank,1,,19:27,19:48,650,,0,,,,
S117,Rockweed,b,14,8,20,6/12/2024,RW_T14_79_Light_20240612_O2,Light,,79,0,,20:15,20:37,648,,1.6514,,,,
S117,Rockweed,b,14,8,20,6/12/2024,RW_T14_80_Light_20240612_O2,Light,,80,0,,20:15,20:37,647,,2.5054,,,,
S117,Rockweed,b,14,8,20,6/12/2024,RW_T14_81_Light_20240612_O2,Light,,81,0,,20:15,20:37,648,,2.561,,,,
S117,Rockweed,b,14,8,20,6/12/2024,RW_T14_82_Light_20240612_O2,Light,,82,0,,20:15,20:37,647,,2.7541,,,,
S117,Rockweed,b,14,8,20,6/12/2024,RW_T14_83_Light_20240612_O2,Light,,83,0,,20:15,20:37,649,,1.9436,,,,
S117,Rockweed,b,14,8,20,6/12/2024,RW_T14_84_Light_20240612_O2,Light,,84,0,,20:15,20:37,646,,2.7762,,,,
S117,Rockweed,b,14,8,20,6/12/2024,RW_T14_Blank_Light_20240612_O2,Light,,Blank,1,,20:15,20:37,650,,0,,,,
S119,Rockweed,b,15,7.3,20,6/12/2024,RW_T15_85_Dark_20240612_O2,Dark,,85,0,,21:13,21:34,649,,3.5815,,,,
S119,Rockweed,b,15,7.3,20,6/12/2024,RW_T15_86_Dark_20240612_O2,Dark,,86,0,,21:13,21:34,646,,2.1645,,,,
S119,Rockweed,b,15,7.3,20,6/12/2024,RW_T15_87_Dark_20240612_O2,Dark,,87,0,,21:13,21:34,647,,3.0734,,,,
S119,Rockweed,b,15,7.3,20,6/12/2024,RW_T15_88_Dark_20240612_O2,Dark,,88,0,,21:13,21:34,648,,2.2086,,,,
S119,Rockweed,b,15,7.3,20,6/12/2024,RW_T15_89_Dark_20240612_O2,Dark,,89,0,,21:13,21:34,649,,2.4133,,,,
S119,Rockweed,b,15,7.3,20,6/12/2024,RW_T15_90_Dark_20240612_O2,Dark,,90,0,,21:13,21:34,647,,1.6885,,,,
S119,Rockweed,b,15,7.3,20,6/12/2024,RW_T15_Blank_Dark_20240612_O2,Dark,,Blank,1,,21:13,21:34,650,,0,,,,
S119,Rockweed,b,15,7.3,20,6/12/2024,RW_T15_85_Light_20240612_O2,Light,,85,0,,21:57,22:18,649,,3.5815,,,,
S119,Rockweed,b,15,7.3,20,6/12/2024,RW_T15_86_Light_20240612_O2,Light,,86,0,,21:57,22:18,646,,2.1645,,,,
S119,Rockweed,b,15,7.3,20,6/12/2024,RW_T15_87_Light_20240612_O2,Light,,87,0,,21:57,22:18,647,,3.0734,,,,
S119,Rockweed,b,15,7.3,20,6/12/2024,RW_T15_88_Light_20240612_O2,Light,,88,0,,21:57,22:18,648,,2.2086,,,,
S119,Rockweed,b,15,7.3,20,6/12/2024,RW_T15_89_Light_20240612_O2,Light,,89,0,,21:57,22:18,649,,2.4133,,,,
S119,Rockweed,b,15,7.3,20,6/12/2024,RW_T15_90_Light_20240612_O2,Light,,90,0,,21:57,22:18,647,,1.6885,,,,
S119,Rockweed,b,15,7.3,20,6/12/2024,RW_T15_Blank_Light_20240612_O2,Light,,Blank,1,,21:57,22:18,650,,0,,,,
S108,Rockweed,b,1,7.4,16,6/13/2024,RW_T1_01_Dark_20240613_O2,Dark,,1,0,,6:36,6:57,648,,2.5786,,,,
S108,Rockweed,b,1,7.4,16,6/13/2024,RW_T1_02_Dark_20240613_O2,Dark,,2,0,,6:36,6:57,649,,1.4218,,,,
S108,Rockweed,b,1,7.4,16,6/13/2024,RW_T1_03_Dark_20240613_O2,Dark,,3,0,,6:36,6:57,648,,2.874,,,,
S108,Rockweed,b,1,7.4,16,6/13/2024,RW_T1_04_Dark_20240613_O2,Dark,,4,0,,6:36,6:57,647,,2.2138,,,,
S108,Rockweed,b,1,7.4,16,6/13/2024,RW_T1_05_Dark_20240613_O2,Dark,,5,0,,6:36,6:57,646,,2.6794,,,,
S108,Rockweed,b,1,7.4,16,6/13/2024,RW_T1_06_Dark_20240613_O2,Dark,,6,0,,6:36,6:57,647.5,,1.9033,,,,
S108,Rockweed,b,1,7.4,16,6/13/2024,RW_T1_Blank_Dark_20240613_O2,Dark,,Blank,1,,6:36,6:57,650,,0,,,,
S108,Rockweed,b,1,7.4,16,6/13/2024,RW_T1_01_Light_20240613_O2,Light,,1,0,,7:15,7:37,648,,2.5786,,,,
S108,Rockweed,b,1,7.4,16,6/13/2024,RW_T1_02_Light_20240613_O2,Light,,2,0,,7:15,7:37,649,,1.4218,,,,
S108,Rockweed,b,1,7.4,16,6/13/2024,RW_T1_03_Light_20240613_O2,Light,,3,0,,7:15,7:37,648,,2.874,,,,
S108,Rockweed,b,1,7.4,16,6/13/2024,RW_T1_04_Light_20240613_O2,Light,,4,0,,7:15,7:37,647,,2.2138,,,,
S108,Rockweed,b,1,7.4,16,6/13/2024,RW_T1_05_Light_20240613_O2,Light,,5,0,,7:15,7:37,646,,2.6794,,,,
S108,Rockweed,b,1,7.4,16,6/13/2024,RW_T1_06_Light_20240613_O2,Light,,6,0,,7:15,7:37,647.5,,1.9033,,,,
S108,Rockweed,b,1,7.4,16,6/13/2024,RW_T1_Blank_Light_20240613_O2,Light,,Blank,1,,7:15,7:37,650,,0,,,,
S118,Rockweed,b,5,7.3,16,6/13/2024,RW_T5_25_Dark_20240613_O2,Dark,,25,0,,7:57,8:18,647,,4.0731,,,,
S118,Rockweed,b,5,7.3,16,6/13/2024,RW_T5_26_Dark_20240613_O2,Dark,,26,0,,7:57,8:18,648,,2.7718,,,,
S118,Rockweed,b,5,7.3,16,6/13/2024,RW_T5_27_Dark_20240613_O2,Dark,,27,0,,7:57,8:18,648,,1.8366,,,,
S118,Rockweed,b,5,7.3,16,6/13/2024,RW_T5_28_Dark_20240613_O2,Dark,,28,0,,7:57,8:18,647.5,,3.3274,,,,
S118,Rockweed,b,5,7.3,16,6/13/2024,RW_T5_29_Dark_20240613_O2,Dark,,29,0,,7:57,8:18,648,,2.2729,,,,
S118,Rockweed,b,5,7.3,16,6/13/2024,RW_T5_30_Dark_20240613_O2,Dark,,30,0,,7:57,8:18,647.5,,2.6583,,,,
S118,Rockweed,b,5,7.3,16,6/13/2024,RW_T5_Blank_Dark_20240613_O2,Dark,,Blank,1,,7:57,8:18,650,,0,,,,
S118,Rockweed,b,5,7.3,16,6/13/2024,RW_T5_25_Light_20240613_O2,Light,,25,0,,8:38,9:00,647,,4.0731,,,,
S118,Rockweed,b,5,7.3,16,6/13/2024,RW_T5_26_Light_20240613_O2,Light,,26,0,,8:38,9:00,648,,2.7718,,,,
S118,Rockweed,b,5,7.3,16,6/13/2024,RW_T5_27_Light_20240613_O2,Light,,27,0,,8:38,9:00,648,,1.8366,,,,
S118,Rockweed,b,5,7.3,16,6/13/2024,RW_T5_28_Light_20240613_O2,Light,,28,0,,8:38,9:00,647.5,,3.3274,,,,
S118,Rockweed,b,5,7.3,16,6/13/2024,RW_T5_29_Light_20240613_O2,Light,,29,0,,8:38,9:00,648,,2.2729,,,,
S118,Rockweed,b,5,7.3,16,6/13/2024,RW_T5_30_Light_20240613_O2,Light,,30,0,,8:38,9:00,647.5,,2.6583,,,,
S118,Rockweed,b,5,7.3,16,6/13/2024,RW_T5_Blank_Light_20240613_O2,Light,,Blank,1,,8:38,9:00,650,,0,,,,
S103,Rockweed,b,6,7.7,16,6/13/2024,RW_T6_31_Dark_20240613_O2,Dark,,31,0,,9:19,9:41,649,,2.4226,,,,
S103,Rockweed,b,6,7.7,16,6/13/2024,RW_T6_32_Dark_20240613_O2,Dark,,32,0,,9:19,9:41,648,,2.6179,,,,
S103,Rockweed,b,6,7.7,16,6/13/2024,RW_T6_33_Dark_20240613_O2,Dark,,33,0,,9:19,9:41,648,,2.7673,,,,
S103,Rockweed,b,6,7.7,16,6/13/2024,RW_T6_34_Dark_20240613_O2,Dark,,34,0,,9:19,9:41,649.5,,1.2338,,,,
S103,Rockweed,b,6,7.7,16,6/13/2024,RW_T6_35_Dark_20240613_O2,Dark,,35,0,,9:19,9:41,648,,2.3788,,,,
S103,Rockweed,b,6,7.7,16,6/13/2024,RW_T6_36_Dark_20240613_O2,Dark,,36,0,,9:19,9:41,647,,3.3751,,,,
S103,Rockweed,b,6,7.7,16,6/13/2024,RW_T6_Blank_Dark_20240613_O2,Dark,,Blank,1,,9:19,9:41,650,,0,,,,
S103,Rockweed,b,6,7.7,16,6/13/2024,RW_T6_31_Light_20240613_O2,Light,,31,0,,9:56,10:18,649,,2.4226,,,,
S103,Rockweed,b,6,7.7,16,6/13/2024,RW_T6_32_Light_20240613_O2,Light,,32,0,,9:56,10:18,648,,2.6179,,,,
S103,Rockweed,b,6,7.7,16,6/13/2024,RW_T6_33_Light_20240613_O2,Light,,33,0,,9:56,10:18,648,,2.7673,,,,
S103,Rockweed,b,6,7.7,16,6/13/2024,RW_T6_34_Light_20240613_O2,Light,,34,0,,9:56,10:18,649.5,,1.2338,,,,
S103,Rockweed,b,6,7.7,16,6/13/2024,RW_T6_35_Light_20240613_O2,Light,,35,0,,9:56,10:18,648,,2.3788,,,,
S103,Rockweed,b,6,7.7,16,6/13/2024,RW_T6_36_Light_20240613_O2,Light,,36,0,,9:56,10:18,647,,3.3751,,,,
S103,Rockweed,b,6,7.7,16,6/13/2024,RW_T6_Blank_Light_20240613_O2,Light,,Blank,1,,9:56,10:18,650,,0,,,,
S106,Rockweed,b,11,7.2,16,6/13/2024,RW_T11_61_Dark_20240613_O2,Dark,,61,0,,10:39,11:01,649,,1.8695,,,,
S106,Rockweed,b,11,7.2,16,6/13/2024,RW_T11_62_Dark_20240613_O2,Dark,,62,0,,10:39,11:01,648,,2.8174,,,,
S106,Rockweed,b,11,7.2,16,6/13/2024,RW_T11_63_Dark_20240613_O2,Dark,,63,0,,10:39,11:01,648,,1.8745,,,,
S106,Rockweed,b,11,7.2,16,6/13/2024,RW_T11_64_Dark_20240613_O2,Dark,,64,0,,10:39,11:01,647.5,,3.1291,,,,
S106,Rockweed,b,11,7.2,16,6/13/2024,RW_T11_65_Dark_20240613_O2,Dark,,65,0,,10:39,11:01,648.5,,1.5848,,,,
S106,Rockweed,b,11,7.2,16,6/13/2024,RW_T11_66_Dark_20240613_O2,Dark,,66,0,,10:39,11:01,648,,1.8292,,,,
S106,Rockweed,b,11,7.2,16,6/13/2024,RW_T11_Blank_Dark_20240613_O2,Dark,,Blank,1,,10:39,11:01,650,,0,,,,
S106,Rockweed,b,11,7.2,16,6/13/2024,RW_T11_61_Light_20240613_O2,Light,,61,0,,11:14,11:36,649,,1.8695,,,,
S106,Rockweed,b,11,7.2,16,6/13/2024,RW_T11_62_Light_20240613_O2,Light,,62,0,,11:14,11:36,648,,2.8174,,,,
S106,Rockweed,b,11,7.2,16,6/13/2024,RW_T11_63_Light_20240613_O2,Light,,63,0,,11:14,11:36,648,,1.8745,,,,
S106,Rockweed,b,11,7.2,16,6/13/2024,RW_T11_64_Light_20240613_O2,Light,,64,0,,11:14,11:36,647.5,,3.1291,,,,
S106,Rockweed,b,11,7.2,16,6/13/2024,RW_T11_65_Light_20240613_O2,Light,,65,0,,11:14,11:36,648.5,,1.5848,,,,
S106,Rockweed,b,11,7.2,16,6/13/2024,RW_T11_66_Light_20240613_O2,Light,,66,0,,11:14,11:36,648,,1.8292,,,,
S106,Rockweed,b,11,7.2,16,6/13/2024,RW_T11_Blank_Light_20240613_O2,Light,,Blank,1,,11:14,11:36,650,,0,,,,
S114,Rockweed,b,13,7.9,16,6/13/2024,RW_T13_73_Dark_20240613_O2,Dark,,73,0,,11:53,12:14,646,,3.5314,,,,
S114,Rockweed,b,13,7.9,16,6/13/2024,RW_T13_74_Dark_20240613_O2,Dark,,74,0,,11:53,12:14,647,,2.6681,,,,
S114,Rockweed,b,13,7.9,16,6/13/2024,RW_T13_75_Dark_20240613_O2,Dark,,75,0,,11:53,12:14,648,,2.0419,,,,
S114,Rockweed,b,13,7.9,16,6/13/2024,RW_T13_76_Dark_20240613_O2,Dark,,76,0,,11:53,12:14,648,,2.6036,,,,
S114,Rockweed,b,13,7.9,16,6/13/2024,RW_T13_77_Dark_20240613_O2,Dark,,77,0,,11:53,12:14,648,,2.6333,,,,
S114,Rockweed,b,13,7.9,16,6/13/2024,RW_T13_78_Dark_20240613_O2,Dark,,78,0,,11:53,12:14,648,,2.0999,,,,
S114,Rockweed,b,13,7.9,16,6/13/2024,RW_T13_Blank_Dark_20240613_O2,Dark,,Blank,1,,11:53,12:14,650,,0,,,,
S114,Rockweed,b,13,7.9,16,6/13/2024,RW_T13_73_Light_20240613_O2,Light,,73,0,,12:33,12:55,646,,3.5314,,,,
S114,Rockweed,b,13,7.9,16,6/13/2024,RW_T13_74_Light_20240613_O2,Light,,74,0,,12:33,12:55,647,,2.6681,,,,
S114,Rockweed,b,13,7.9,16,6/13/2024,RW_T13_75_Light_20240613_O2,Light,,75,0,,12:33,12:55,648,,2.0419,,,,
S114,Rockweed,b,13,7.9,16,6/13/2024,RW_T13_76_Light_20240613_O2,Light,,76,0,,12:33,12:55,648,,2.6036,,,,
S114,Rockweed,b,13,7.9,16,6/13/2024,RW_T13_77_Light_20240613_O2,Light,,77,0,,12:33,12:55,648,,2.6333,,,,
S114,Rockweed,b,13,7.9,16,6/13/2024,RW_T13_78_Light_20240613_O2,Light,,78,0,,12:33,12:55,648,,2.0999,,,,
S114,Rockweed,b,13,7.9,16,6/13/2024,RW_T13_Blank_Light_20240613_O2,Light,,Blank,1,,12:33,12:55,650,,0,,,,
S107,Rockweed,b,17,8,16,6/13/2024,RW_T17_91_Dark_20240613_O2,Dark,,91,0,,14:22,14:44,648.5,,2.8175,,,,
S107,Rockweed,b,17,8,16,6/13/2024,RW_T17_92_Dark_20240613_O2,Dark,,92,0,,14:22,14:44,647.5,,3.1896,,,,
S107,Rockweed,b,17,8,16,6/13/2024,RW_T17_93_Dark_20240613_O2,Dark,,93,0,,14:22,14:44,647,,2.1481,,,,
S107,Rockweed,b,17,8,16,6/13/2024,RW_T17_94_Dark_20240613_O2,Dark,,94,0,,14:22,14:44,646.5,,2.7165,,,,
S107,Rockweed,b,17,8,16,6/13/2024,RW_T17_95_Dark_20240613_O2,Dark,,95,0,,14:22,14:44,646.5,,3.7815,,,,
S107,Rockweed,b,17,8,16,6/13/2024,RW_T17_96_Dark_20240613_O2,Dark,,96,0,,14:22,14:44,647.5,,2.4619,,,,
S107,Rockweed,b,17,8,16,6/13/2024,RW_T17_Blank_Dark_20240613_O2,Dark,,Blank,1,,14:22,14:44,650,,0,,,,
S107,Rockweed,b,17,8,16,6/13/2024,RW_T17_91_Light_20240613_O2,Light,,91,0,,15:07,15:28,648.5,,2.8175,,,,
S107,Rockweed,b,17,8,16,6/13/2024,RW_T17_92_Light_20240613_O2,Light,,92,0,,15:07,15:28,647.5,,3.1896,,,,
S107,Rockweed,b,17,8,16,6/13/2024,RW_T17_93_Light_20240613_O2,Light,,93,0,,15:07,15:28,647,,2.1481,,,,
S107,Rockweed,b,17,8,16,6/13/2024,RW_T17_94_Light_20240613_O2,Light,,94,0,,15:07,15:28,646.5,,2.7165,,,,
S107,Rockweed,b,17,8,16,6/13/2024,RW_T17_95_Light_20240613_O2,Light,,95,0,,15:07,15:28,646.5,,3.7815,,,,
S107,Rockweed,b,17,8,16,6/13/2024,RW_T17_96_Light_20240613_O2,Light,,96,0,,15:07,15:28,647.5,,2.4619,,,,
S107,Rockweed,b,17,8,16,6/13/2024,RW_T17_Blank_Light_20240613_O2,Light,,Blank,1,,15:07,15:28,650,,0,,,,
S110,Rockweed,b,18,7.8,16,6/13/2024,RW_T18_97_Dark_20240613_O2,Dark,,97,0,,15:52,16:14,647,,2.4082,,,,
S110,Rockweed,b,18,7.8,16,6/13/2024,RW_T18_98_Dark_20240613_O2,Dark,,98,0,temp probe wrong,15:52,16:14,646,,3.3285,,,,
S110,Rockweed,b,18,7.8,16,6/13/2024,RW_T18_99_Dark_20240613_O2,Dark,,99,0,,15:52,16:14,646,,3.7689,,,,
S110,Rockweed,b,18,7.8,16,6/13/2024,RW_T18_100_Dark_20240613_O2,Dark,,100,0,,15:52,16:14,647.5,,2.5452,,,,
S110,Rockweed,b,18,7.8,16,6/13/2024,RW_T18_101_Dark_20240613_O2,Dark,,101,0,,15:52,16:14,648,,2.6985,,,,
S110,Rockweed,b,18,7.8,16,6/13/2024,RW_T18_102_Dark_20240613_O2,Dark,,102,0,,15:52,16:14,648.5,,2.0338,,,,
S110,Rockweed,b,18,7.8,16,6/13/2024,RW_T18_Blank_Dark_20240613_O2,Dark,,Blank,1,,15:52,16:14,650,,0,,,,
S110,Rockweed,b,18,7.8,16,6/13/2024,RW_T18_97_Light_20240613_O2,Light,,97,0,,16:32,16:54,647,,2.4082,,,,
S110,Rockweed,b,18,7.8,16,6/13/2024,RW_T18_98_Light_20240613_O2,Light,,98,0,,16:32,16:54,646,,3.3285,,,,
S110,Rockweed,b,18,7.8,16,6/13/2024,RW_T18_99_Light_20240613_O2,Light,,99,0,,16:32,16:54,646,,3.7689,,,,
S110,Rockweed,b,18,7.8,16,6/13/2024,RW_T18_100_Light_20240613_O2,Light,,100,0,,16:32,16:54,647.5,,2.5452,,,,
S110,Rockweed,b,18,7.8,16,6/13/2024,RW_T18_101_Light_20240613_O2,Light,,101,0,,16:32,16:54,648,,2.6985,,,,
S110,Rockweed,b,18,7.8,16,6/13/2024,RW_T18_102_Light_20240613_O2,Light,,102,0,,16:32,16:54,648.5,,2.0338,,,,
S110,Rockweed,b,18,7.8,16,6/13/2024,RW_T18_Blank_Light_20240613_O2,Light,,Blank,1,,16:32,16:54,650,,0,,,,
S112,Rockweed,b,19,7.6,16,6/13/2024,RW_T19_103_Dark_20240613_O2,Dark,,103,0,,19:05,19:27,646,,3.3171,,,,
S112,Rockweed,b,19,7.6,16,6/13/2024,RW_T19_104_Dark_20240613_O2,Dark,,104,0,,19:05,19:27,646.5,,2.7834,,,,
S112,Rockweed,b,19,7.6,16,6/13/2024,RW_T19_105_Dark_20240613_O2,Dark,,105,0,,19:05,19:27,647,,3.1265,,,,
S112,Rockweed,b,19,7.6,16,6/13/2024,RW_T19_106_Dark_20240613_O2,Dark,,106,0,,19:05,19:27,648,,2.505,,,,
S112,Rockweed,b,19,7.6,16,6/13/2024,RW_T19_107_Dark_20240613_O2,Dark,,107,0,,19:05,19:27,647.5,,3.0669,,,,
S112,Rockweed,b,19,7.6,16,6/13/2024,RW_T19_108_Dark_20240613_O2,Dark,,108,0,,19:05,19:27,648.5,,2.0152,,,,
S112,Rockweed,b,19,7.6,16,6/13/2024,RW_T19_Blank_Dark_20240613_O2,Dark,,Blank,1,,19:05,19:27,650,,0,,,,
S112,Rockweed,b,19,7.6,16,6/13/2024,RW_T19_103_Light_20240613_O2,Light,,103,0,,19:41,20:04,646,,3.3171,,,,
S112,Rockweed,b,19,7.6,16,6/13/2024,RW_T19_104_Light_20240613_O2,Light,,104,0,,19:41,20:04,646.5,,2.7834,,,,
S112,Rockweed,b,19,7.6,16,6/13/2024,RW_T19_105_Light_20240613_O2,Light,,105,0,,19:41,20:04,647,,3.1265,,,,
S112,Rockweed,b,19,7.6,16,6/13/2024,RW_T19_106_Light_20240613_O2,Light,,106,0,,19:41,20:04,648,,2.505,,,,
S112,Rockweed,b,19,7.6,16,6/13/2024,RW_T19_107_Light_20240613_O2,Light,,107,0,,19:41,20:04,647.5,,3.0669,,,,
S112,Rockweed,b,19,7.6,16,6/13/2024,RW_T19_108_Light_20240613_O2,Light,,108,0,,19:41,20:04,648.5,,2.0152,,,,
S112,Rockweed,b,19,7.6,16,6/13/2024,RW_T19_Blank_Light_20240613_O2,Light,,Blank,1,,19:41,20:04,650,,0,,,,
S115,Rockweed,b,2,7.5,16,6/13/2024,RW_T2_07_Dark_20240613_O2,Dark,,7,0,,20:22,20:43,646.5,,2.6945,,,,
S115,Rockweed,b,2,7.5,16,6/13/2024,RW_T2_08_Dark_20240613_O2,Dark,,8,0,,20:22,20:43,647,,2.5081,,,,
S115,Rockweed,b,2,7.5,16,6/13/2024,RW_T2_09_Dark_20240613_O2,Dark,,9,0,,20:22,20:43,648,,1.7464,,,,
S115,Rockweed,b,2,7.5,16,6/13/2024,RW_T2_10_Dark_20240613_O2,Dark,,10,0,,20:22,20:43,647,,2.6325,,,,
S115,Rockweed,b,2,7.5,16,6/13/2024,RW_T2_11_Dark_20240613_O2,Dark,,11,0,,20:22,20:43,648.5,,1.1176,,,,
S115,Rockweed,b,2,7.5,16,6/13/2024,RW_T2_12_Dark_20240613_O2,Dark,,12,0,,20:22,20:43,647.5,,2.9592,,,,
S115,Rockweed,b,2,7.5,16,6/13/2024,RW_T2_Blank_Dark_20240613_O2,Dark,,Blank,1,,20:22,20:43,650,,0,,,,
S115,Rockweed,b,2,7.5,16,6/13/2024,RW_T2_07_Light_20240613_O2,Light,,7,0,,20:58,21:20,646.5,,2.6945,,,,
S115,Rockweed,b,2,7.5,16,6/13/2024,RW_T2_08_Light_20240613_O2,Light,,8,0,,20:58,21:20,647,,2.5081,,,,
S115,Rockweed,b,2,7.5,16,6/13/2024,RW_T2_09_Light_20240613_O2,Light,,9,0,,20:58,21:20,648,,1.7464,,,,
S115,Rockweed,b,2,7.5,16,6/13/2024,RW_T2_10_Light_20240613_O2,Light,,10,0,,20:58,21:20,647,,2.6325,,,,
S115,Rockweed,b,2,7.5,16,6/13/2024,RW_T2_11_Light_20240613_O2,Light,,11,0,,20:58,21:20,648.5,,1.1176,,,,
S115,Rockweed,b,2,7.5,16,6/13/2024,RW_T2_12_Light_20240613_O2,Light,,12,0,,20:58,21:20,647.5,,2.9592,,,,
S115,Rockweed,b,2,7.5,16,6/13/2024,RW_T2_Blank_Light_20240613_O2,Light,,Blank,1,,20:58,21:20,650,,0,,,,
S138,Tegula,b,1,7.4,16,6/14/2024,TEG_T1_26_20240615_O2,Dark,,26,0,,9:38,10:59,115,0.0348,1.6391,9:12,11:00,1.3423,1.6441
S138,Tegula,b,1,7.4,16,6/14/2024,TEG_T1_41_20240615_O2,Dark,,41,0,,9:38,10:59,115,0.0439,2.0196,9:12,11:00,1.6415,2.0271
S138,Tegula,b,1,7.4,16,6/14/2024,TEG_T1_42_20240615_O2,Dark,,42,0,,9:38,10:59,114.5,0.0381,1.597,9:12,11:00,1.2793,1.5982
S138,Tegula,b,1,7.4,16,6/14/2024,TEG_T1_Blank_20240615_O2,Dark,,Blank,1,,9:38,10:59,116,,0,9:12,11:00,,
S139,Tegula,b,5,7.3,16,6/14/2024,TEG_T5_19_20240615_O2,Dark,,19,0,,9:38,10:59,115,0.0362,1.7874,9:14,11:00,1.3936,1.7985
S139,Tegula,b,5,7.3,16,6/14/2024,TEG_T5_21_20240615_O2,Dark,,21,0,,9:38,10:59,115,0.0319,1.4185,9:14,11:00,1.1476,1.4352
S139,Tegula,b,5,7.3,16,6/14/2024,TEG_T5_37_20240615_O2,Dark,,37,0,,9:38,10:59,115,0.0362,1.5959,9:14,11:00,1.2873,1.6069
S139,Tegula,b,5,7.3,16,6/14/2024,TEG_T5_Blank_20240615_O2,Dark,,Blank,1,,9:38,10:59,116,,0,9:14,11:00,,
S140,Tegula,b,6,7.7,16,6/14/2024,TEG_T6_25_20240615_O2,Dark,,25,0,,11:10,12:12,115,0.0437,1.8409,10:53,12:15,1.4456,1.8283
S140,Tegula,b,6,7.7,16,6/14/2024,TEG_T6_45_20240615_O2,Dark,,45,0,,11:10,12:12,115,0.0356,1.5736,10:53,12:15,1.3006,1.5422
S140,Tegula,b,6,7.7,16,6/14/2024,TEG_T6_Blank_20240615_O2,Dark,,Blank,1,,11:10,12:12,116,,0,10:53,12:15,,
S141,Tegula,b,11,7.2,16,6/14/2024,TEG_T11_09_20240615_O2,Dark,,9,0,,11:10,12:12,115,0.0292,1.5073,10:55,12:15,1.244,1.548
S141,Tegula,b,11,7.2,16,6/14/2024,TEG_T11_22_20240615_O2,Dark,,22,0,,11:10,12:12,115,0.039,1.7721,10:55,12:15,1.4654,1.8366
S141,Tegula,b,11,7.2,16,6/14/2024,TEG_T11_24_20240615_O2,Dark,,24,0,,11:10,12:12,115,0.0464,1.9589,10:55,12:15,1.608,2.0103
S141,Tegula,b,11,7.2,16,6/14/2024,TEG_T11_Blank_20240615_O2,Dark,,Blank,1,,11:10,12:12,116,,0,10:55,12:15,,
S142,Tegula,b,13,7.9,16,6/14/2024,TEG_T13_40_20240615_O2,Dark,,40,0,,12:40,13:42,115,0.0389,1.8225,12:23,1:45,1.4998,1.808
S142,Tegula,b,13,7.9,16,6/14/2024,TEG_T13_56_20240615_O2,Dark,,56,0,,12:40,13:42,115.25,0.035,1.5327,12:23,1:45,1.2507,1.4974
S142,Tegula,b,13,7.9,16,6/14/2024,TEG_T13_68_20240615_O2,Dark,,68,0,,12:40,13:42,115,0.038,1.9683,12:23,1:45,1.5769,1.9402
S142,Tegula,b,13,7.9,16,6/14/2024,TEG_T13_Blank_20240615_O2,Dark,,Blank,1,,12:40,13:42,116,,0,12:23,1:45,,
S143,Tegula,b,17,8,16,6/14/2024,TEG_T17_15_20240615_O2,Dark,,15,0,,12:40,13:42,115.25,0.0337,1.5689,12:25,1:45,1.283,1.5497
S143,Tegula,b,17,8,16,6/14/2024,TEG_T17_34_20240615_O2,Dark,,34,0,,12:40,13:42,115,0.0331,1.7216,12:25,1:45,1.4096,1.6919
S143,Tegula,b,17,8,16,6/14/2024,TEG_T17_44_20240615_O2,Dark,,44,0,,12:40,13:42,115,0.051,2.1325,12:25,1:45,1.6951,2.0688
S143,Tegula,b,17,8,16,6/14/2024,TEG_T17_Blank_20240615_O2,Dark,,Blank,1,,12:40,13:42,116,,0,12:25,1:45,,
S144,Tegula,b,18,7.8,16,6/14/2024,TEG_T18_31_20240615_O2,Dark,,31,0,,14:09,15:10,115,0.0326,1.6406,13:53,15:11,1.3482,1.6343
S144,Tegula,b,18,7.8,16,6/14/2024,TEG_T18_36_20240615_O2,Dark,,36,0,,14:09,15:10,115,0.0348,1.6789,13:53,15:11,1.349,1.66
S144,Tegula,b,18,7.8,16,6/14/2024,TEG_T18_38_20240615_O2,Dark,,38,0,,14:09,15:10,115,0.0389,1.7484,13:53,15:11,1.4031,1.753
S144,Tegula,b,18,7.8,16,6/14/2024,TEG_T18_Blank_20240615_O2,Dark,,Blank,1,,14:09,15:10,116,,0,13:53,15:11,,
S145,Tegula,b,19,7.6,16,6/14/2024,TEG_T19_57_20240615_O2,Dark,,57,0,,14:09,15:10,115,0.0516,1.874,13:55,15:11,1.4846,1.8523
S145,Tegula,b,19,7.6,16,6/14/2024,TEG_T19_67_20240615_O2,Dark,,67,0,,14:09,15:10,114.5,0.0424,2.306,13:55,15:11,1.909,2.0821
S145,Tegula,b,19,7.6,16,6/14/2024,TEG_T19_Blank_20240615_O2,Dark,,Blank,1,,14:09,15:10,116,,0,13:55,15:11,,
S146,Tegula,b,2,7.5,16,6/14/2024,TEG_T2_51_20240615_O2,Dark,,51,0,,15:25,16:26,115,0.0378,1.5368,15:20,16:28,1.2118,1.4521
S146,Tegula,b,2,7.5,16,6/14/2024,TEG_T2_60_20240615_O2,Dark,,60,0,,15:25,16:26,115,0.0375,1.662,15:20,16:28,1.3023,1.6115
S146,Tegula,b,2,7.5,16,6/14/2024,TEG_T2_64_20240615_O2,Dark,,64,0,,15:25,16:26,115,0.0461,1.7639,15:20,16:28,1.368,1.7332
S146,Tegula,b,2,7.5,16,6/14/2024,TEG_T2_Blank_20240615_O2,Dark,,Blank,1,,15:25,16:26,116,,0,15:20,16:28,,
S147,Tegula,b,3,7.2,20,6/15/2024,TEG_T3_49_20240614_O2,Dark,,49,0,,9:12,10:13,115,0.0421,1.6642,9:00,10:15,1.3362,1.6703
S147,Tegula,b,3,7.2,20,6/15/2024,TEG_T3_52_20240614_O2,Dark,,52,0,,9:12,10:13,115.25,0.0357,1.5622,9:00,10:15,1.257,1.5906
S147,Tegula,b,3,7.2,20,6/15/2024,TEG_T3_59_20240614_O2,Dark,,59,0,,9:12,10:13,115,0.0365,1.9869,9:00,10:15,1.6144,2.0104
S147,Tegula,b,3,7.2,20,6/15/2024,TEG_T3_Blank_20240614_O2,Dark,,Blank,1,,9:12,10:13,116,,0,9:00,10:15,,
S148,Tegula,b,4,7.6,20,6/15/2024,TEG_T4_02_20240614_O2,Dark,,2,0,,9:12,10:13,115,0.1085,2.0481,9:02,10:15,1.601,2.0229
S148,Tegula,b,4,7.6,20,6/15/2024,TEG_T4_23_20240614_O2,Dark,,23,0,,9:12,10:13,115.25,0.0331,1.6157,9:02,10:15,1.2711,1.6294
S148,Tegula,b,4,7.6,20,6/15/2024,TEG_T4_69_20240614_O2,Dark,,69,0,,9:12,10:13,115,0.0429,1.6056,9:02,10:15,1.2796,1.588
S148,Tegula,b,4,7.6,20,6/15/2024,TEG_T4_Blank_20240614_O2,Dark,,Blank,1,,9:12,10:13,116,,0,9:02,10:15,,
S149,Tegula,b,7,7.9,20,6/15/2024,TEG_T7_53_20240614_O2,Dark,,53,0,,10:41,11:42,115.25,0.0376,1.5918,10:35,11:45,1.2843,1.5336
S149,Tegula,b,7,7.9,20,6/15/2024,TEG_T7_54_20240614_O2,Dark,,54,0,,10:41,11:42,115,0.0406,1.9161,10:35,11:45,1.5016,1.8871
S149,Tegula,b,7,7.9,20,6/15/2024,TEG_T7_58_20240614_O2,Dark,,58,0,,10:41,11:42,115,0.0371,1.7421,10:35,11:45,1.4256,1.6742
S149,Tegula,b,7,7.9,20,6/15/2024,TEG_T7_Blank_20240614_O2,Dark,,Blank,1,,10:41,11:42,116,,0,10:35,11:45,,
S150,Tegula,b,8,7.8,20,6/15/2024,TEG_T8_20_20240614_O2,Dark,,20,0,,10:41,11:42,115.25,0.0338,1.4608,10:37,11:45,1.1488,1.4392
S150,Tegula,b,8,7.8,20,6/15/2024,TEG_T8_43_20240614_O2,Dark,,43,0,,10:41,11:42,115,0.0422,2.051,10:37,11:45,1.6816,2.0602
S150,Tegula,b,8,7.8,20,6/15/2024,TEG_T8_Blank_20240614_O2,Dark,,Blank,1,,10:41,11:42,116,,0,10:37,11:45,,
S151,Tegula,b,9,7.5,20,6/15/2024,TEG_T9_03_20240614_O2,Dark,,3,0,,12:07,13:08,115,0.0345,1.7372,11:53,13:10,1.4365,1.7093
S151,Tegula,b,9,7.5,20,6/15/2024,TEG_T9_29_20240614_O2,Dark,,29,0,,12:07,13:08,114.75,0.0405,1.9345,11:53,13:10,1.5451,1.9198
S151,Tegula,b,9,7.5,20,6/15/2024,TEG_T9_55_20240614_O2,Dark,,55,0,,12:07,13:08,115,0.0446,1.6644,11:53,13:10,1.3285,1.5955
S151,Tegula,b,9,7.5,20,6/15/2024,TEG_T9_Blank_20240614_O2,Dark,,Blank,1,,12:07,13:08,116,,0,11:53,13:10,,
S152,Tegula,b,10,7.4,20,6/15/2024,TEG_T10_01_20240614_O2,Dark,,1,0,,14:55,15:57,115,0.0438,1.7065,14:44,16:00,1.3404,1.6656
S152,Tegula,b,10,7.4,20,6/15/2024,TEG_T10_48_20240614_O2,Dark,,48,0,,14:55,15:57,115,0.036,1.5795,14:44,16:00,1.1986,1.5471
S152,Tegula,b,10,7.4,20,6/15/2024,TEG_T10_65_20240614_O2,Dark,,65,0,,14:55,15:57,115,0.049,2.0211,14:44,16:00,1.599,1.9932
S152,Tegula,b,10,7.4,20,6/15/2024,TEG_T10_Blank_20240614_O2,Dark,,Blank,1,,14:55,15:57,116,,0,14:44,16:00,,
S153,Tegula,b,12,7.7,20,6/15/2024,TEG_T12_11_20240614_O2,Dark,,11,0,,1:34,2:35,115,0.0386,1.7705,1:23,2:38,1.4248,1.7489
S153,Tegula,b,12,7.7,20,6/15/2024,TEG_T12_14_20240614_O2,Dark,,14,0,,1:34,2:35,115,0.0356,1.7474,1:23,2:38,1.3729,1.7066
S153,Tegula,b,12,7.7,20,6/15/2024,TEG_T12_28_20240614_O2,Dark,,28,0,,1:34,2:35,115.25,0.0344,1.4999,1:23,2:38,1.2209,1.4191
S153,Tegula,b,12,7.7,20,6/15/2024,TEG_T12_Blank_20240614_O2,Dark,,Blank,1,,1:34,2:35,116,,0,1:23,2:38,,
S154,Tegula,b,14,8,20,6/15/2024,TEG_T14_17_20240614_O2,Dark,,17,0,,1:34,2:35,115.25,0.0313,1.4391,1:25,2:38,1.1725,1.4052
S154,Tegula,b,14,8,20,6/15/2024,TEG_T14_50_20240614_O2,Dark,,50,0,,1:34,2:35,115,0.033,1.7413,1:25,2:38,1.4222,1.7484
S154,Tegula,b,14,8,20,6/15/2024,TEG_T14_63_20240614_O2,Dark,,63,0,,1:34,2:35,115,0.0347,2.0212,1:25,2:38,1.6078,1.9747
S154,Tegula,b,14,8,20,6/15/2024,TEG_T14_Blank_20240614_O2,Dark,,Blank,1,,1:34,2:35,116,,0,1:25,2:38,,
S155,Tegula,b,15,7.3,20,6/15/2024,TEG_T15_13_20240614_O2,Dark,,13,0,,14:55,15:57,115,0.0392,1.8433,14:46,16:00,1.4505,1.8144
S155,Tegula,b,15,7.3,20,6/15/2024,TEG_T15_35_20240614_O2,Dark,,35,0,,14:55,15:57,115,0.0311,1.7411,14:46,16:00,1.4084,1.739
S155,Tegula,b,15,7.3,20,6/15/2024,TEG_T15_66_20240614_O2,Dark,,66,0,,14:55,15:57,115.25,0.0369,1.5213,14:46,16:00,1.236,1.4933
S155,Tegula,b,15,7.3,20,6/15/2024,TEG_T15_Blank_20240614_O2,Dark,,Blank,1,,14:55,15:57,116,,0,14:46,16:00,,
S150,Tegula,b,8,7.8,20,6/15/2024,TEG_T8_04_20240615B_O2,Dark,,4,0,,16:10,17:11,115,0.0353,1.7949,16:08,17:12,1.4407,1.7344
S150,Tegula,b,8,7.8,20,6/15/2024,TEG_T8_Blank_20240615B_O2,Dark,,Blank,1,,16:10,17:11,116,,0,16:08,17:12,,
,Rockweed,,PI,,20,,,,,,,,12:00,14:00,,,,,,,
,,,,,,,,,,,,,14:33,,,,,,,,
