block,Species,Tank,pH_treatment,temp_treatment,Date,FileName,Light_Dark,chamber.channel,ID,BLANK,notes,start.time,stop.time,volume,AFDW,wet_weight,TA.start,TA.stop
S1,Rockweed,1,7.2,20,20240428,RW_T1_1_Dark_20240428_O2,Dark,,1,0,good,6:58:00,7:29:00,648,,2.551,,
S1,Rockweed,1,7.2,20,20240428,RW_T1_2_Dark_20240428_O2,Dark,,2,0,good,6:58:00,7:29:00,648,,1.5503,,
S1,Rockweed,1,7.2,20,20240428,RW_T1_3_Dark_20240428_O2,Dark,,3,0,good,6:58:00,7:29:00,648,,2.546,,
S1,Rockweed,1,7.2,20,20240428,RW_T1_4_Dark_20240428_O2,Dark,,4,0,good,6:58:00,7:29:00,648,,2.6324,,
S1,Rockweed,1,7.2,20,20240428,RW_T1_5_Dark_20240428_O2,Dark,,5,0,good,6:58:00,7:29:00,646,,2.7575,,
S1,Rockweed,1,7.2,20,20240428,RW_T1_6_Dark_20240428_O2,Dark,,6,0,good,6:58:00,7:29:00,642.5,,2.6057,,
S1,Rockweed,1,7.2,20,20240428,RW_T1_B_Dark_20240428_O2,Dark,,Blank,1,good,6:58:00,7:29:00,650,,0,,
S2,Rockweed,1,7.2,20,20240428,RW_T1_1_Light_20240428_O2,Light,,1,0,good,8:15,8:46,648,,2.551,,
S2,Rockweed,1,7.2,20,20240428,RW_T1_2_Light_20240428_O2,Light,,2,0,good,8:15,8:46,648,,1.5503,,
S2,Rockweed,1,7.2,20,20240428,RW_T1_3_Light_20240428_O2,Light,,3,0,good,8:15,8:46,648,,2.546,,
S2,Rockweed,1,7.2,20,20240428,RW_T1_4_Light_20240428_O2,Light,,4,0,good,8:15,8:46,648,,2.6324,,
S2,Rockweed,1,7.2,20,20240428,RW_T1_5_Light_20240428_O2,Light,,5,0,good,8:15,8:46,646,,2.7575,,
S2,Rockweed,1,7.2,20,20240428,RW_T1_6_Light_20240428_O2,Light,,6,0,good,8:15,8:46,642.5,,2.6057,,
S2,Rockweed,1,7.2,20,20240428,RW_T1_B_Light_20240428_O2,Light,,Blank,1,good,8:15,8:46,650,,0,,
S3,Rockweed,2,7.4,20,20240428,RW_T2_7_Dark_20240428_O2,Dark,,7,0,good,9:38,10:10,644,,2.8139,,
S3,Rockweed,2,7.4,20,20240428,RW_T2_8_Dark_20240428_O2,Dark,,8,0,good,9:38,10:10,646,,2.7064,,
S3,Rockweed,2,7.4,20,20240428,RW_T2_9_Dark_20240428_O2,Dark,,9,0,good,9:38,10:10,646,,3.3606,,
S3,Rockweed,2,7.4,20,20240428,RW_T2_10_Dark_20240428_O2,Dark,,10,0,good,9:38,10:10,648,,1.9323,,
S3,Rockweed,2,7.4,20,20240428,RW_T2_11_Dark_20240428_O2,Dark,,11,0,good,9:38,10:10,648,,2.9722,,
S3,Rockweed,2,7.4,20,20240428,RW_T2_12_Dark_20240428_O2,Dark,,12,0,good,9:38,10:10,648,,2.6747,,
S3,Rockweed,2,7.4,20,20240428,RW_T2_B_Dark_20240428_O2,Dark,,Blank,1,good,9:38,10:10,650,,0,,
S4,Rockweed,2,7.4,20,20240428,RW_T2_7_Light_20240428_O2,Light,,7,0,good,10:55,11:40,646,,2.8139,,
S4,Rockweed,2,7.4,20,20240428,RW_T2_8_Light_20240428_O2,Light,,8,0,good,10:55,11:40,646,,2.7064,,
S4,Rockweed,2,7.4,20,20240428,RW_T2_9_Light_20240428_O2,Light,,9,0,good,10:55,11:40,648,,3.3606,,
S4,Rockweed,2,7.4,20,20240428,RW_T2_10_Light_20240428_O2,Light,,10,0,good,10:55,11:40,648,,1.9323,,
S4,Rockweed,2,7.4,20,20240428,RW_T2_11_Light_20240428_O2,Light,,11,0,good,10:55,11:40,648,,2.9722,,
S4,Rockweed,2,7.4,20,20240428,RW_T2_12_Light_20240428_O2,Light,,12,0,good,10:55,11:40,648,,2.6747,,
S4,Rockweed,2,7.4,20,20240428,RW_T2_B_Light_20240428_O2,Light,,Blank,1,good,10:55,11:40,650,,0,,
S5,Rockweed,4,7.3,20,20240428,RW_T4_19_Dark_20240428_O2,Dark,,19,0,good,12:03,12:35,646,,2.9608,,
S5,Rockweed,4,7.3,20,20240428,RW_T4_20_Dark_20240428_O2,Dark,,20,0,good,12:03,12:35,648,,2.4314,,
S5,Rockweed,4,7.3,20,20240428,RW_T4_21_Dark_20240428_O2,Dark,,21,0,good,12:03,12:35,648,,3.1288,,
S5,Rockweed,4,7.3,20,20240428,RW_T4_22_Dark_20240428_O2,Dark,,22,0,good,12:03,12:35,648,,3.1527,,
S5,Rockweed,4,7.3,20,20240428,RW_T4_23_Dark_20240428_O2,Dark,,23,0,good,12:03,12:35,646,,3.0703,,
S5,Rockweed,4,7.3,20,20240428,RW_T4_24_Dark_20240428_O2,Dark,,24,0,good,12:03,12:35,648,,2.1704,,
S5,Rockweed,4,7.3,20,20240428,RW_T4_B_Dark_20240428_O2,Dark,,Blank,1,good,12:03,12:35,650,,0,,
S6,Rockweed,4,7.3,20,20240428,RW_T4_19_Light_20240428_O2,Light,,19,0,good,13:12,13:42,646,,2.9608,,
S6,Rockweed,4,7.3,20,20240428,RW_T4_20_Light_20240428_O2,Light,,20,0,good,13:12,13:42,648,,2.4314,,
S6,Rockweed,4,7.3,20,20240428,RW_T4_21_Light_20240428_O2,Light,,21,0,good,13:12,13:42,648,,3.1288,,
S6,Rockweed,4,7.3,20,20240428,RW_T4_22_Light_20240428_O2,Light,,22,0,good,13:12,13:42,648,,3.1527,,
S6,Rockweed,4,7.3,20,20240428,RW_T4_23_Light_20240428_O2,Light,,23,0,idk,13:12,13:42,646,,3.0703,,
S6,Rockweed,4,7.3,20,20240428,RW_T4_24_Light_20240428_O2,Light,,24,0,good,13:12,13:42,648,,2.1704,,
S6,Rockweed,4,7.3,20,20240428,RW_T4_B_Light_20240428_O2,Light,,Blank,1,good,13:12,13:42,650,,0,,
S7,Rockweed,5,7.5,20,20240428,RW_T5_25_Dark_20240428_O2,Dark,,25,0,,14:11,14:43,648,,2.415,,
S7,Rockweed,5,7.5,20,20240428,RW_T5_26_Dark_20240428_O2,Dark,,26,0,,14:11,14:43,648,,2.583,,
S7,Rockweed,5,7.5,20,20240428,RW_T5_27_Dark_20240428_O2,Dark,,27,0,,14:11,14:43,648,,2.4502,,
S7,Rockweed,5,7.5,20,20240428,RW_T5_28_Dark_20240428_O2,Dark,,28,0,,14:11,14:43,648,,2.621,,
S7,Rockweed,5,7.5,20,20240428,RW_T5_29_Dark_20240428_O2,Dark,,29,0,,14:11,14:43,648,,3.0909,,
S7,Rockweed,5,7.5,20,20240428,RW_T5_30_Dark_20240428_O2,Dark,,30,0,,14:11,14:43,646,,2.7903,,
S7,Rockweed,5,7.5,20,20240428,RW_T5_B_Dark_20240428_O2,Dark,,Blank,1,,14:11,14:43,650,,0,,
S8,Rockweed,5,7.5,20,20240428,RW_T5_25_Light_20240428_O2,Light,,25,0,,15:19,15:53,648,,2.415,,
S8,Rockweed,5,7.5,20,20240428,RW_T5_26_Light_20240428_O2,Light,,26,0,,15:19,15:53,648,,2.583,,
S8,Rockweed,5,7.5,20,20240428,RW_T5_27_Light_20240428_O2,Light,,27,0,,15:19,15:53,648,,2.4502,,
S8,Rockweed,5,7.5,20,20240428,RW_T5_28_Light_20240428_O2,Light,,28,0,,15:19,15:53,648,,2.621,,
S8,Rockweed,5,7.5,20,20240428,RW_T5_29_Light_20240428_O2,Light,,29,0,,15:19,15:53,648,,3.0909,,
S8,Rockweed,5,7.5,20,20240428,RW_T5_30_Light_20240428_O2,Light,,30,0,,15:19,15:53,646,,2.7903,,
S8,Rockweed,5,7.5,20,20240428,RW_T5_B_Light_20240428_O2,Light,,Blank,1,,15:19,15:53,650,,0,,
S9,Rockweed,9,7.7,20,20240428,RW_T9_49_Dark_20240428_O2,Dark,,49,0,,16:27,17:00,646,,2.7836,,
S9,Rockweed,9,7.7,20,20240428,RW_T9_50_Dark_20240428_O2,Dark,,50,0,,16:27,17:00,646,,3.211,,
S9,Rockweed,9,7.7,20,20240428,RW_T9_51_Dark_20240428_O2,Dark,,51,0,,16:27,17:00,648,,2.6531,,
S9,Rockweed,9,7.7,20,20240428,RW_T9_52_Dark_20240428_O2,Dark,,52,0,,16:27,17:00,648,,2.924,,
S9,Rockweed,9,7.7,20,20240428,RW_T9_53_Dark_20240428_O2,Dark,,53,0,,16:27,17:00,648,,3.2404,,
S9,Rockweed,9,7.7,20,20240428,RW_T9_54_Dark_20240428_O2,Dark,,54,0,,16:27,17:00,648,,3.6111,,
S9,Rockweed,9,7.7,20,20240428,RW_T9_B_Dark_20240428_O2,Dark,,Blank,1,,16:27,17:00,650,,0,,
S10,Rockweed,9,7.7,20,20240428,RW_T9_49_Light_20240428_O2,Light,,49,0,,17:21,17:55,646,,2.7836,,
S10,Rockweed,9,7.7,20,20240428,RW_T9_50_Light_20240428_O2,Light,,50,0,,17:21,17:55,646,,3.211,,
S10,Rockweed,9,7.7,20,20240428,RW_T9_51_Light_20240428_O2,Light,,51,0,,17:21,17:55,648,,2.6531,,
S10,Rockweed,9,7.7,20,20240428,RW_T9_52_Light_20240428_O2,Light,,52,0,,17:21,17:55,648,,2.924,,
S10,Rockweed,9,7.7,20,20240428,RW_T9_53_Light_20240428_O2,Light,,53,0,,17:21,17:55,648,,3.2404,,
S10,Rockweed,9,7.7,20,20240428,RW_T9_54_Light_20240428_O2,Light,,54,0,,17:21,17:55,648,,3.6111,,
S10,Rockweed,9,7.7,20,20240428,RW_T9_B_Light_20240428_O2,Light,,Blank,1,,17:21,17:55,650,,0,,
S11,Rockweed,11,7.6,20,20240428,RW_T11_61_Dark_20240428_O2,Dark,,61,0,,18:21,18:53,648,,2.5581,,
S11,Rockweed,11,7.6,20,20240428,RW_T11_62_Dark_20240428_O2,Dark,,62,0,,18:21,18:53,648,,2.941,,
S11,Rockweed,11,7.6,20,20240428,RW_T11_63_Dark_20240428_O2,Dark,,63,0,,18:21,18:53,646,,3.2374,,
S11,Rockweed,11,7.6,20,20240428,RW_T11_64_Dark_20240428_O2,Dark,,64,0,,18:21,18:53,646,,3.153,,
S11,Rockweed,11,7.6,20,20240428,RW_T11_65_Dark_20240428_O2,Dark,,65,0,,18:21,18:53,646,,3.1623,,
S11,Rockweed,11,7.6,20,20240428,RW_T11_66_Dark_20240428_O2,Dark,,66,0,,18:21,18:53,646,,2.7303,,
S11,Rockweed,11,7.6,20,20240428,RW_T11_B_Dark_20240428_O2,Dark,,Blank,1,,18:21,18:53,650,,0,,
S12,Rockweed,11,7.6,20,20240428,RW_T11_61_Light_20240428_O2,Light,,61,0,,19:14,19:46,648,,2.5581,,
S12,Rockweed,11,7.6,20,20240428,RW_T11_62_Light_20240428_O2,Light,,62,0,,19:14,19:46,648,,2.941,,
S12,Rockweed,11,7.6,20,20240428,RW_T11_63_Light_20240428_O2,Light,,63,0,,19:14,19:46,646,,3.2374,,
S12,Rockweed,11,7.6,20,20240428,RW_T11_64_Light_20240428_O2,Light,,64,0,,19:14,19:46,646,,3.153,,
S12,Rockweed,11,7.6,20,20240428,RW_T11_65_Light_20240428_O2,Light,,65,0,,19:14,19:46,646,,3.1623,,
S12,Rockweed,11,7.6,20,20240428,RW_T11_66_Light_20240428_O2,Light,,66,0,,19:14,19:46,646,,2.7303,,
S12,Rockweed,11,7.6,20,20240428,RW_T11_B_Light_20240428_O2,Light,,Blank,1,,19:14,19:46,650,,0,,
S13,Rockweed,13,8,20,20240428,RW_T13_73_Dark_20240428_O2,Dark,,73,0,,21:12,21:45,646,,3.1231,,
S13,Rockweed,13,8,20,20240428,RW_T13_74_Dark_20240428_O2,Dark,,74,0,,21:12,21:45,646,,3.2797,,
S13,Rockweed,13,8,20,20240428,RW_T13_75_Dark_20240428_O2,Dark,,75,0,,21:12,21:45,646,,4.1275,,
S13,Rockweed,13,8,20,20240428,RW_T13_76_Dark_20240428_O2,Dark,,76,0,,21:12,21:45,648,,3.2155,,
S13,Rockweed,13,8,20,20240428,RW_T13_77_Dark_20240428_O2,Dark,,77,0,,21:12,21:45,648,,3.059,,
S13,Rockweed,13,8,20,20240428,RW_T13_78_Dark_20240428_O2,Dark,,78,0,,21:12,21:45,648,,2.6386,,
S13,Rockweed,13,8,20,20240428,RW_T13_B_Dark_20240428_O2,Dark,,Blank,1,,21:12,21:45,650,,0,,
S14,Rockweed,13,8,20,20240428,RW_T13_73_Light_20240428_O2,Light,,73,0,,22:08,22:40,646,,3.1231,,
S14,Rockweed,13,8,20,20240428,RW_T13_74_Light_20240428_O2,Light,,74,0,,22:08,22:40,646,,3.2797,,
S14,Rockweed,13,8,20,20240428,RW_T13_75_Light_20240428_O2,Light,,75,0,,22:08,22:40,646,,4.1275,,
S14,Rockweed,13,8,20,20240428,RW_T13_76_Light_20240428_O2,Light,,76,0,,22:08,22:40,648,,3.2155,,
S14,Rockweed,13,8,20,20240428,RW_T13_77_Light_20240428_O2,Light,,77,0,,22:08,22:40,648,,3.059,,
S14,Rockweed,13,8,20,20240428,RW_T13_78_Light_20240428_O2,Light,,78,0,,22:08,22:40,648,,2.6386,,
S14,Rockweed,13,8,20,20240428,RW_T13_B_Light_20240428_O2,Light,,Blank,1,,22:08,22:40,650,,0,,
S15,Rockweed,17,7.8,20,20240428,RW_T17_91_Dark_20240428_O2,Dark,,91,0,,23:01,23:32,648,,2.92,,
S15,Rockweed,17,7.8,20,20240428,RW_T17_92_Dark_20240428_O2,Dark,,92,0,,23:01,23:32,648,,3.1998,,
S15,Rockweed,17,7.8,20,20240428,RW_T17_93_Dark_20240428_O2,Dark,,93,0,,23:01,23:32,648,,3.2273,,
S15,Rockweed,17,7.8,20,20240428,RW_T17_94_Dark_20240428_O2,Dark,,94,0,,23:01,23:32,648,,2.867,,
S15,Rockweed,17,7.8,20,20240428,RW_T17_95_Dark_20240428_O2,Dark,,95,0,,23:01,23:32,646,,3.2315,,
S15,Rockweed,17,7.8,20,20240428,RW_T17_96_Dark_20240428_O2,Dark,,96,0,,23:01,23:32,646,,3.3786,,
S15,Rockweed,17,7.8,20,20240428,RW_T17_B_Dark_20240428_O2,Dark,,Blank,1,,23:01,23:32,650,,0,,
S16,Rockweed,17,7.8,20,20240428,RW_T17_91_Light_20240428_O2,Light,,91,0,,23:52,0:24,648,,2.92,,
S16,Rockweed,17,7.8,20,20240428,RW_T17_92_Light_20240428_O2,Light,,92,0,,23:52,0:24,648,,3.1998,,
S16,Rockweed,17,7.8,20,20240428,RW_T17_93_Light_20240428_O2,Light,,93,0,,23:52,0:24,648,,3.2273,,
S16,Rockweed,17,7.8,20,20240428,RW_T17_94_Light_20240428_O2,Light,,94,0,,23:52,0:24,648,,2.867,,
S16,Rockweed,17,7.8,20,20240428,RW_T17_95_Light_20240428_O2,Light,,95,0,,23:52,0:24,646,,3.2315,,
S16,Rockweed,17,7.8,20,20240428,RW_T17_96_Light_20240428_O2,Light,,96,0,,23:52,0:24,646,,3.3786,,
S16,Rockweed,17,7.8,20,20240428,RW_T17_B_Light_20240428_O2,Light,,Blank,1,,23:52,0:24,650,,0,,
S17,Rockweed,19,7.9,20,20240428,RW_T19_103_Dark_20240428_O2,Dark,,103,0,,0:47,1:20,646,,4.3715,,
S17,Rockweed,19,7.9,20,20240428,RW_T19_104_Dark_20240428_O2,Dark,,104,0,,0:47,1:20,646,,2.93,,
S17,Rockweed,19,7.9,20,20240428,RW_T19_105_Dark_20240428_O2,Dark,,105,0,,0:47,1:20,646,,3.5433,,
S17,Rockweed,19,7.9,20,20240428,RW_T19_106_Dark_20240428_O2,Dark,,106,0,,0:47,1:20,646,,3.8225,,
S17,Rockweed,19,7.9,20,20240428,RW_T19_107_Dark_20240428_O2,Dark,,107,0,,0:47,1:20,646,,3.218,,
S17,Rockweed,19,7.9,20,20240428,RW_T19_108_Dark_20240428_O2,Dark,,108,0,,0:47,1:20,648,,3.5755,,
S17,Rockweed,19,7.9,20,20240428,RW_T19_B_Dark_20240428_O2,Dark,,Blank,1,,0:47,1:20,650,,0,,
S18,Rockweed,19,7.9,20,20240428,RW_T19_103_Light_20240428_O2,Light,,103,0,,1:37,2:09,646,,4.3715,,
S18,Rockweed,19,7.9,20,20240428,RW_T19_104_Light_20240428_O2,Light,,104,0,,1:37,2:09,646,,2.93,,
S18,Rockweed,19,7.9,20,20240428,RW_T19_105_Light_20240428_O2,Light,,105,0,,1:37,2:09,646,,3.5433,,
S18,Rockweed,19,7.9,20,20240428,RW_T19_106_Light_20240428_O2,Light,,106,0,,1:37,2:09,646,,3.8225,,
S18,Rockweed,19,7.9,20,20240428,RW_T19_107_Light_20240428_O2,Light,,107,0,,1:37,2:09,646,,3.218,,
S18,Rockweed,19,7.9,20,20240428,RW_T19_108_Light_20240428_O2,Light,,108,0,,1:37,2:09,648,,3.5755,,
S18,Rockweed,19,7.9,20,20240428,RW_T19_B_Light_20240428_O2,Light,,Blank,1,,1:37,2:09,650,,0,,
S19,Rockweed,8,7.4,16,20240429,RW_T8_43_Dark_20240429_O2,Dark,,43,0,,10:03,10:35,648,,2.4044,,
S19,Rockweed,8,7.4,16,20240429,RW_T8_44_Dark_20240429_O2,Dark,,44,0,,10:03,10:35,648,,2.4338,,
S19,Rockweed,8,7.4,16,20240429,RW_T8_45_Dark_20240429_O2,Dark,,45,0,,10:03,10:35,646,,2.8227,,
S19,Rockweed,8,7.4,16,20240429,RW_T8_46_Dark_20240429_O2,Dark,,46,0,,10:03,10:35,648,,2.9006,,
S19,Rockweed,8,7.4,16,20240429,RW_T8_47_Dark_20240429_O2,Dark,,47,0,,10:03,10:35,648,,2.8739,,
S19,Rockweed,8,7.4,16,20240429,RW_T8_48_Dark_20240429_O2,Dark,,48,0,,10:03,10:35,648,,2.4331,,
S19,Rockweed,8,7.4,16,20240429,RW_T8_B_Dark_20240429_O2,Dark,,Blank,1,,10:03,10:35,650,,0,,
S20,Rockweed,8,7.4,16,20240429,RW_T8_43_Light_20240429_O2,Light,,43,0,,10:58,11:29,648,,2.4044,,
S20,Rockweed,8,7.4,16,20240429,RW_T8_45_Light_20240429_O2,Light,,45,0,,10:58,11:29,646,,2.8227,,
S20,Rockweed,8,7.4,16,20240429,RW_T8_46_Light_20240429_O2,Light,,46,0,,10:58,11:29,648,,2.9006,,
S20,Rockweed,8,7.4,16,20240429,RW_T8_47_Light_20240429_O2,Light,,47,0,,10:58,11:29,648,,2.8739,,
S20,Rockweed,8,7.4,16,20240429,RW_T8_48_Light_20240429_O2,Light,,48,0,,10:58,11:29,648,,2.4331,,
S20,Rockweed,8,7.4,16,20240429,RW_T8_B_Light_20240429_O2,Light,,Blank,1,,10:58,11:29,650,,0,,
S21,Rockweed,18,8,16,20240429,RW_T18_97_Dark_20240429_O2,Dark,,97,0,,12:46,13:18,648,,2.6123,,
S21,Rockweed,18,8,16,20240429,RW_T18_98_Dark_20240429_O2,Dark,,98,0,,12:46,13:18,648,,2.7263,,
S21,Rockweed,18,8,16,20240429,RW_T18_99_Dark_20240429_O2,Dark,,99,0,,12:46,13:18,646,,3.1062,,
S21,Rockweed,18,8,16,20240429,RW_T18_100_Dark_20240429_O2,Dark,,100,0,,12:46,13:18,648,,2.9928,,
S21,Rockweed,18,8,16,20240429,RW_T18_101_Dark_20240429_O2,Dark,,101,0,,12:46,13:18,648,,3.8461,,
S21,Rockweed,18,8,16,20240429,RW_T18_102_Dark_20240429_O2,Dark,,102,0,,12:46,13:18,648,,2.9943,,
S21,Rockweed,18,8,16,20240429,RW_T18_B_Dark_20240429_O2,Dark,,Blank,1,,12:46,13:18,650,,0,,
S22,Rockweed,18,8,16,20240429,RW_T18_97_Light_20240429_O2,Light,,97,0,,13:43,14:15,648,,2.6123,,
S22,Rockweed,18,8,16,20240429,RW_T18_98_Light_20240429_O2,Light,,98,0,,13:43,14:15,648,,2.7263,,
S22,Rockweed,18,8,16,20240429,RW_T18_99_Light_20240429_O2,Light,,99,0,,13:43,14:15,646,,3.1062,,
S22,Rockweed,18,8,16,20240429,RW_T18_100_Light_20240429_O2,Light,,100,0,,13:43,14:15,648,,2.9928,,
S22,Rockweed,18,8,16,20240429,RW_T18_101_Light_20240429_O2,Light,,101,0,,13:43,14:15,648,,3.8461,,
S22,Rockweed,18,8,16,20240429,RW_T18_102_Light_20240429_O2,Light,,102,0,,13:43,14:15,648,,2.9943,,
S22,Rockweed,18,8,16,20240429,RW_T18_B_Light_20240429_O2,Light,,Blank,1,,13:43,14:15,650,,0,,
S23,Rockweed,3,7.7,16,20240429,RW_T3_13_Dark_20240429_O2,Dark,,13,0,,14:44,15:17,648,,2.406,,
S23,Rockweed,3,7.7,16,20240429,RW_T3_14_Dark_20240429_O2,Dark,,14,0,,14:44,15:17,646,,2.8902,,
S23,Rockweed,3,7.7,16,20240429,RW_T3_15_Dark_20240429_O2,Dark,,15,0,,14:44,15:17,648,,2.6644,,
S23,Rockweed,3,7.7,16,20240429,RW_T3_16_Dark_20240429_O2,Dark,,16,0,,14:44,15:17,648,,2.7143,,
S23,Rockweed,3,7.7,16,20240429,RW_T3_17_Dark_20240429_O2,Dark,,17,0,,14:44,15:17,648,,2.5992,,
S23,Rockweed,3,7.7,16,20240429,RW_T3_18_Dark_20240429_O2,Dark,,18,0,,14:44,15:17,646,,2.3613,,
S23,Rockweed,3,7.7,16,20240429,RW_T3_B_Dark_20240429_O2,Dark,,Blank,1,,14:44,15:17,650,,0,,
S24,Rockweed,3,7.7,16,20240429,RW_T3_13_Light_20240429_O2,Light,,13,0,,15:39,16:10,648,,2.406,,
S24,Rockweed,3,7.7,16,20240429,RW_T3_14_Light_20240429_O2,Light,,14,0,,15:39,16:10,646,,2.8902,,
S24,Rockweed,3,7.7,16,20240429,RW_T3_15_Light_20240429_O2,Light,,15,0,,15:39,16:10,648,,2.6644,,
S24,Rockweed,3,7.7,16,20240429,RW_T3_16_Light_20240429_O2,Light,,16,0,,15:39,16:10,648,,2.7143,,
S24,Rockweed,3,7.7,16,20240429,RW_T3_17_Light_20240429_O2,Light,,17,0,,15:39,16:10,648,,2.5992,,
S24,Rockweed,3,7.7,16,20240429,RW_T3_18_Light_20240429_O2,Light,,18,0,,15:39,16:10,646,,2.3613,,
S24,Rockweed,3,7.7,16,20240429,RW_T3_B_Light_20240429_O2,Light,,Blank,1,,15:39,16:10,650,,0,,
S25,Rockweed,6,7.3,16,20240429,RW_T6_31_Dark_20240429_O2,Dark,,31,0,,16:43,17:15,648,,2.7825,,
S25,Rockweed,6,7.3,16,20240429,RW_T6_32_Dark_20240429_O2,Dark,,32,0,,16:43,17:15,648,,2.9823,,
S25,Rockweed,6,7.3,16,20240429,RW_T6_33_Dark_20240429_O2,Dark,,33,0,,16:43,17:15,648,,2.4774,,
S25,Rockweed,6,7.3,16,20240429,RW_T6_34_Dark_20240429_O2,Dark,,34,0,,16:43,17:15,648,,2.4587,,
S25,Rockweed,6,7.3,16,20240429,RW_T6_35_Dark_20240429_O2,Dark,,35,0,,16:43,17:15,646,,2.8219,,
S25,Rockweed,6,7.3,16,20240429,RW_T6_36_Dark_20240429_O2,Dark,,36,0,,16:43,17:15,648,,2.5357,,
S25,Rockweed,6,7.3,16,20240429,RW_T6_B_Dark_20240429_O2,Dark,,Blank,1,,16:43,17:15,650,,0,,
S26,Rockweed,6,7.3,16,20240429,RW_T6_31_Light_20240429_O2,Light,,31,0,,17:30,18:05,648,,2.7825,,
S26,Rockweed,6,7.3,16,20240429,RW_T6_32_Light_20240429_O2,Light,,32,0,,17:30,18:05,648,,2.9823,,
S26,Rockweed,6,7.3,16,20240429,RW_T6_33_Light_20240429_O2,Light,,33,0,,17:30,18:05,648,,2.4774,,
S26,Rockweed,6,7.3,16,20240429,RW_T6_34_Light_20240429_O2,Light,,34,0,,17:30,18:05,648,,2.4587,,
S26,Rockweed,6,7.3,16,20240429,RW_T6_35_Light_20240429_O2,Light,,35,0,,17:30,18:05,646,,2.8219,,
S26,Rockweed,6,7.3,16,20240429,RW_T6_36_Light_20240429_O2,Light,,36,0,,17:30,18:05,648,,2.5357,,
S26,Rockweed,6,7.3,16,20240429,RW_T6_B_Light_20240429_O2,Light,,Blank,1,,17:30,18:05,650,,0,,
S27,Rockweed,14,7.8,16,20240429,RW_T14_79_Dark_20240429_O2,Dark,,79,0,,19:15,19:47,646,,3.3104,,
S27,Rockweed,14,7.8,16,20240429,RW_T14_80_Dark_20240429_O2,Dark,,80,0,,19:15,19:47,648,,3.3033,,
S27,Rockweed,14,7.8,16,20240429,RW_T14_81_Dark_20240429_O2,Dark,,81,0,,19:15,19:47,646,,3.5405,,
S27,Rockweed,14,7.8,16,20240429,RW_T14_82_Dark_20240429_O2,Dark,,82,0,,19:15,19:47,646,,2.7971,,
S27,Rockweed,14,7.8,16,20240429,RW_T14_83_Dark_20240429_O2,Dark,,83,0,,19:15,19:47,646,,4.0425,,
S27,Rockweed,14,7.8,16,20240429,RW_T14_84_Dark_20240429_O2,Dark,,84,0,,19:15,19:47,646,,3.674,,
S27,Rockweed,14,7.8,16,20240429,RW_T14_B_Dark_20240429_O2,Dark,,Blank,1,,19:15,19:47,650,,0,,
S28,Rockweed,14,7.8,16,20240429,RW_T14_79_Light_20240429_O2,Light,,79,0,,20:07,20:38,646,,3.3104,,
S28,Rockweed,14,7.8,16,20240429,RW_T14_80_Light_20240429_O2,Light,,80,0,,20:07,20:38,648,,3.3033,,
S28,Rockweed,14,7.8,16,20240429,RW_T14_81_Light_20240429_O2,Light,,81,0,,20:07,20:38,646,,3.5405,,
S28,Rockweed,14,7.8,16,20240429,RW_T14_82_Light_20240429_O2,Light,,82,0,,20:07,20:38,646,,2.7971,,
S28,Rockweed,14,7.8,16,20240429,RW_T14_83_Light_20240429_O2,Light,,83,0,,20:07,20:38,646,,4.0425,,
S28,Rockweed,14,7.8,16,20240429,RW_T14_84_Light_20240429_O2,Light,,84,0,,20:07,20:38,646,,3.674,,
S28,Rockweed,14,7.8,16,20240429,RW_T14_B_Light_20240429_O2,Light,,Blank,1,,20:07,20:38,650,,0,,
S29,Rockweed,7,7.6,16,20240429,RW_T7_37_Dark_20240429_O2,Dark,,37,0,,21:01,21:31,646,,3.4157,,
S29,Rockweed,7,7.6,16,20240429,RW_T7_38_Dark_20240429_O2,Dark,,38,0,,21:01,21:31,648,,2.974,,
S29,Rockweed,7,7.6,16,20240429,RW_T7_39_Dark_20240429_O2,Dark,,39,0,,21:01,21:31,648,,2.7823,,
S29,Rockweed,7,7.6,16,20240429,RW_T7_40_Dark_20240429_O2,Dark,,40,0,,21:01,21:31,648,,3.2179,,
S29,Rockweed,7,7.6,16,20240429,RW_T7_41_Dark_20240429_O2,Dark,,41,0,,21:01,21:31,648,,3.1852,,
S29,Rockweed,7,7.6,16,20240429,RW_T7_42_Dark_20240429_O2,Dark,,42,0,,21:01,21:31,646,,2.804,,
S29,Rockweed,7,7.6,16,20240429,RW_T7_B_Dark_20240429_O2,Dark,,Blank,1,,21:01,21:31,650,,0,,
S30,Rockweed,7,7.6,16,20240429,RW_T7_37_Light_20240429_O2,Light,,37,0,,21:59,22:31,646,,3.4157,,
S30,Rockweed,7,7.6,16,20240429,RW_T7_38_Light_20240429_O2,Light,,38,0,,21:59,22:31,648,,2.974,,
S30,Rockweed,7,7.6,16,20240429,RW_T7_39_Light_20240429_O2,Light,,39,0,,21:59,22:31,648,,2.7823,,
S30,Rockweed,7,7.6,16,20240429,RW_T7_40_Light_20240429_O2,Light,,40,0,,21:59,22:31,648,,3.2179,,
S30,Rockweed,7,7.6,16,20240429,RW_T7_41_Light_20240429_O2,Light,,41,0,,21:59,22:31,648,,3.1852,,
S30,Rockweed,7,7.6,16,20240429,RW_T7_42_Light_20240429_O2,Light,,42,0,,21:59,22:31,646,,2.804,,
S30,Rockweed,7,7.6,16,20240429,RW_T7_B_Light_20240429_O2,Light,,Blank,1,,21:59,22:31,650,,0,,
S31,Rockweed,10,7.5,16,20240429,RW_T10_55_Dark_20240429_O2,Dark,,55,0,,22:53,23:24,646,,3.3636,,
S31,Rockweed,10,7.5,16,20240429,RW_T10_56_Dark_20240429_O2,Dark,,56,0,,22:53,23:24,646,,3.2903,,
S31,Rockweed,10,7.5,16,20240429,RW_T10_57_Dark_20240429_O2,Dark,,57,0,,22:53,23:24,648,,2.3609,,
S31,Rockweed,10,7.5,16,20240429,RW_T10_58_Dark_20240429_O2,Dark,,58,0,,22:53,23:24,648,,2.6948,,
S31,Rockweed,10,7.5,16,20240429,RW_T10_59_Dark_20240429_O2,Dark,,59,0,,22:53,23:24,648,,2.4682,,
S31,Rockweed,10,7.5,16,20240429,RW_T10_60_Dark_20240429_O2,Dark,,60,0,,22:53,23:24,648,,2.1461,,
S31,Rockweed,10,7.5,16,20240429,RW_T10_B_Dark_20240429_O2,Dark,,Blank,1,,22:53,23:24,650,,0,,
S32,Rockweed,10,7.5,16,20240430,RW_T10_55_Light_20240429_O2,Light,,55,0,,23:43,0:15,646,,3.3636,,
S32,Rockweed,10,7.5,16,20240430,RW_T10_56_Light_20240429_O2,Light,,56,0,,23:43,0:15,646,,3.2903,,
S32,Rockweed,10,7.5,16,20240430,RW_T10_57_Light_20240429_O2,Light,,57,0,,23:43,0:15,648,,2.3609,,
S32,Rockweed,10,7.5,16,20240430,RW_T10_58_Light_20240429_O2,Light,,58,0,,23:43,0:15,648,,2.6948,,
S32,Rockweed,10,7.5,16,20240430,RW_T10_59_Light_20240429_O2,Light,,59,0,,23:43,0:15,648,,2.4682,,
S32,Rockweed,10,7.5,16,20240430,RW_T10_60_Light_20240429_O2,Light,,60,0,,23:43,0:15,648,,2.1461,,
S32,Rockweed,10,7.5,16,20240430,RW_T10_B_Light_20240429_O2,Light,,Blank,1,,23:43,0:15,650,,0,,
S33,Rockweed,12,7.2,16,20240430,RW_T12_67_Dark_20240429_O2,Dark,,67,0,,0:46,1:17,646,,3.2255,,
S33,Rockweed,12,7.2,16,20240430,RW_T12_68_Dark_20240429_O2,Dark,,68,0,,0:46,1:17,648,,3.2647,,
S33,Rockweed,12,7.2,16,20240430,RW_T12_69_Dark_20240429_O2,Dark,,69,0,,0:46,1:17,646,,2.8302,,
S33,Rockweed,12,7.2,16,20240430,RW_T12_70_Dark_20240429_O2,Dark,,70,0,,0:46,1:17,648,,2.6975,,
S33,Rockweed,12,7.2,16,20240430,RW_T12_71_Dark_20240429_O2,Dark,,71,0,,0:46,1:17,648,,3.551,,
S33,Rockweed,12,7.2,16,20240430,RW_T12_72_Dark_20240429_O2,Dark,,72,0,,0:46,1:17,648,,1.6463,,
S33,Rockweed,12,7.2,16,20240430,RW_T12_B_Dark_20240429_O2,Dark,,Blank,1,,0:46,1:17,650,,0,,
S34,Rockweed,12,7.2,16,20240430,RW_T12_67_Light_20240429_O2,Light,,67,0,,1:34,2:05,646,,3.2255,,
S34,Rockweed,12,7.2,16,20240430,RW_T12_68_Light_20240429_O2,Light,,68,0,,1:34,2:05,648,,3.2647,,
S34,Rockweed,12,7.2,16,20240430,RW_T12_69_Light_20240429_O2,Light,,69,0,,1:34,2:05,646,,2.8302,,
S34,Rockweed,12,7.2,16,20240430,RW_T12_70_Light_20240429_O2,Light,,70,0,,1:34,2:05,648,,2.6975,,
S34,Rockweed,12,7.2,16,20240430,RW_T12_71_Light_20240429_O2,Light,,71,0,,1:34,2:05,648,,3.551,,
S34,Rockweed,12,7.2,16,20240430,RW_T12_72_Light_20240429_O2,Light,,72,0,,1:34,2:05,648,,1.6463,,
S34,Rockweed,12,7.2,16,20240430,RW_T12_B_Light_20240429_O2,Light,,Blank,1,,1:34,2:05,650,,0,,
S35,Rockweed,15,7.9,16,20240430,RW_T15_85_Dark_20240429_O2,Dark,,85,0,,2:29,3:01,648,,3.434,,
S35,Rockweed,15,7.9,16,20240430,RW_T15_86_Dark_20240429_O2,Dark,,86,0,,2:29,3:01,646,,4.3511,,
S35,Rockweed,15,7.9,16,20240430,RW_T15_87_Dark_20240429_O2,Dark,,87,0,,2:29,3:01,648,,3.6467,,
S35,Rockweed,15,7.9,16,20240430,RW_T15_88_Dark_20240429_O2,Dark,,88,0,,2:29,3:01,648,,2.1995,,
S35,Rockweed,15,7.9,16,20240430,RW_T15_89_Dark_20240429_O2,Dark,,89,0,,2:29,3:01,648,,3.6195,,
S35,Rockweed,15,7.9,16,20240430,RW_T15_90_Dark_20240429_O2,Dark,,90,0,,2:29,3:01,646,,4.0075,,
S35,Rockweed,15,7.9,16,20240430,RW_T15_B_Dark_20240429_O2,Dark,,Blank,1,,2:29,3:01,650,,0,,
S36,Rockweed,15,7.9,16,20240430,RW_T15_85_Light_20240429_O2,Light,,85,0,,3:21,3:55,648,,3.434,,
S36,Rockweed,15,7.9,16,20240430,RW_T15_86_Light_20240429_O2,Light,,86,0,,3:21,3:55,646,,4.3511,,
S36,Rockweed,15,7.9,16,20240430,RW_T15_87_Light_20240429_O2,Light,,87,0,,3:21,3:55,648,,3.6467,,
S36,Rockweed,15,7.9,16,20240430,RW_T15_88_Light_20240429_O2,Light,,88,0,,3:21,3:55,648,,2.1995,,
S36,Rockweed,15,7.9,16,20240430,RW_T15_89_Light_20240429_O2,Light,,89,0,,3:21,3:55,648,,3.6195,,
S36,Rockweed,15,7.9,16,20240430,RW_T15_90_Light_20240429_O2,Light,,90,0,,3:21,3:55,646,,4.0075,,
S36,Rockweed,15,7.9,16,20240430,RW_T15_B_Light_20240429_O2,Light,,Blank,1,,3:21,3:55,650,,0,,
S37,Rockweed,8,7.4,16,20240430,RW_T8_44_Light_20240430_O2,Light,,44,0,,4:08,4:39,648,,2.4338,,
S37,Rockweed,8,7.4,16,20240430,RW_T8_B_Light_20240430_O2,Light,,Blank,1,,4:08,4:39,650,,0,,
S38,Tegula,8,7.4,16,20240430,TEG_T8_25_20240430_O2,Dark,,25,0,,19:50,20:25,121.5,,1.681,6:27,8:35
S38,Tegula,8,7.4,16,20240430,TEG_T8_43_20240430_O2,Dark,,43,0,,19:50,20:25,121,,2.3822,6:28,8:29
S38,Tegula,8,7.4,16,20240430,TEG_T8_13_20240430_O2,Dark,,13,0,,19:50,20:25,120.5,,2.8554,6:29,8:33
S38,Tegula,8,7.4,16,20240430,TEG_T8_B_20240430_O2,Dark,,Blank,1,,19:50,20:25,122,,,,
S38,Tegula,18,8,16,20240430,TEG_T18_37_20240430_O2,Dark,,37,0,,19:50,20:25,121,,2.022,6:35,8:39
S38,Tegula,18,8,16,20240430,TEG_T18_08_20240430_O2,Dark,,8,0,,19:50,20:25,120,,2.1306,6:37,8:30
S38,Tegula,18,8,16,20240430,TEG_T18_11_20240430_O2,Dark,,11,0,,19:50,20:25,120.5,,2.1805,6:38,8:35
S38,Tegula,18,8,16,20240430,TEG_T18_B_20240430_O2,Dark,,Blank,1,,19:50,20:25,122,,,,
S39,Tegula,3,7.7,16,20240430,TEG_T3_02_20240430_O2,Dark,,2,0,,21:15,22:18,114.5,,2.5047,8:43,10:20
S39,Tegula,3,7.7,16,20240430,TEG_T3_61_20240430_O2,Dark,,61,0,,21:15,22:18,115,,1.0905,8:44,10:21
S39,Tegula,3,7.7,16,20240430,TEG_T3_71_20240430_O2,Dark,,71,0,,21:15,22:18,115,,2.2174,8:45,10:20
S39,Tegula,3,7.7,16,20240430,TEG_T3_B_20240430_O2,Dark,,Blank,1,,21:15,22:18,116,,,,
S39,Tegula,6,7.3,16,20240430,TEG_T6_07_20240430_O2,Dark,,7,0,,21:15,22:18,115,,1.9467,8:47,10:22
S39,Tegula,6,7.3,16,20240430,TEG_T6_30_20240430_O2,Dark,,30,0,,21:15,22:18,115,,2.2574,8:48,10:23
S39,Tegula,6,7.3,16,20240430,TEG_T6_73_20240430_O2,Dark,,73,0,,21:15,22:18,115,,2.1169,8:48,10:22
S39,Tegula,6,7.3,16,20240430,TEG_T6_B_20240430_O2,Dark,,Blank,1,,21:15,22:18,116,,,,
S40,Tegula,7,7.6,16,20240501,TEG_T7_06_20240430_O2,Dark,,6,0,,23:00,0:03,115,,2.4597,22:35,0:05
S40,Tegula,7,7.6,16,20240501,TEG_T7_14_20240430_O2,Dark,,14,0,,23:00,0:03,115,,2.062,22:37,0:07
S40,Tegula,7,7.6,16,20240501,TEG_T7_42_20240430_O2,Dark,,42,0,,23:00,0:03,115,,1.9351,22:36,0:10
S40,Tegula,7,7.6,16,20240501,TEG_T7_B_20240430_O2,Dark,,Blank,1,,23:00,0:03,116,,,,
S40,Tegula,14,7.8,16,20240501,TEG_T14_10_20240430_O2,Dark,,10,0,,23:00,0:03,115,,1.7621,22:40,0:15
S40,Tegula,14,7.8,16,20240501,TEG_T14_66_20240430_O2,Dark,,66,0,,23:00,0:03,114.5,,2.1565,22:44,0:17
S40,Tegula,14,7.8,16,20240501,TEG_T14_72_20240430_O2,Dark,,72,0,,23:00,0:03,115,,1.7517,22:43,0:08
S40,Tegula,14,7.8,16,20240501,TEG_T14_B_20240430_O2,Dark,,Blank,1,,23:00,0:03,116,,,,
S41,Tegula,10,7.5,16,20240501,TEG_T10_28_20240430_O2,Dark,,28,0,,0:44,1:48,115,,2.09,0:18,1:50
S41,Tegula,10,7.5,16,20240501,TEG_T10_47_20240430_O2,Dark,,47,0,,0:44,1:48,115,,2.5555,0:17,1:52
S41,Tegula,10,7.5,16,20240501,TEG_T10_51_20240430_O2,Dark,,51,0,,0:44,1:48,115,,1.8786,0:20,1:58
S41,Tegula,10,7.5,16,20240501,TEG_T10_B_2024030_O2,Dark,,Blank,1,,0:44,1:48,116,,,,
S41,Tegula,12,7.2,16,20240501,TEG_T12_01_20240430_O2,Dark,,1,0,,0:44,1:48,114.5,,2.6701,0:23,1:56
S41,Tegula,12,7.2,16,20240501,TEG_T12_60_20240430_O2,Dark,,60,0,,0:44,1:48,114.5,,2.146,0:25,1:55
S41,Tegula,12,7.2,16,20240501,TEG_T12_75_20240430_O2,Dark,,75,0,,0:44,1:48,115,,1.6288,0:26,1:51
S41,Tegula,12,7.2,16,20240501,TEG_T12_B_20240430_O2,Dark,,Blank,1,,0:44,1:48,116,,,,
S42,Tegula,15,7.9,16,20240501,TEG_T15_09_20240430_O2,Dark,,9,0,,2:15,3:17,113,,3.109,2:00,3:20
S42,Tegula,15,7.9,16,20240501,TEG_T15_32_20240430_O2,Dark,,32,0,,2:15,3:17,115,,1.7413,2:03,3:21
S42,Tegula,15,7.9,16,20240501,TEG_T15_74_20240430_O2,Dark,,74,0,,2:15,3:17,115,,1.8394,2:01,3:23
S42,Tegula,15,7.9,16,20240501,TEG_T15_B_20240430_O2,Dark,,Blank,1,,2:15,3:17,116,,,,
S42,Tegula,6,7.3,16,20240501,TEG_T6_07_20240501_O2,Dark,,7,0,,2:15,3:17,115,,1.9467,2:05,3:25
S42,Tegula,6,7.3,16,20240501,TEG_T6_B_20240501_O2,Dark,,Blank,1,,2:15,3:17,116,,,,
S43,Tegula,1,7.2,20,20240501,TEG_T1_56_20240430_O2,Dark,,56,0,,12:58,13:59,115,,2.1513,12:30,14:01
S43,Tegula,1,7.2,20,20240501,TEG_T1_64_20240430_O2,Dark,,64,0,,12:58,13:59,115,,2.6523,12:32,14:05
S43,Tegula,1,7.2,20,20240501,TEG_T1_69_20240430_O2,Dark,,69,0,,12:58,13:59,115,,1.6639,12:33,14:06
S43,Tegula,1,7.2,20,20240501,TEG_T1_B_20240430_O2,Dark,,Blank,1,,12:58,13:59,116,,,,
S43,Tegula,2,7.4,20,20240501,TEG_T2_26_20240430_O2,Dark,,26,0,,12:58,13:59,115,,2.0852,12:38,14:03
S43,Tegula,2,7.4,20,20240501,TEG_T2_27_20240430_O2,Dark,,27,0,,12:58,13:59,115,,2.3067,12:40,14:10
S43,Tegula,2,7.4,20,20240501,TEG_T2_67_20240430_O2,Dark,,67,0,,12:58,13:59,115,,2.2638,12:39,14:02
S43,Tegula,2,7.4,20,20240501,TEG_T2_B_20240430_O2,Dark,,Blank,1,,12:58,13:59,116,,,,
S44,Tegula,4,7.3,20,20240501,TEG_T4_19_20240430_O2,Dark,,19,0,,14:37,15:38,115,,2.3462,14:15,15:40
S44,Tegula,4,7.3,20,20240501,TEG_T4_20_20240430_O2,Dark,,20,0,,14:37,15:38,114.5,,2.6092,14:16,15:41
S44,Tegula,4,7.3,20,20240501,TEG_T4_62_20240430_O2,Dark,,62,0,,14:37,15:38,115,,2.3512,14:17,15:42
S44,Tegula,4,7.3,20,20240501,TEG_T4_B_20240430_O2,Dark,,Blank,1,,14:37,15:38,116,,,,
S44,Tegula,19,7.9,20,20240501,TEG_T19_05_20240430_O2,Dark,,5,0,,14:37,15:38,115,,1.8612,14:19,15:43
S44,Tegula,19,7.9,20,20240501,TEG_T19_17_20240430_O2,Dark,,17,0,,14:37,15:38,114.5,,2.5809,14:20,15:42
S44,Tegula,19,7.9,20,20240501,TEG_T19_18_20240430_O2,Dark,,18,0,,14:37,15:38,115,,2.2872,14:22,15:40
S44,Tegula,19,7.9,20,20240501,TEG_T19_B_20240430_O2,Dark,,Blank,1,,14:37,15:38,116,,,,
S45,Tegula,13,8,20,20240501,TEG_T13_03_20240430_O2,Dark,,3,0,,16:23,17:24,115,,2.3898,16:00,17:27
S45,Tegula,13,8,20,20240501,TEG_T13_15_20240430_O2,Dark,,15,0,,16:23,17:24,115,,1.7951,16:02,17:30
S45,Tegula,13,8,20,20240501,TEG_T13_59_20240430_O2,Dark,,59,0,,16:23,17:24,115,,2.2136,16:05,17:31
S45,Tegula,13,8,20,20240501,TEG_T13_B_20240430_O2,Dark,,Blank,1,,16:23,17:24,116,,,,
S45,Tegula,5,7.5,20,20240501,TEG_T5_23_20240430_O2,Dark,,23,0,,16:23,17:24,115,,2.5027,16:10,17:35
S45,Tegula,5,7.5,20,20240501,TEG_T5_34_20240430_O2,Dark,,34,0,,16:23,17:24,115,,2.0595,16:12,17:29
S45,Tegula,5,7.5,20,20240501,TEG_T5_68_20240430_O2,Dark,,68,0,,16:23,17:24,115,,2.0338,16:14,17:30
S45,Tegula,5,7.5,20,20240501,TEG_T5_B_20240430_O2,Dark,,Blank,1,,16:23,17:24,116,,,,
S46,Tegula,9,7.7,20,20240501,TEG_T9_44_20240430_O2,Dark,,44,0,,18:02,19:15,115,,1.8191,17:50,19:17
S46,Tegula,9,7.7,20,20240501,TEG_T9_53_20240430_O2,Dark,,53,0,,18:02,19:15,114.5,,2.5698,17:52,19:20
S46,Tegula,9,7.7,20,20240501,TEG_T9_63_20240430_O2,Dark,,63,0,,18:02,19:15,115,,1.6733,17:54,19:18
S46,Tegula,9,7.7,20,20240501,TEG_T9_B_20240430_O2,Dark,,Blank,1,,18:02,19:15,116,,,,
S46,Tegula,17,7.8,20,20240501,TEG_T17_22_20240430_O2,Dark,,22,0,,18:02,19:15,115,,2.3002,17:45,19:19
S46,Tegula,17,7.8,20,20240501,TEG_T17_35_20240430_O2,Dark,,35,0,,18:02,19:15,114.5,,2.8157,17:46,19:21
S46,Tegula,17,7.8,20,20240501,TEG_T17_77_20240430_O2,Dark,,77,0,,18:02,19:15,115,,1.9138,17:48,19:16
S46,Tegula,17,7.8,20,20240501,TEG_T17_B_20240430_O2,Dark,,Blank,1,,18:02,19:15,116,,,,
S47,Tegula,11,7.6,20,20240501,TEG_T11_40_20240430_O2,Dark,,40,0,,19:39,20:40,115,,1.8756,19:25,20:42
S47,Tegula,11,7.6,20,20240501,TEG_T11_48_20240430_O2,Dark,,48,0,,19:39,20:40,115,,2.3639,19:26,20:45
S47,Tegula,11,7.6,20,20240501,TEG_T11_55_20240430_O2,Dark,,55,0,,19:39,20:40,115,,2.1489,19:27,20:46
S47,Tegula,11,7.6,20,20240501,TEG_T11_B_20240430_O2,Dark,,Blank,1,,19:39,20:40,116,,,,
