"","ID","Intercept","umol.L.sec","Temp.C","Light_Dark"
"1","RW_PI_16_1_20240617_O2",305.3761,0.0388999999999987,16.055,NA
"2","RW_PI_16_2_20240617_O2",328.751545,0.0393550000000001,16.363,NA
"3","RW_PI_16_3_20240617_O2",250.76115,0.0193499999999989,16.118,NA
"4","RW_PI_16_4_20240617_O2",386.47841,0.0427900000000005,16.5458333333333,NA
"5","RW_PI_16_5_20240617_O2",237.26732,0.00867999999999954,15.919,NA
"6","RW_PI_16_6_20240617_O2",287.26337,0.0290299999999996,16.4348333333333,NA
"7","RW_PI_16_Blank_20240617_O2",185.98938,-0.000979999999999848,16.109,NA
"8","RW_PI_20_1_20240617_O2",327.83614,0.0341600000000005,20.111,NA
"9","RW_PI_20_2_20240617_O2",329.657413809524,0.0226814285714267,20.3325,NA
"10","RW_PI_20_3_20240617_O2",187.36716,0.0173400000000004,20.114,NA
"11","RW_PI_20_4_20240617_O2",256.363965,0.0223349999999996,20.1966666666667,NA
"12","RW_PI_20_5_20240617_O2",278.018555,0.0290449999999998,19.9681666666667,NA
"13","RW_PI_20_6_20240617_O2",249.506412857143,0.0121585714285711,20.28,NA
"14","RW_PI_20_Blank_20240617_O2",206.213035,-0.00133499999999992,20.165,NA
"15","RW_T1_01_Dark_20240613_O2",259.90932,-0.00192000000000064,17.1005,NA
"16","RW_T1_01_Light_20240613_O2",269.91983,0.00617000000000037,16.484,NA
"17","RW_T1_02_Dark_20240613_O2",204.6527,-0.0032000000000005,17.1033333333333,NA
"18","RW_T1_02_Light_20240613_O2",216.7247,0.00630000000000024,16.392,NA
"19","RW_T1_03_Dark_20240613_O2",194.774785,-0.0029849999999999,17.0663333333333,NA
"20","RW_T1_03_Light_20240613_O2",233.518555,0.0279449999999994,16.5751666666667,NA
"21","RW_T1_04_Dark_20240613_O2",251.94957,-0.00117000000000047,16.992,NA
"22","RW_T1_04_Light_20240613_O2",293.43827,0.0281300000000011,16.524,NA
"23","RW_T1_05_Dark_20240613_O2",251.296836190476,-0.0039314285714292,17.0206666666667,NA
"24","RW_T1_05_Light_20240613_O2",273.250897619048,0.0132928571428568,16.372,NA
"25","RW_T1_06_Dark_20240613_O2",219.255975,-0.00247500000000002,16.9793333333333,NA
"26","RW_T1_06_Light_20240613_O2",240.828125,0.0123749999999995,16.426,NA
"27","RW_T1_1_Dark_20240428_O2",223.514075,-0.00207500000000095,19.583,NA
"28","RW_T1_1_Light_20240428_O2",263.804095,0.0140049999999997,20.063,NA
"29","RW_T1_2_Dark_20240428_O2",227.1983,-0.00480000000000018,19.7881666666667,NA
"30","RW_T1_2_Light_20240428_O2",253.860815238095,0.00556571428571308,20.351,NA
"31","RW_T1_3_Dark_20240428_O2",222.291565,-0.00636500000000012,19.825,NA
"32","RW_T1_3_Light_20240428_O2",283.32794,0.0170600000000007,20.232,NA
"33","RW_T1_4_Dark_20240428_O2",176.535805,-0.00390500000000003,19.654,NA
"34","RW_T1_4_Light_20240428_O2",212.62147,0.0106299999999996,20.2891666666667,NA
"35","RW_T1_5_Dark_20240428_O2",184.656435,-0.00343499999999978,19.829,NA
"36","RW_T1_5_Light_20240428_O2",209.403203333333,0.00812999999999941,20.241,NA
"37","RW_T1_6_Dark_20240428_O2",230.831637142857,-0.00520857142857306,19.74,NA
"38","RW_T1_6_Light_20240428_O2",266.26545,0.0090500000000003,20.2571666666667,NA
"39","RW_T1_B_Dark_20240428_O2",229.259805,-0.000905000000000337,19.589,NA
"40","RW_T1_B_Light_20240428_O2",232.008345,-0.000344999999998947,20.018,NA
"41","RW_T1_Blank_Dark_20240613_O2",246.34273,0.000470000000000695,16.7526666666667,NA
"42","RW_T1_Blank_Light_20240613_O2",246.381695,0.000105000000000766,16.23,NA
"43","RW_T10_55_Dark_20240429_O2",192.620635,-0.00363499999999959,16.275,NA
"44","RW_T10_55_Dark_20240612_O2",220.37935,-0.00435000000000002,19.711,NA
"45","RW_T10_55_Light_20240429_O2",239.972667619048,0.0185228571428566,16.5486666666667,NA
"46","RW_T10_55_Light_20240612_O2",235.69821,0.01079,20.34,NA
"47","RW_T10_56_Dark_20240429_O2",197.2459,-0.00490000000000006,16.333,NA
"48","RW_T10_56_Dark_20240612_O2",190.559017142857,-0.00258857142857188,19.879,NA
"49","RW_T10_56_Light_20240429_O2",216.165675,0.00722500000000005,16.385,NA
"50","RW_T10_56_Light_20240612_O2",200.696945,0.00505499999999927,20.4593333333333,NA
"51","RW_T10_57_Dark_20240429_O2",237.436606666667,-0.00393999999999993,16.1938333333333,NA
"52","RW_T10_57_Dark_20240612_O2",234.74431,-0.0043099999999994,19.923,NA
"53","RW_T10_57_Light_20240429_O2",265.773120952381,0.0124028571428566,16.132,NA
"54","RW_T10_57_Light_20240612_O2",253.52443,0.0120700000000011,20.227,NA
"55","RW_T10_58_Dark_20240429_O2",244.468595,-0.00549499999999939,16.361,NA
"56","RW_T10_58_Dark_20240612_O2",237.485762380953,-0.00495285714285845,19.942,NA
"57","RW_T10_58_Light_20240429_O2",281.02755,0.0148500000000007,16.534,NA
"58","RW_T10_58_Light_20240612_O2",284.377845,0.0291549999999997,20.29,NA
"59","RW_T10_59_Dark_20240429_O2",247.060041904762,-0.00699428571428699,16.331,NA
"60","RW_T10_59_Dark_20240612_O2",231.2162,-0.00480000000000013,19.878,NA
"61","RW_T10_59_Light_20240429_O2",277.97032,0.0104800000000007,16.4268333333333,NA
"62","RW_T10_59_Light_20240612_O2",269.73425,0.0247499999999999,20.462,NA
"63","RW_T10_60_Dark_20240429_O2",251.073755,-0.00565499999999986,16.343,NA
"64","RW_T10_60_Dark_20240612_O2",182.093622857143,-0.0040514285714293,19.918,NA
"65","RW_T10_60_Light_20240429_O2",273.975785,0.0157149999999996,16.295,NA
"66","RW_T10_60_Light_20240612_O2",198.66406,0.0117400000000003,20.27,NA
"67","RW_T10_B_Dark_20240429_O2",223.274206666667,-0.000540000000000835,16.356,NA
"68","RW_T10_B_Light_20240429_O2",223.33365,-0.00204999999999986,16.316,NA
"69","RW_T10_Blank_Dark_20240612_O2",237.167105,-0.000205000000000837,19.733,NA
"70","RW_T10_Blank_Light_20240612_O2",237.029165,-0.00136500000000012,20.252,NA
"71","RW_T11_61_Dark_20240428_O2",226.291515,-0.00711500000000055,20.096,NA
"72","RW_T11_61_Dark_20240613_O2",225.760015,-0.0033149999999992,16.318,NA
"73","RW_T11_61_Light_20240428_O2",289.73618,0.01322,20.261,NA
"74","RW_T11_61_Light_20240613_O2",245.1799,0.0131000000000004,16.4528333333333,NA
"75","RW_T11_62_Dark_20240428_O2",193.620195,-0.00429500000000019,20.172,NA
"76","RW_T11_62_Dark_20240613_O2",251.443375,-0.00367499999999969,16.344,NA
"77","RW_T11_62_Light_20240428_O2",214.94142,0.00658000000000021,20.258,NA
"78","RW_T11_62_Light_20240613_O2",273.630785,0.0149149999999997,16.694,NA
"79","RW_T11_63_Dark_20240428_O2",227.02074,-0.00573999999999927,20.1,NA
"80","RW_T11_63_Dark_20240613_O2",203.053640952381,-0.00211714285714437,16.324,NA
"81","RW_T11_63_Light_20240428_O2",302.866394285714,0.0264628571428562,20.5808333333333,NA
"82","RW_T11_63_Light_20240613_O2",224.356955238095,0.0164257142857137,16.6073333333333,NA
"83","RW_T11_64_Dark_20240428_O2",221.21799,-0.00378999999999967,20.0283333333333,NA
"84","RW_T11_64_Dark_20240613_O2",208.588687619048,-0.00349714285714309,16.4046666666667,NA
"85","RW_T11_64_Light_20240428_O2",284.82862,0.0263799999999996,20.0848333333333,NA
"86","RW_T11_64_Light_20240613_O2",237.448245238095,0.0221357142857144,16.459,NA
"87","RW_T11_65_Dark_20240428_O2",219.69741,-0.0056099999999995,20.04,NA
"88","RW_T11_65_Dark_20240613_O2",258.603735,-0.00523500000000012,16.276,NA
"89","RW_T11_65_Light_20240428_O2",279.37606,0.0197399999999988,20.171,NA
"90","RW_T11_65_Light_20240613_O2",274.7253,0.00969999999999971,16.436,NA
"91","RW_T11_66_Dark_20240428_O2",227.763155,-0.00455500000000086,20.179,NA
"92","RW_T11_66_Dark_20240613_O2",243.970911428572,-0.00262571428571489,16.205,NA
"93","RW_T11_66_Light_20240428_O2",235.902945,-0.00134499999999974,21.9916666666667,NA
"94","RW_T11_66_Light_20240613_O2",271.36446,0.0195400000000003,16.313,NA
"95","RW_T11_B_Dark_20240428_O2",192.892245,0.000955000000000065,20.086,NA
"96","RW_T11_B_Light_20240428_O2",193.749655,0.000844999999999977,20.2,NA
"97","RW_T11_Blank_Dark_20240613_O2",258.48259,-0.0017900000000003,16.257,NA
"98","RW_T11_Blank_Light_20240613_O2",257.72861,0.00238999999999976,16.3026666666667,NA
"99","RW_T12_67_Dark_20240429_O2",190.391595,-0.00419499999999865,16.1498333333333,NA
"100","RW_T12_67_Dark_20240612_O2",186.061735,-0.00193499999999988,20.235,NA
"101","RW_T12_67_Light_20240429_O2",226.251720952381,0.0138028571428571,16.722,NA
"102","RW_T12_67_Light_20240612_O2",209.80737,0.0122300000000003,20.1795,NA
"103","RW_T12_68_Dark_20240429_O2",198.114548571429,-0.00483428571428604,16.213,NA
"104","RW_T12_68_Dark_20240612_O2",221.061901904762,-0.00685428571428627,20.224,NA
"105","RW_T12_68_Light_20240429_O2",220.93582,0.00617999999999953,16.561,NA
"106","RW_T12_68_Light_20240612_O2",260.937545,0.017354999999999,20.185,NA
"107","RW_T12_69_Dark_20240429_O2",211.665895,-0.00579499999999965,16.2308333333333,NA
"108","RW_T12_69_Dark_20240612_O2",217.020945,-0.00384500000000031,20.1316666666667,NA
"109","RW_T12_69_Light_20240429_O2",245.24491,0.0178899999999997,16.5431666666667,NA
"110","RW_T12_69_Light_20240612_O2",277.099885,0.0368149999999997,20.094,NA
"111","RW_T12_70_Dark_20240429_O2",237.270235,-0.00653499999999983,16.2538333333333,NA
"112","RW_T12_70_Dark_20240612_O2",217.444525,-0.00652500000000003,20.292,NA
"113","RW_T12_70_Light_20240429_O2",293.571340952381,0.0221828571428558,16.8138333333333,NA
"114","RW_T12_70_Light_20240612_O2",271.200297619048,0.0318928571428575,20.023,NA
"115","RW_T12_71_Dark_20240429_O2",223.435581904762,-0.00753428571428625,16.0898333333333,NA
"116","RW_T12_71_Dark_20240612_O2",187.576398571429,-0.0066842857142866,20.26,NA
"117","RW_T12_71_Light_20240429_O2",270.512245,0.0157550000000005,16.321,NA
"118","RW_T12_71_Light_20240612_O2",231.219792380953,0.0220171428571419,20.357,NA
"119","RW_T12_72_Dark_20240429_O2",252.299505,-0.00240499999999997,16.196,NA
"120","RW_T12_72_Dark_20240612_O2",173.94636,-0.00385999999999996,20.188,NA
"121","RW_T12_72_Light_20240429_O2",286.624615,0.0147849999999994,16.638,NA
"122","RW_T12_72_Light_20240612_O2",200.467775,0.0128249999999997,19.9968333333333,NA
"123","RW_T12_B_Dark_20240429_O2",259.27931,-0.000609999999998649,16.112,NA
"124","RW_T12_B_Light_20240429_O2",261.80569,-0.000690000000000783,16.5465,NA
"125","RW_T12_Blank_Dark_20240612_O2",244.810615,-0.00181500000000028,20.242,NA
"126","RW_T12_Blank_Light_20240612_O2",245.842980952381,-0.000457142857143349,19.935,NA
"127","RW_T13_73_Dark_20240428_O2",188.93181,-0.0091100000000003,20.338,NA
"128","RW_T13_73_Dark_20240613_O2",203.79366,-0.00466000000000049,16.247,NA
"129","RW_T13_73_Light_20240428_O2",222.55978,0.0136200000000005,20.535,NA
"130","RW_T13_73_Light_20240613_O2",239.8552,0.0262999999999988,16.56,NA
"131","RW_T13_74_Dark_20240428_O2",216.672135,-0.0103350000000006,20.231,NA
"132","RW_T13_74_Dark_20240613_O2",256.880452380952,-0.00564285714285722,16.275,NA
"133","RW_T13_74_Light_20240428_O2",253.04139,0.0131099999999989,20.498,NA
"134","RW_T13_74_Light_20240613_O2",280.67863,0.0178699999999992,16.791,NA
"135","RW_T13_75_Dark_20240428_O2",199.23706,-0.0122599999999994,20.137,NA
"136","RW_T13_75_Dark_20240613_O2",256.45161,-0.00531000000000006,16.29,NA
"137","RW_T13_75_Light_20240428_O2",251.2328,0.0217000000000002,20.3611666666667,NA
"138","RW_T13_75_Light_20240613_O2",277.033245,0.0171550000000013,16.567,NA
"139","RW_T13_76_Dark_20240428_O2",216.228105,-0.011605,20.2066666666667,NA
"140","RW_T13_76_Dark_20240613_O2",239.715645,-0.00454500000000047,16.174,NA
"141","RW_T13_76_Light_20240428_O2",294.34455,0.0329500000000002,20.6963333333333,NA
"142","RW_T13_76_Light_20240613_O2",258.775485,0.0147149999999988,16.41,NA
"143","RW_T13_77_Dark_20240428_O2",166.29912,-0.00971999999999949,20.249,NA
"144","RW_T13_77_Dark_20240613_O2",252.67763,-0.00742999999999963,16.293,NA
"145","RW_T13_77_Light_20240428_O2",204.744455,0.015145,20.7,NA
"146","RW_T13_77_Light_20240613_O2",285.74182,0.0261799999999988,16.7451666666667,NA
"147","RW_T13_78_Dark_20240428_O2",220.419415,-0.00591499999999911,20.0701666666667,NA
"148","RW_T13_78_Dark_20240613_O2",222.357495,-0.0024950000000004,16.3881666666667,NA
"149","RW_T13_78_Light_20240428_O2",257.39289,0.0143099999999998,20.323,NA
"150","RW_T13_78_Light_20240613_O2",245.806615,0.0211850000000007,16.689,NA
"151","RW_T13_B_Dark_20240428_O2",236.01304,-0.00103999999999929,20.274,NA
"152","RW_T13_B_Light_20240428_O2",235.159001428572,0.0002842857142848,20.66,NA
"153","RW_T13_Blank_Dark_20240613_O2",204.381725,-0.000225000000000135,16.347,NA
"154","RW_T13_Blank_Light_20240613_O2",202.846495,-0.000494999999999388,16.588,NA
"155","RW_T14_79_Dark_20240429_O2",227.916095,-0.00399500000000017,16.3433333333333,NA
"156","RW_T14_79_Dark_20240612_O2",231.91822,-0.00282000000000109,19.905,NA
"157","RW_T14_79_Light_20240429_O2",303.597295,0.0256049999999999,16.6446666666667,NA
"158","RW_T14_79_Light_20240612_O2",259.099035,0.0197649999999999,20.0713333333333,NA
"159","RW_T14_80_Dark_20240429_O2",225.899981428572,-0.00569571428571502,16.4086666666667,NA
"160","RW_T14_80_Dark_20240612_O2",218.51309,-0.0065900000000002,19.9301666666667,NA
"161","RW_T14_80_Light_20240429_O2",276.47967,0.0131300000000007,16.474,NA
"162","RW_T14_80_Light_20240612_O2",236.28636,0.0121399999999991,20.0671666666667,NA
"163","RW_T14_81_Dark_20240429_O2",232.243925,-0.00542500000000047,16.3328333333333,NA
"164","RW_T14_81_Dark_20240612_O2",237.43475,-0.00274999999999949,20.0196666666667,NA
"165","RW_T14_81_Light_20240429_O2",305.022165,0.0298350000000005,16.857,NA
"166","RW_T14_81_Light_20240612_O2",267.26423,0.0201700000000005,19.9431666666667,NA
"167","RW_T14_82_Dark_20240429_O2",227.725807142857,-0.00437857142857125,16.439,NA
"168","RW_T14_82_Dark_20240612_O2",231.35873,-0.0043300000000005,20.03,NA
"169","RW_T14_82_Light_20240429_O2",277.750233333333,0.0190999999999988,16.753,NA
"170","RW_T14_82_Light_20240612_O2",269.64993,0.0292699999999995,19.956,NA
"171","RW_T14_83_Dark_20240429_O2",172.452635,-0.00483499999999878,16.2911666666667,NA
"172","RW_T14_83_Dark_20240612_O2",234.501706666667,-0.00504000000000089,19.995,NA
"173","RW_T14_83_Light_20240429_O2",226.36344,0.019260000000001,16.727,NA
"174","RW_T14_83_Light_20240612_O2",250.37818,0.00941999999999874,19.887,NA
"175","RW_T14_84_Dark_20240429_O2",214.37228,-0.00568000000000012,16.266,NA
"176","RW_T14_84_Dark_20240612_O2",183.9589,-0.00440000000000026,20.008,NA
"177","RW_T14_84_Light_20240429_O2",273.037365,0.0231349999999998,16.3393333333333,NA
"178","RW_T14_84_Light_20240612_O2",200.720622857143,0.0119485714285711,19.9311666666667,NA
"179","RW_T14_B_Dark_20240429_O2",220.987315,-0.000415000000000065,16.404,NA
"180","RW_T14_B_Light_20240429_O2",220.61394,0.00206000000000046,16.471,NA
"181","RW_T14_Blank_Dark_20240612_O2",195.28143,-0.0008299999999997,20.0995,NA
"182","RW_T14_Blank_Light_20240612_O2",195.88176,-0.000259999999999536,20.0531666666667,NA
"183","RW_T15_85_Dark_20240429_O2",244.037275,-0.00427500000000066,16.117,NA
"184","RW_T15_85_Dark_20240612_O2",235.331745,-0.00424499999999966,20.0123333333333,NA
"185","RW_T15_85_Light_20240429_O2",289.752124285715,0.0187328571428553,16.453,NA
"186","RW_T15_85_Light_20240612_O2",290.217305,0.0415950000000004,20.2106666666667,NA
"187","RW_T15_86_Dark_20240429_O2",244.357302380952,-0.00749285714285789,16.244,NA
"188","RW_T15_86_Dark_20240612_O2",236.37972,-0.00371999999999957,20.042,NA
"189","RW_T15_86_Light_20240429_O2",304.433507142857,0.0199214285714285,16.792,NA
"190","RW_T15_86_Light_20240612_O2",252.855765,0.0109349999999989,20.3763333333333,NA
"191","RW_T15_87_Dark_20240429_O2",247.621665,-0.00506500000000038,16.295,NA
"192","RW_T15_87_Dark_20240612_O2",225.532474761905,-0.0068557142857151,19.8656666666667,NA
"193","RW_T15_87_Light_20240429_O2",334.18928,0.0357199999999995,16.609,NA
"194","RW_T15_87_Light_20240612_O2",284.647385,0.046815000000002,20.309,NA
"195","RW_T15_88_Dark_20240429_O2",249.28075,-0.00475000000000023,16.2638333333333,NA
"196","RW_T15_88_Dark_20240612_O2",222.2129,-0.00490000000000066,19.9325,NA
"197","RW_T15_88_Light_20240429_O2",233.590825,0.0157750000000002,16.7881666666667,NA
"198","RW_T15_88_Light_20240612_O2",250.773335,0.0196649999999988,20.2641666666667,NA
"199","RW_T15_89_Dark_20240429_O2",192.22288,-0.00507999999999979,16.258,NA
"200","RW_T15_89_Dark_20240612_O2",228.434375,-0.00497500000000039,20.0916666666667,NA
"201","RW_T15_89_Light_20240429_O2",296.21449,0.0215099999999998,16.854,NA
"202","RW_T15_89_Light_20240612_O2",250.81049,0.0137099999999998,20.2311666666667,NA
"203","RW_T15_90_Dark_20240429_O2",237.39188,-0.00487999999999972,16.1926666666667,NA
"204","RW_T15_90_Dark_20240612_O2",184.086035,-0.00323499999999982,20.0553333333333,NA
"205","RW_T15_90_Light_20240429_O2",317.63269,0.0403100000000002,16.507,NA
"206","RW_T15_90_Light_20240612_O2",200.44671,0.01059,20.166,NA
"207","RW_T15_B_Dark_20240429_O2",224.218112857143,0.000458571428571582,16.345,NA
"208","RW_T15_B_Light_20240429_O2",226.480425,-0.000425000000001035,16.586,NA
"209","RW_T15_Blank_Dark_20240612_O2",242.806385,0.000414999999999213,20.08,NA
"210","RW_T15_Blank_Light_20240612_O2",243.106645,-0.000644999999999836,20.154,NA
"211","RW_T17_91_Dark_20240428_O2",222.212635,-0.00573499999999941,20.002,NA
"212","RW_T17_91_Dark_20240613_O2",245.486276190476,-0.00737142857142941,16.288,NA
"213","RW_T17_91_Light_20240428_O2",272.36072,0.022280000000001,20.4441666666667,NA
"214","RW_T17_91_Light_20240613_O2",279.16037,0.0138299999999995,16.5246666666667,NA
"215","RW_T17_92_Dark_20240428_O2",222.540925,-0.00792499999999905,20.226,NA
"216","RW_T17_92_Dark_20240613_O2",245.24938,-0.00717999999999965,16.5035,NA
"217","RW_T17_92_Light_20240428_O2",280.56899,0.0248099999999995,20.9108333333333,NA
"218","RW_T17_92_Light_20240613_O2",283.202735,0.0164650000000023,16.9195,NA
"219","RW_T17_93_Dark_20240428_O2",233.280964285714,-0.00410714285714372,20.2015,NA
"220","RW_T17_93_Dark_20240613_O2",258.07967,-0.00276999999999816,16.429,NA
"221","RW_T17_93_Light_20240428_O2",315.13122,0.0438800000000009,20.9153333333333,NA
"222","RW_T17_93_Light_20240613_O2",297.76029,0.0254099999999994,16.7953333333333,NA
"223","RW_T17_94_Dark_20240428_O2",179.236415,-0.00501499999999953,20.1806666666667,NA
"224","RW_T17_94_Dark_20240613_O2",251.728271428572,-0.00798571428571514,16.372,NA
"225","RW_T17_94_Light_20240428_O2",221.69303,0.0174700000000001,20.604,NA
"226","RW_T17_94_Light_20240613_O2",295.91536,0.0204399999999998,16.653,NA
"227","RW_T17_95_Dark_20240428_O2",174.06024,-0.00554000000000002,20.1433333333333,NA
"228","RW_T17_95_Dark_20240613_O2",248.169465,-0.00596499999999906,16.38,NA
"229","RW_T17_95_Light_20240428_O2",211.591125,0.0148749999999998,20.8718333333333,NA
"230","RW_T17_95_Light_20240613_O2",304.133805,0.0282949999999994,16.92,NA
"231","RW_T17_96_Dark_20240428_O2",226.042256190476,-0.00635142857142954,20.127,NA
"232","RW_T17_96_Dark_20240613_O2",240.134886666667,-0.00422000000000138,16.35,NA
"233","RW_T17_96_Light_20240428_O2",274.26784,0.0219600000000003,20.793,NA
"234","RW_T17_96_Light_20240613_O2",261.289455,0.0105449999999996,16.515,NA
"235","RW_T17_B_Dark_20240428_O2",226.590865,-0.000165000000000559,20.006,NA
"236","RW_T17_B_Light_20240428_O2",226.25905,0.000449999999999022,20.3685,NA
"237","RW_T17_Blank_Dark_20240613_O2",226.18675,0.000250000000000057,16.598,NA
"238","RW_T17_Blank_Light_20240613_O2",230.20048,-0.00148000000000026,16.797,NA
"239","RW_T18_100_Dark_20240429_O2",243.003155,-0.00305500000000109,16.2523333333333,NA
"240","RW_T18_100_Dark_20240613_O2",239.350465,-0.00316499999999905,16.632,NA
"241","RW_T18_100_Light_20240429_O2",303.769395,0.0326049999999996,16.721,NA
"242","RW_T18_100_Light_20240613_O2",264.741475,0.0176250000000004,16.981,NA
"243","RW_T18_101_Dark_20240429_O2",180.866295,-0.00419499999999942,16.262,NA
"244","RW_T18_101_Dark_20240613_O2",219.561205,-0.00710500000000053,16.801,NA
"245","RW_T18_101_Light_20240429_O2",218.439385,0.0129150000000004,16.7718333333333,NA
"246","RW_T18_101_Light_20240613_O2",242.784715,0.0180850000000001,17.177,NA
"247","RW_T18_102_Dark_20240429_O2",226.0472,-0.0046999999999997,16.1403333333333,NA
"248","RW_T18_102_Dark_20240613_O2",255.487450952381,-0.00292714285714339,16.713,NA
"249","RW_T18_102_Light_20240429_O2",263.389275,0.0112249999999977,16.3423333333333,NA
"250","RW_T18_102_Light_20240613_O2",278.32943,0.0171700000000004,17.2668333333333,NA
"251","RW_T18_97_Dark_20240429_O2",195.39877,-0.00186999999999927,16.262,NA
"252","RW_T18_97_Dark_20240613_O2",207.023874285714,-0.00201714285714309,16.7758333333333,NA
"253","RW_T18_97_Light_20240429_O2",239.083195,0.015805,16.4826666666667,NA
"254","RW_T18_97_Light_20240613_O2",231.20389,0.01761,17.1198333333333,NA
"255","RW_T18_98_Dark_20240429_O2",206.82183,-0.00272999999999996,16.299,NA
"256","RW_T18_98_Dark_20240613_O2",208.488900952381,-0.00337714285714348,22.2948333333333,NA
"257","RW_T18_98_Light_20240429_O2",236.719545,0.00755500000000069,16.49,NA
"258","RW_T18_98_Light_20240613_O2",281.883915,0.0238850000000016,17.3531666666667,NA
"259","RW_T18_99_Dark_20240429_O2",242.511805,-0.00510500000000121,16.23,NA
"260","RW_T18_99_Dark_20240613_O2",195.63244,-0.00594000000000022,16.7241666666667,NA
"261","RW_T18_99_Light_20240429_O2",307.196631904762,0.0264157142857135,16.7096666666667,NA
"262","RW_T18_99_Light_20240613_O2",235.853225,0.026275,17.3721666666667,NA
"263","RW_T18_B_Dark_20240429_O2",259.807615,-0.000415000000001555,16.2591666666667,NA
"264","RW_T18_B_Light_20240429_O2",258.68657,0.0015300000000002,16.5068333333333,NA
"265","RW_T18_Blank_Dark_20240613_O2",256.17852,-0.00132000000000004,16.671,NA
"266","RW_T18_Blank_Light_20240613_O2",256.720160476191,0.000601428571427969,16.894,NA
"267","RW_T19_103_Dark_20240428_O2",210.141855,-0.0162550000000013,20.134,NA
"268","RW_T19_103_Dark_20240613_O2",247.205865238095,-0.00448428571428636,16.34,NA
"269","RW_T19_103_Light_20240428_O2",269.916194761905,0.018424285714285,20.195,NA
"270","RW_T19_103_Light_20240613_O2",297.752435,0.0336649999999993,16.645,NA
"271","RW_T19_104_Dark_20240428_O2",227.65234,-0.00894000000000038,20.098,NA
"272","RW_T19_104_Dark_20240613_O2",217.44092,-0.00301999999999907,16.465,NA
"273","RW_T19_104_Light_20240428_O2",257.060365,0.0101350000000007,20.3948333333333,NA
"274","RW_T19_104_Light_20240613_O2",241.629882857143,0.01268857142857,16.515,NA
"275","RW_T19_105_Dark_20240428_O2",224.50385,-0.00984999999999986,20.132,NA
"276","RW_T19_105_Dark_20240613_O2",253.734289047619,-0.00381285714285858,16.389,NA
"277","RW_T19_105_Light_20240428_O2",276.174115,0.022084999999999,20.4,NA
"278","RW_T19_105_Light_20240613_O2",294.342865,0.028334999999999,16.428,NA
"279","RW_T19_106_Dark_20240428_O2",213.102935,-0.00693500000000059,20.053,NA
"280","RW_T19_106_Dark_20240613_O2",198.059395,-0.00379499999999979,16.373,NA
"281","RW_T19_106_Light_20240428_O2",280.551965,0.0315350000000006,19.992,NA
"282","RW_T19_106_Light_20240613_O2",224.900665,0.0181349999999995,16.6146666666667,NA
"283","RW_T19_107_Dark_20240428_O2",181.820440952381,-0.00591714285714402,20.1721666666667,NA
"284","RW_T19_107_Dark_20240613_O2",242.582285,-0.00838500000000008,16.4033333333333,NA
"285","RW_T19_107_Light_20240428_O2",197.122415,0.00488499999999959,20.165,NA
"286","RW_T19_107_Light_20240613_O2",273.907055,0.0238450000000012,16.646,NA
"287","RW_T19_108_Dark_20240428_O2",193.11158,-0.00657999999999972,20.209,NA
"288","RW_T19_108_Dark_20240613_O2",249.713985,-0.00318500000000029,16.283,NA
"289","RW_T19_108_Light_20240428_O2",213.9434,0.00909999999999968,20.224,NA
"290","RW_T19_108_Light_20240613_O2",269.85695,0.0122500000000014,16.374,NA
"291","RW_T19_B_Dark_20240428_O2",234.76097,0.000930000000000177,19.9746666666667,NA
"292","RW_T19_B_Light_20240428_O2",238.12962,-0.000120000000000289,19.957,NA
"293","RW_T19_Blank_Dark_20240613_O2",245.79666,-0.00185999999999958,16.331,NA
"294","RW_T19_Blank_Light_20240613_O2",246.74628,-0.00137999999999977,16.323,NA
"295","RW_T2_07_Dark_20240613_O2",255.49219,-0.00599,16.087,NA
"296","RW_T2_07_Light_20240613_O2",280.015955,0.0146449999999987,16.186,NA
"297","RW_T2_08_Dark_20240613_O2",220.07733,-0.00442999999999898,16.1248333333333,NA
"298","RW_T2_08_Light_20240613_O2",236.493065,0.00693500000000057,16.323,NA
"299","RW_T2_09_Dark_20240613_O2",258.092386666667,-0.00472000000000009,16.014,NA
"300","RW_T2_09_Light_20240613_O2",282.206595,0.0186049999999997,16.362,NA
"301","RW_T2_10_Dark_20240428_O2",215.84581,-0.00081000000000069,19.894,NA
"302","RW_T2_10_Dark_20240613_O2",251.132395,-0.00679499999999922,15.9481666666667,NA
"303","RW_T2_10_Light_20240428_O2",254.094285,0.00841500000000035,20.428,NA
"304","RW_T2_10_Light_20240613_O2",296.808595,0.0330049999999997,16.1221666666667,NA
"305","RW_T2_11_Dark_20240428_O2",180.666315,-0.00371499999999951,20.054,NA
"306","RW_T2_11_Dark_20240613_O2",261.868645,-0.00374500000000012,16.082,NA
"307","RW_T2_11_Light_20240428_O2",210.48342,0.00918000000000006,20.4941666666667,NA
"308","RW_T2_11_Light_20240613_O2",272.02142,0.00897999999999911,16.3803333333333,NA
"309","RW_T2_12_Dark_20240428_O2",235.622135,-0.00543500000000051,20.053,NA
"310","RW_T2_12_Dark_20240613_O2",207.28911,-0.00480999999999994,16.115,NA
"311","RW_T2_12_Light_20240428_O2",279.700865,0.0165349999999998,20.506,NA
"312","RW_T2_12_Light_20240613_O2",235.70807,0.02273,16.302,NA
"313","RW_T2_7_Dark_20240428_O2",225.83893,-0.00303000000000083,20.094,NA
"314","RW_T2_7_Light_20240428_O2",284.77282,0.013780000000001,20.732,NA
"315","RW_T2_8_Dark_20240428_O2",194.242145,-0.00404499999999956,20.092,NA
"316","RW_T2_8_Light_20240428_O2",226.98728,0.0097199999999998,20.519,NA
"317","RW_T2_9_Dark_20240428_O2",229.069135,-0.00633499999999913,20.004,NA
"318","RW_T2_9_Light_20240428_O2",322.800328095238,0.032624285714285,20.717,NA
"319","RW_T2_B_Dark_20240428_O2",188.647765,-0.00126499999999965,20.013,NA
"320","RW_T2_B_Light_20240428_O2",188.57252,-0.00102000000000061,20.546,NA
"321","RW_T2_Blank_Dark_20240613_O2",247.58837,0.00153000000000048,16.06,NA
"322","RW_T2_Blank_Light_20240613_O2",248.47522,-0.000220000000000661,16.1468333333333,NA
"323","RW_T3_13_Dark_20240429_O2",213.170445,-0.00484499999999912,16.472,NA
"324","RW_T3_13_Dark_20240612_O2",227.088980476191,-0.00421857142857195,20.258,NA
"325","RW_T3_13_Light_20240429_O2",250.409525,0.013375,16.57,NA
"326","RW_T3_13_Light_20240612_O2",298.214790952381,0.0397328571428564,20.3845,NA
"327","RW_T3_14_Dark_20240429_O2",191.66021,-0.00441000000000031,16.463,NA
"328","RW_T3_14_Dark_20240612_O2",229.44486,-0.00506000000000046,20.21,NA
"329","RW_T3_14_Light_20240429_O2",219.99389,0.00910999999999888,16.7283333333333,NA
"330","RW_T3_14_Light_20240612_O2",270.103505,0.0155950000000007,20.19,NA
"331","RW_T3_15_Dark_20240429_O2",231.93349,-0.00818999999999988,16.308,NA
"332","RW_T3_15_Dark_20240612_O2",236.87312,-0.0031199999999997,20.129,NA
"333","RW_T3_15_Light_20240429_O2",259.50033,0.0107699999999994,16.405,NA
"334","RW_T3_15_Light_20240612_O2",271.801285,0.0141150000000002,20.126,NA
"335","RW_T3_16_Dark_20240429_O2",246.413255,-0.00415500000000065,16.434,NA
"336","RW_T3_16_Dark_20240612_O2",231.232305,-0.00420500000000064,20.224,NA
"337","RW_T3_16_Light_20240429_O2",289.62204952381,0.016188571428571,16.772,NA
"338","RW_T3_16_Light_20240612_O2",271.55061,0.0263900000000007,20.1791666666667,NA
"339","RW_T3_17_Dark_20240429_O2",252.884845,-0.00494500000000045,16.386,NA
"340","RW_T3_17_Dark_20240612_O2",222.716128095238,-0.00617571428571513,19.9756666666667,NA
"341","RW_T3_17_Light_20240429_O2",287.351177142857,0.0122514285714285,16.711,NA
"342","RW_T3_17_Light_20240612_O2",293.0449,0.039100000000002,20.263,NA
"343","RW_T3_18_Dark_20240429_O2",241.973355,-0.00435499999999962,16.322,NA
"344","RW_T3_18_Dark_20240612_O2",218.201397142857,-0.00296857142857271,19.9805,NA
"345","RW_T3_18_Light_20240429_O2",263.53911,0.00809000000000083,16.485,NA
"346","RW_T3_18_Light_20240612_O2",268.001005,0.0250949999999995,20.1908333333333,NA
"347","RW_T3_B_Dark_20240429_O2",208.543320952381,-0.000797142857143603,16.267,NA
"348","RW_T3_B_Light_20240429_O2",209.36136,4.00000000005179e-05,16.511,NA
"349","RW_T3_Blank_Dark_20240612_O2",189.211315,-1.50000000001609e-05,20.123,NA
"350","RW_T3_Blank_Light_20240612_O2",195.05355,0.000449999999999591,20.1196666666667,NA
"351","RW_T4_19_Dark_20240428_O2",179.075153809524,-0.00305857142857256,20.0585,NA
"352","RW_T4_19_Dark_20240612_O2",228.43559,-0.00739000000000017,20.246,NA
"353","RW_T4_19_Light_20240428_O2",220.392863333333,0.00746999999999932,20.586,NA
"354","RW_T4_19_Light_20240612_O2",271.558425,0.0250749999999994,20.2953333333333,NA
"355","RW_T4_20_Dark_20240428_O2",221.730747142857,-0.00531857142857141,19.9121666666667,NA
"356","RW_T4_20_Dark_20240612_O2",230.523693333333,-0.00936000000000075,20.2623333333333,NA
"357","RW_T4_20_Light_20240428_O2",288.05041,0.0119899999999998,20.318,NA
"358","RW_T4_20_Light_20240612_O2",289.272558571429,0.0401557142857138,20.2923333333333,NA
"359","RW_T4_21_Dark_20240428_O2",221.282325,-0.00382499999999993,19.944,NA
"360","RW_T4_21_Dark_20240612_O2",229.274125714286,-0.00398285714285806,20.0226666666667,NA
"361","RW_T4_21_Light_20240428_O2",277.1877,0.0109000000000001,20.2238333333333,NA
"362","RW_T4_21_Light_20240612_O2",276.70545,0.0335500000000002,20.373,NA
"363","RW_T4_22_Dark_20240428_O2",220.448665,-0.00586499999999944,20.064,NA
"364","RW_T4_22_Dark_20240612_O2",230.49092,-0.00541999999999859,20.2376666666667,NA
"365","RW_T4_22_Light_20240428_O2",297.909250952381,0.0252728571428563,20.654,NA
"366","RW_T4_22_Light_20240612_O2",252.077725,0.0122749999999998,20.307,NA
"367","RW_T4_23_Dark_20240428_O2",232.83128,-0.00628000000000004,20.0141666666667,NA
"368","RW_T4_23_Dark_20240612_O2",200.673904761905,-0.00528571428571483,20.1861666666667,NA
"369","RW_T4_23_Light_20240428_O2",299.804131428571,0.0131542857142857,20.4185,NA
"370","RW_T4_23_Light_20240612_O2",240.276024285714,0.0298328571428564,20.5413333333333,NA
"371","RW_T4_24_Dark_20240428_O2",188.224453333333,-0.00212000000000059,20.0591666666667,NA
"372","RW_T4_24_Dark_20240612_O2",222.118035,-0.00173500000000161,20.0221666666667,NA
"373","RW_T4_24_Light_20240428_O2",223.303255,0.0106449999999995,20.41,NA
"374","RW_T4_24_Light_20240612_O2",248.406207619048,0.0189828571428563,20.294,NA
"375","RW_T4_B_Dark_20240428_O2",243.839572380953,0.00023714285714161,20.015,NA
"376","RW_T4_B_Light_20240428_O2",248.4871,-0.00109999999999985,20.47,NA
"377","RW_T4_Blank_Dark_20240612_O2",242.709465,-0.000765000000000384,20.224,NA
"378","RW_T4_Blank_Light_20240612_O2",242.73445,0.00105000000000018,20.406,NA
"379","RW_T5_25_Dark_20240428_O2",233.499255,-0.00555500000000133,19.953,NA
"380","RW_T5_25_Dark_20240613_O2",246.101658095238,-0.00570571428571462,16.2435,NA
"381","RW_T5_25_Light_20240428_O2",261.30533,0.0152699999999999,19.834,NA
"382","RW_T5_25_Light_20240613_O2",313.199925,0.0453750000000014,16.317,NA
"383","RW_T5_26_Dark_20240428_O2",226.88908,-0.000579999999999643,22.231,NA
"384","RW_T5_26_Dark_20240613_O2",248.747135,-0.00333499999999987,16.423,NA
"385","RW_T5_26_Light_20240428_O2",273.62002,0.0165799999999999,19.891,NA
"386","RW_T5_26_Light_20240613_O2",280.509135,0.0191649999999998,16.643,NA
"387","RW_T5_27_Dark_20240428_O2",199.34529,-0.00378999999999962,19.962,NA
"388","RW_T5_27_Dark_20240613_O2",256.626114285714,-0.00225714285714378,16.335,NA
"389","RW_T5_27_Light_20240428_O2",241.13583,0.0137699999999998,20.03,NA
"390","RW_T5_27_Light_20240613_O2",276.780015,0.0146850000000004,16.504,NA
"391","RW_T5_28_Dark_20240428_O2",234.95171,-0.00541000000000082,19.918,NA
"392","RW_T5_28_Dark_20240613_O2",255.38774,-0.00493999999999921,16.3588333333333,NA
"393","RW_T5_28_Light_20240428_O2",294.11777,0.021830000000002,20.279,NA
"394","RW_T5_28_Light_20240613_O2",307.904635,0.042565000000002,16.5786666666667,NA
"395","RW_T5_29_Dark_20240428_O2",231.59593,-0.00603000000000037,19.872,NA
"396","RW_T5_29_Dark_20240613_O2",206.007241904762,-0.00319428571428597,16.423,NA
"397","RW_T5_29_Light_20240428_O2",285.900185238095,0.018195714285714,20.1981666666667,NA
"398","RW_T5_29_Light_20240613_O2",221.82794,0.0102599999999989,16.416,NA
"399","RW_T5_30_Dark_20240428_O2",185.804575,-0.00427500000000028,19.928,NA
"400","RW_T5_30_Dark_20240613_O2",237.682695,-0.00439499999999972,16.276,NA
"401","RW_T5_30_Light_20240428_O2",220.378215,0.0100850000000005,20.0121666666667,NA
"402","RW_T5_30_Light_20240613_O2",267.965595,0.0230049999999994,16.274,NA
"403","RW_T5_B_Dark_20240428_O2",240.040845,-0.000944999999999934,19.9895,NA
"404","RW_T5_B_Light_20240428_O2",241.342675,0.000625000000000407,20.1313333333333,NA
"405","RW_T5_Blank_Dark_20240613_O2",261.79429,0.00200999999999965,16.428,NA
"406","RW_T5_Blank_Light_20240613_O2",262.65408,-0.000279999999999486,16.366,NA
"407","RW_T6_31_Dark_20240429_O2",232.944305,-0.00710500000000119,16.423,NA
"408","RW_T6_31_Dark_20240613_O2",255.80874,-0.00474000000000003,16.247,NA
"409","RW_T6_31_Light_20240429_O2",277.442555,0.0153449999999998,16.315,NA
"410","RW_T6_31_Light_20240613_O2",271.50349,0.0101100000000005,16.3578333333333,NA
"411","RW_T6_32_Dark_20240429_O2",212.02446,-0.00376000000000005,16.614,NA
"412","RW_T6_32_Dark_20240613_O2",199.632821904762,-0.00377428571428613,16.226,NA
"413","RW_T6_32_Light_20240429_O2",239.056205,0.00949499999999948,16.4546666666667,NA
"414","RW_T6_32_Light_20240613_O2",216.125620476191,0.00914142857142802,16.5538333333333,NA
"415","RW_T6_33_Dark_20240429_O2",248.117005,-0.00390499999999959,16.61,NA
"416","RW_T6_33_Dark_20240613_O2",220.998288095238,-0.00233571428571509,16.2835,NA
"417","RW_T6_33_Light_20240429_O2",283.339785,0.0164149999999995,16.482,NA
"418","RW_T6_33_Light_20240613_O2",246.752605,0.0197949999999992,16.433,NA
"419","RW_T6_34_Dark_20240429_O2",250.360342857143,-0.00477142857142864,16.624,NA
"420","RW_T6_34_Dark_20240613_O2",258.824275,-0.00247500000000078,16.245,NA
"421","RW_T6_34_Light_20240429_O2",296.57224,0.0220600000000013,16.78,NA
"422","RW_T6_34_Light_20240613_O2",275.981825,0.0141750000000019,16.5311666666667,NA
"423","RW_T6_35_Dark_20240429_O2",197.752985,-0.0034850000000002,16.6453333333333,NA
"424","RW_T6_35_Dark_20240613_O2",251.854624761905,-0.0040057142857152,16.084,NA
"425","RW_T6_35_Light_20240429_O2",218.785593809524,0.00650142857142734,16.4771666666667,NA
"426","RW_T6_35_Light_20240613_O2",269.518845,0.0156550000000016,16.256,NA
"427","RW_T6_36_Dark_20240429_O2",243.47146952381,-0.00323142857142899,16.671,NA
"428","RW_T6_36_Dark_20240613_O2",256.50677,-0.00586999999999989,16.233,NA
"429","RW_T6_36_Light_20240429_O2",302.78628,0.0271200000000005,16.796,NA
"430","RW_T6_36_Light_20240613_O2",315.920775,0.0501250000000001,16.6158333333333,NA
"431","RW_T6_B_Dark_20240429_O2",259.190759047619,0.000717142857142958,16.601,NA
"432","RW_T6_B_Light_20240429_O2",259.707,-0.00049999999999784,16.631,NA
"433","RW_T6_Blank_Dark_20240613_O2",247.213315,0.00118499999999944,16.153,NA
"434","RW_T6_Blank_Light_20240613_O2",244.80433,-0.00013000000000006,16.263,NA
"435","RW_T7_37_Dark_20240429_O2",227.674685,-0.00688499999999976,16.311,NA
"436","RW_T7_37_Dark_20240612_O2",205.169348571429,-0.00463428571428668,19.9816666666667,NA
"437","RW_T7_37_Light_20240429_O2",273.05783,0.0171699999999987,16.46,NA
"438","RW_T7_37_Light_20240612_O2",234.47564,0.0175600000000002,20.459,NA
"439","RW_T7_38_Dark_20240429_O2",243.154676190476,-0.00877142857142934,16.496,NA
"440","RW_T7_38_Dark_20240612_O2",190.098193333333,-0.00286000000000089,19.9416666666667,NA
"441","RW_T7_38_Light_20240429_O2",281.553985,0.0122149999999988,16.791,NA
"442","RW_T7_38_Light_20240612_O2",205.733825,0.00767499999999983,20.3456666666667,NA
"443","RW_T7_39_Dark_20240429_O2",200.580683809524,-0.00358857142857195,16.4486666666667,NA
"444","RW_T7_39_Dark_20240612_O2",183.106125,-0.00462500000000062,19.9653333333333,NA
"445","RW_T7_39_Light_20240429_O2",220.25394,0.00705999999999908,16.671,NA
"446","RW_T7_39_Light_20240612_O2",214.274834761905,0.0187842857142854,20.226,NA
"447","RW_T7_40_Dark_20240429_O2",213.161487142857,-0.0040585714285726,16.423,NA
"448","RW_T7_40_Dark_20240612_O2",225.381185,-0.00138499999999937,19.817,NA
"449","RW_T7_40_Light_20240429_O2",239.83957,0.0144300000000008,16.7,NA
"450","RW_T7_40_Light_20240612_O2",248.017795,0.0132049999999999,20.1611666666667,NA
"451","RW_T7_41_Dark_20240429_O2",239.87615,-0.00565000000000055,16.5065,NA
"452","RW_T7_41_Dark_20240612_O2",229.952415,-0.00411499999999968,19.9936666666667,NA
"453","RW_T7_41_Light_20240429_O2",281.695946666667,0.0167199999999991,16.882,NA
"454","RW_T7_41_Light_20240612_O2",259.75448,0.0169199999999994,20.169,NA
"455","RW_T7_42_Dark_20240429_O2",188.89491,-0.00341000000000037,16.4441666666667,NA
"456","RW_T7_42_Dark_20240612_O2",234.151430476191,-0.00466857142857302,19.943,NA
"457","RW_T7_42_Light_20240429_O2",228.216475,0.0159250000000008,16.8583333333333,NA
"458","RW_T7_42_Light_20240612_O2",273.345262857143,0.0233085714285702,20.158,NA
"459","RW_T7_B_Dark_20240429_O2",258.266722857143,-0.000151428571428565,16.412,NA
"460","RW_T7_B_Light_20240429_O2",262.10094,-0.00224000000000103,16.71,NA
"461","RW_T7_Blank_Dark_20240612_O2",250.118415,0.000985000000000539,19.908,NA
"462","RW_T7_Blank_Light_20240612_O2",249.59672,-0.000119999999998305,20.1095,NA
"463","RW_T8_43_Dark_20240429_O2",234.103823809524,-0.00572857142857229,16.591,NA
"464","RW_T8_43_Dark_20240612_O2",230.224535,-0.00403500000000019,19.973,NA
"465","RW_T8_43_Light_20240429_O2",290.845425,0.0293749999999996,16.724,NA
"466","RW_T8_43_Light_20240612_O2",267.372145,0.0155549999999994,20.457,NA
"467","RW_T8_44_Dark_20240429_O2",240.60848,-0.00398000000000053,16.5823333333333,NA
"468","RW_T8_44_Dark_20240612_O2",220.299645,-0.00274500000000046,19.8458333333333,NA
"469","RW_T8_44_Light_20240430_O2",276.443964285714,0.00989285714285711,16.5588333333333,NA
"470","RW_T8_44_Light_20240612_O2",263.307175,0.0213249999999999,20.587,NA
"471","RW_T8_45_Dark_20240429_O2",225.67877,-0.00377000000000095,16.4383333333333,NA
"472","RW_T8_45_Dark_20240612_O2",181.214145,-0.00354500000000005,19.9621666666667,NA
"473","RW_T8_45_Light_20240429_O2",277.210655,0.0148450000000015,16.315,NA
"474","RW_T8_45_Light_20240612_O2",218.20462,0.0153800000000001,20.45,NA
"475","RW_T8_46_Dark_20240429_O2",239.0104,-0.00520000000000044,16.5611666666667,NA
"476","RW_T8_46_Dark_20240612_O2",187.37016,-0.00236000000000018,20.003,NA
"477","RW_T8_46_Light_20240429_O2",314.362395,0.0303050000000024,16.746,NA
"478","RW_T8_46_Light_20240612_O2",217.743684285714,0.011172857142856,20.682,NA
"479","RW_T8_47_Dark_20240429_O2",197.577151428572,-0.00486571428571535,16.573,NA
"480","RW_T8_47_Dark_20240612_O2",239.864535,-0.00333499999999942,19.929,NA
"481","RW_T8_47_Light_20240429_O2",256.306595,0.019905,16.583,NA
"482","RW_T8_47_Light_20240612_O2",256.270498095238,0.00345428571428502,20.438,NA
"483","RW_T8_48_Dark_20240429_O2",191.339305,-0.00160500000000053,16.5455,NA
"484","RW_T8_48_Dark_20240612_O2",238.181382380952,-0.0045728571428579,19.871,NA
"485","RW_T8_48_Light_20240429_O2",232.826441904762,0.0186057142857141,16.728,NA
"486","RW_T8_48_Light_20240612_O2",299.581265,0.032235,20.621,NA
"487","RW_T8_B_Dark_20240429_O2",252.696995,-0.00139499999999941,16.392,NA
"488","RW_T8_B_Light_20240429_O2",253.23836,-0.000560000000000458,16.288,NA
"489","RW_T8_B_Light_20240430_O2",251.063985,-0.00108500000000049,16.7045,NA
"490","RW_T8_Blank_Dark_20240612_O2",243.26753,-0.000530000000000335,20.006,NA
"491","RW_T8_Blank_Light_20240612_O2",249.789110476191,-0.000348571428572629,20.544,NA
"492","RW_T9_49_Dark_20240428_O2",216.13937,-0.00487000000000023,20.245,NA
"493","RW_T9_49_Dark_20240612_O2",232.29629,-0.00908999999999963,20.224,NA
"494","RW_T9_49_Light_20240428_O2",253.645595,0.010005000000001,20.744,NA
"495","RW_T9_49_Light_20240612_O2",274.621355,0.017645,21.036,NA
"496","RW_T9_50_Dark_20240428_O2",211.47228,-0.00388000000000026,20.047,NA
"497","RW_T9_50_Dark_20240612_O2",229.798415,-0.0111149999999992,20.12,NA
"498","RW_T9_50_Light_20240428_O2",248.582312857143,0.0112585714285707,20.387,NA
"499","RW_T9_50_Light_20240612_O2",257.543802380953,0.00900714285714208,20.8273333333333,NA
"500","RW_T9_51_Dark_20240428_O2",226.893995714286,-0.00385285714285767,20.2041666666667,NA
"501","RW_T9_51_Dark_20240612_O2",203.02355,-0.00494999999999994,20.263,NA
"502","RW_T9_51_Light_20240428_O2",277.523025,0.0259749999999991,20.467,NA
"503","RW_T9_51_Light_20240612_O2",238.34278,0.0186200000000008,21.02,NA
"504","RW_T9_52_Dark_20240428_O2",169.289486666667,-0.00482000000000078,20.159,NA
"505","RW_T9_52_Dark_20240612_O2",240.55381,-0.0080100000000013,20.1371666666667,NA
"506","RW_T9_52_Light_20240428_O2",197.158515,0.00998499999999927,20.7403333333333,NA
"507","RW_T9_52_Light_20240612_O2",258.11003,0.0179699999999996,20.9773333333333,NA
"508","RW_T9_53_Dark_20240428_O2",219.28976,-0.0073599999999997,20.1711666666667,NA
"509","RW_T9_53_Dark_20240612_O2",191.744785714286,-0.00264285714285735,20.2288333333333,NA
"510","RW_T9_53_Light_20240428_O2",263.007045,0.00945499999999868,20.678,NA
"511","RW_T9_53_Light_20240612_O2",208.231755238095,0.005625714285714,21.5656666666667,NA
"512","RW_T9_54_Dark_20240428_O2",219.33292,-0.00651999999999987,20.11,NA
"513","RW_T9_54_Dark_20240612_O2",228.03215,-0.00665000000000021,20.051,NA
"514","RW_T9_54_Light_20240428_O2",295.09024,0.0359600000000006,20.438,NA
"515","RW_T9_54_Light_20240612_O2",271.36909,0.0206099999999998,20.779,NA
"516","RW_T9_B_Dark_20240428_O2",205.165615,0.000685000000000306,20.2008333333333,NA
"517","RW_T9_B_Light_20240428_O2",204.39478,0.000420000000000158,20.473,NA
"518","RW_T9_Blank_Dark_20240612_O2",242.672195238095,0.000185714285713666,20.207,NA
"519","RW_T9_Blank_Light_20240612_O2",248.68738,-0.00197999999999911,20.691,NA
"520","T1_Blank_20240819_O2",232.148515,-0.000815000000000623,20.096,NA
"521","T1_TShell_20240819_O2",211.664517619048,-0.00432714285714343,19.6415,NA
"522","T10_Blank_20240818_O2",253.469985,0.00231499999999954,16.675,NA
"523","T10_TShell_20240818_O2",243.019405,0.000194999999999084,15.76,NA
"524","T11_Blank_20240819_O2",236.19655,-0.00254999999999995,20.127,NA
"525","T11_TShell_20240819_O2",213.728697142857,-0.00526857142857247,19.805,NA
"526","T12_Blank_20240819_O2",236.921675,-0.000175000000000125,20.082,NA
"527","T12_TShell_20240819_O2",218.89647,-0.00487000000000023,19.588,NA
"528","T13_Blank_20240818_O2",252.951675,-0.000675000000000239,16.735,NA
"529","T13_TShell_20240818_O2",297.886565,-0.0010650000000004,15.853,NA
"530","T14_Blank_20240819_O2",230.015005,0.00109500000000025,20.0518333333333,NA
"531","T14_TShell_20240819_O2",271.25671,-0.00251000000000033,19.734,NA
"532","T15_Blank_20240819_O2",232.008815,0.00218499999999921,20.221,NA
"533","T15_TShell_20240819_O2",216.241153809524,-0.00505857142857261,19.8305,NA
"534","T17_Blank_20240819_O2",234.919203809524,-0.000108571428571847,20.177,NA
"535","T17_TShell_20240819_O2",212.941545,-0.00464500000000015,19.7563333333333,NA
"536","T18_Blank_20240819_O2",238.29104,0.00125999999999891,20.049,NA
"537","T18_TShell_20240819_O2",212.11093,-0.00683000000000021,19.6538333333333,NA
"538","T19_Blank_20240819_O2",235.25668,0.000420000000000584,20.001,NA
"539","T19_TShell_20240819_O2",269.28057,-0.00416999999999954,19.748,NA
"540","T2_Blank_20240818_O2",236.75894,-0.000739999999999839,15.637,NA
"541","T2_TShell_20240818_O2",243.456965,0.000234999999999843,16.521,NA
"542","T3_Blank_20240819_O2",235.634105238095,-0.000724285714286783,20.127,NA
"543","T3_TShell_20240819_O2",227.74845,-0.00345000000000027,19.699,NA
"544","T4_Blank_20240818_O2",241.99274,-0.000440000000000111,15.822,NA
"545","T4_TShell_20240818_O2",246.944945,0.00155500000000018,16.6606666666667,NA
"546","T5_Blank_20240818_O2",233.817677142857,-0.000248571428572554,15.7345,NA
"547","T5_TShell_20240818_O2",247.078285,0.0014149999999994,16.7756666666667,NA
"548","T6_Blank_20240818_O2",236.45567,-0.00117000000000019,15.6375,NA
"549","T6_TShell_20240818_O2",248.296515,0.00218500000000034,16.588,NA
"550","T7_Blank_20240818_O2",299.02276,0.00173999999999978,15.7108333333333,NA
"551","T7_TShell_20240818_O2",255.37423,0.000569999999999927,16.6168333333333,NA
"552","T8_Blank_20240818_O2",244.920645,0.00135500000000093,16.6915,NA
"553","T8_TShell_20240818_O2",241.007140476191,-0.000378571428573127,15.933,NA
"554","T9_Blank_20240818_O2",243.084405,-5.00000000101868e-06,16.943,NA
"555","T9_TShell_20240818_O2",230.828765,-0.00226500000000016,15.8638333333333,NA
"556","TEG_T1_26_20240615_O2",247.99376,-0.00145999999999987,15.899,NA
"557","TEG_T1_41_20240615_O2",244.85443,-0.00222999999999995,15.8418333333333,NA
"558","TEG_T1_42_20240615_O2",253.462685,-0.00388500000000107,15.8686666666667,NA
"559","TEG_T1_56_20240430_O2",207.676308095238,-0.00435571428571484,20.06,NA
"560","TEG_T1_64_20240430_O2",168.698985,-0.00378500000000031,20.1818333333333,NA
"561","TEG_T1_69_20240430_O2",227.051825,-0.00332499999999957,20.201,NA
"562","TEG_T1_B_20240430_O2",236.274785,-0.000485000000000753,20.05,NA
"563","TEG_T1_Blank_20240615_O2",245.050209047619,0.000267142857142001,15.7366666666667,NA
"564","TEG_T10_01_20240614_O2",216.024435,-0.00693499999999915,20.273,NA
"565","TEG_T10_28_20240430_O2",238.39809,-0.00268999999999934,16.491,NA
"566","TEG_T10_47_20240430_O2",221.459025,-0.00552500000000023,16.3841666666667,NA
"567","TEG_T10_48_20240614_O2",224.4033,-0.00410000000000004,20.2291666666667,NA
"568","TEG_T10_51_20240430_O2",204.89671,-0.00270999999999967,16.5511666666667,NA
"569","TEG_T10_65_20240614_O2",178.25353,-0.00232999999999983,20.269,NA
"570","TEG_T10_B_2024030_O2",252.555335,0.000164999999999509,16.3545,NA
"571","TEG_T10_Blank_20240614_O2",237.468285,-0.00148500000000041,20.103,NA
"572","TEG_T11_09_20240615_O2",221.37272,-0.00131999999999891,16.1206666666667,NA
"573","TEG_T11_22_20240615_O2",252.14916,-0.00146000000000072,16.0848333333333,NA
"574","TEG_T11_24_20240615_O2",248.872765,-0.003065,16.054,NA
"575","TEG_T11_40_20240430_O2",221.744535,-0.00523499999999899,20.287,NA
"576","TEG_T11_48_20240430_O2",217.616705,-0.00460499999999996,20.3273333333333,NA
"577","TEG_T11_55_20240430_O2",181.556905,-0.00250500000000017,20.293,NA
"578","TEG_T11_B_20240430_O2",241.95194,-0.00233999999999984,20.256,NA
"579","TEG_T11_Blank_20240615_O2",258.557426190476,-0.000521428571428731,15.931,NA
"580","TEG_T12_01_20240430_O2",186.7242,-0.0067000000000013,16.5191666666667,NA
"581","TEG_T12_11_20240614_O2",225.80496,-0.00516000000000014,19.695,NA
"582","TEG_T12_14_20240614_O2",194.32837,-0.00316999999999929,19.7213333333333,NA
"583","TEG_T12_28_20240614_O2",220.30291,-0.00391000000000001,19.6311666666667,NA
"584","TEG_T12_60_20240430_O2",240.50256,-0.00185999999999979,16.5605,NA
"585","TEG_T12_75_20240430_O2",238.0493,-0.0047999999999999,16.514,NA
"586","TEG_T12_B_20240430_O2",200.773455,-0.000355000000000352,16.496,NA
"587","TEG_T12_Blank_20240614_O2",227.546593809524,-0.00149857142857163,19.538,NA
"588","TEG_T13_03_20240430_O2",213.96397,-0.0029700000000001,19.797,NA
"589","TEG_T13_15_20240430_O2",227.254905,-0.00550499999999971,19.929,NA
"590","TEG_T13_40_20240615_O2",245.54239,-0.00238999999999966,16.052,NA
"591","TEG_T13_56_20240615_O2",231.515955,-0.00195500000000038,15.9448333333333,NA
"592","TEG_T13_59_20240430_O2",218.00504,-0.00224000000000025,19.769,NA
"593","TEG_T13_68_20240615_O2",238.505972857143,-0.00340142857142911,15.93,NA
"594","TEG_T13_B_20240430_O2",206.146903333333,-0.000570000000000311,19.967,NA
"595","TEG_T13_Blank_20240615_O2",261.656725,-0.00122500000000002,16.06,NA
"596","TEG_T14_10_20240430_O2",240.630699047619,-0.0022228571428583,16.385,NA
"597","TEG_T14_17_20240614_O2",220.01878,-0.00457999999999982,19.739,NA
"598","TEG_T14_50_20240614_O2",226.853883809524,-0.00278857142857144,19.654,NA
"599","TEG_T14_63_20240614_O2",218.476845,-0.00474500000000006,19.5311666666667,NA
"600","TEG_T14_66_20240430_O2",234.204087619048,-0.0038971428571446,16.396,NA
"601","TEG_T14_72_20240430_O2",234.209401904762,-0.00335428571428698,16.279,NA
"602","TEG_T14_B_20240430_O2",256.83636,-0.000760000000001016,16.417,NA
"603","TEG_T14_Blank_20240614_O2",195.40353,-0.0009300000000006,19.6921666666667,NA
"604","TEG_T15_09_20240430_O2",220.595965,-0.00456499999999962,15.703,NA
"605","TEG_T15_13_20240614_O2",222.57291,-0.00620999999999981,20.214,NA
"606","TEG_T15_32_20240430_O2",244.10489,-0.0028899999999997,15.902,NA
"607","TEG_T15_35_20240614_O2",209.383295,-0.00619500000000073,20.116,NA
"608","TEG_T15_66_20240614_O2",215.820114285714,-0.00525714285714346,20.301,NA
"609","TEG_T15_74_20240430_O2",234.411775,-0.00477499999999992,15.9458333333333,NA
"610","TEG_T15_B_20240430_O2",201.59507,0.00152999999999975,15.8686666666667,NA
"611","TEG_T15_Blank_20240614_O2",209.96221,-0.000210000000000719,20.2928333333333,NA
"612","TEG_T17_15_20240615_O2",202.378405,-0.000704999999999963,16.0758333333333,NA
"613","TEG_T17_22_20240430_O2",213.53936952381,-0.00413142857142903,19.794,NA
"614","TEG_T17_34_20240615_O2",219.511125,-0.00112500000000068,16.1248333333333,NA
"615","TEG_T17_35_20240430_O2",225.023326190476,-0.000421428571429365,19.671,NA
"616","TEG_T17_44_20240615_O2",235.1163,-0.00330000000000041,16.131,NA
"617","TEG_T17_77_20240430_O2",172.83009,-0.0036899999999999,19.8521666666667,NA
"618","TEG_T17_B_20240430_O2",186.83874,-0.00123999999999967,19.807,NA
"619","TEG_T17_Blank_20240615_O2",265.60714,0.000660000000001934,16.064,NA
"620","TEG_T18_08_20240430_O2",185.316175,-0.00117500000000092,15.8923333333333,NA
"621","TEG_T18_11_20240430_O2",203.145835,-0.0031350000000009,15.8473333333333,NA
"622","TEG_T18_31_20240615_O2",244.759145,0.000255000000000223,15.918,NA
"623","TEG_T18_36_20240615_O2",249.672352857143,-0.00278142857142994,16.0885,NA
"624","TEG_T18_37_20240430_O2",232.48649,-0.00219000000000023,15.7608333333333,NA
"625","TEG_T18_38_20240615_O2",249.4838,-0.00120000000000163,16.096,NA
"626","TEG_T18_B_20240430_O2",207.24763,-0.000629999999998745,15.881,NA
"627","TEG_T18_Blank_20240615_O2",259.361405,-0.000504999999999909,16.061,NA
"628","TEG_T19_05_20240430_O2",214.044055,-0.00365499999999969,19.9895,NA
"629","TEG_T19_17_20240430_O2",222.156915,-0.00331499999999974,19.9043333333333,NA
"630","TEG_T19_18_20240430_O2",199.777665,-0.00666499999999985,19.82,NA
"631","TEG_T19_57_20240615_O2",226.92973,-0.00573000000000035,15.953,NA
"632","TEG_T19_67_20240615_O2",233.93325,-0.00304999999999988,16.141,NA
"633","TEG_T19_B_20240430_O2",192.944885,-0.000384999999999386,19.96,NA
"634","TEG_T19_Blank_20240615_O2",225.24002,0.00198000000000007,16.139,NA
"635","TEG_T2_26_20240430_O2",215.00542,-0.00382000000000033,20.145,NA
"636","TEG_T2_27_20240430_O2",186.09756,-0.0045600000000001,20.228,NA
"637","TEG_T2_51_20240615_O2",241.476315,-0.00311499999999967,16.027,NA
"638","TEG_T2_60_20240615_O2",252.59503,-0.00322999999999894,16.163,NA
"639","TEG_T2_64_20240615_O2",201.360645,-0.00284499999999998,16.176,NA
"640","TEG_T2_67_20240430_O2",173.222195,-9.49999999997147e-05,20.197,NA
"641","TEG_T2_B_20240430_O2",233.752465,-0.00226499999999902,20.2323333333333,NA
"642","TEG_T2_Blank_20240615_O2",254.224471428571,0.000814285714285413,16.223,NA
"643","TEG_T3_02_20240430_O2",193.04918,-0.00167999999999978,16.05,NA
"644","TEG_T3_49_20240614_O2",212.819075,-0.00507499999999936,19.568,NA
"645","TEG_T3_52_20240614_O2",217.011695,-0.00169499999999959,19.4618333333333,NA
"646","TEG_T3_59_20240614_O2",223.22086,-0.0030600000000004,19.459,NA
"647","TEG_T3_61_20240430_O2",233.36191,-0.00361000000000189,16.117,NA
"648","TEG_T3_71_20240430_O2",189.23679,-0.00128999999999991,16.0558333333333,NA
"649","TEG_T3_B_20240430_O2",260.55795,-0.00144999999999925,16.0425,NA
"650","TEG_T3_Blank_20240614_O2",210.48134,-0.000140000000001237,19.639,NA
"651","TEG_T4_02_20240614_O2",217.1604,-0.00539999999999935,19.645,NA
"652","TEG_T4_19_20240430_O2",209.26699,-0.00328999999999979,19.813,NA
"653","TEG_T4_20_20240430_O2",180.901945,-0.00434499999999975,20.002,NA
"654","TEG_T4_23_20240614_O2",227.52214,-0.00433999999999941,19.5775,NA
"655","TEG_T4_62_20240430_O2",216.49202,-0.00482000000000033,19.965,NA
"656","TEG_T4_69_20240614_O2",223.691842380953,-0.00403285714285829,19.638,NA
"657","TEG_T4_B_20240430_O2",185.81032,-0.000319999999999461,19.9438333333333,NA
"658","TEG_T4_Blank_20240614_O2",196.336545,-0.000444999999999918,19.6226666666667,NA
"659","TEG_T5_19_20240615_O2",235.85668,-0.00208000000000123,15.9303333333333,NA
"660","TEG_T5_21_20240615_O2",247.361355,0.00064500000000038,15.7266666666667,NA
"661","TEG_T5_23_20240430_O2",158.22071,-0.00391000000000076,19.913,NA
"662","TEG_T5_34_20240430_O2",209.265977142857,-0.00154857142857156,19.968,NA
"663","TEG_T5_37_20240615_O2",202.725084285714,-0.00122714285714378,15.88,NA
"664","TEG_T5_68_20240430_O2",176.98992,-0.00311999999999998,19.933,NA
"665","TEG_T5_B_20240430_O2",237.534745,-0.00134500000000088,19.884,NA
"666","TEG_T5_Blank_20240615_O2",225.97026,0.000439999999999543,15.9148333333333,NA
"667","TEG_T6_05_20240615_O2",249.323877142857,-0.000448571428571992,16.129,NA
"668","TEG_T6_07_20240430_O2",251.83113,-0.00013000000000135,16.0618333333333,NA
"669","TEG_T6_07_20240501_O2",227.209495,-0.00349500000000063,15.762,NA
"670","TEG_T6_25_20240615_O2",232.15377,-0.00467000000000041,15.964,NA
"671","TEG_T6_30_20240430_O2",234.000398095238,-0.00344571428571506,15.914,NA
"672","TEG_T6_45_20240615_O2",198.642385,-0.00288500000000027,16.055,NA
"673","TEG_T6_73_20240430_O2",205.797641428571,-0.0033557142857144,16.087,NA
"674","TEG_T6_B_20240430_O2",258.96127,-0.00077000000000055,16.0703333333333,NA
"675","TEG_T6_B_20240501_O2",258.95366,-0.00125999999999999,15.861,NA
"676","TEG_T6_Blank_20240615_O2",263.21247952381,-0.000241428571428851,16.071,NA
"677","TEG_T7_06_20240430_O2",186.792845,-0.00294499999999999,16.4038333333333,NA
"678","TEG_T7_14_20240430_O2",231.64006,-0.00465999999999974,16.4565,NA
"679","TEG_T7_42_20240430_O2",201.08697,-0.00286999999999921,16.4371666666667,NA
"680","TEG_T7_53_20240614_O2",233.266722380953,-0.00391285714285844,20.2323333333333,NA
"681","TEG_T7_54_20240614_O2",192.901585714286,-0.00344285714285733,20.19,NA
"682","TEG_T7_58_20240614_O2",205.034831904762,-0.00378428571428598,20.211,NA
"683","TEG_T7_B_20240430_O2",206.7864,-0.000399999999999636,16.416,NA
"684","TEG_T7_Blank_20240614_O2",240.89692,-0.0004200000000003,20.05,NA
"685","TEG_T8_04_20240614_O2",217.255608571429,-0.00789428571428603,20.144,NA
"686","TEG_T8_04_20240615B_O2",219.350975,-0.00677499999999964,20.0651666666667,NA
"687","TEG_T8_13_20240430_O2",230.08614,-0.0019400000000004,15.857,NA
"688","TEG_T8_20_20240614_O2",225.98361,-0.00630999999999915,20.156,NA
"689","TEG_T8_25_20240430_O2",231.83029,-0.00129000000000069,15.6595,NA
"690","TEG_T8_43_20240430_O2",231.609085,-0.00218500000000001,15.85,NA
"691","TEG_T8_43_20240614_O2",217.710257142857,-0.00382857142857114,20.192,NA
"692","TEG_T8_B_20240430_O2",252.076778571429,-6.42857142864945e-05,15.9311666666667,NA
"693","TEG_T8_Blank_20240614_O2",237.711211428572,7.42857142852125e-05,20.0196666666667,NA
"694","TEG_T8_Blank_20240615B_O2",225.363345,-0.000145000000000292,19.912,NA
"695","TEG_T9_03_20240614_O2",221.69406,-0.00346000000000044,19.6891666666667,NA
"696","TEG_T9_29_20240614_O2",222.084875714286,-0.00273285714285752,19.796,NA
"697","TEG_T9_44_20240430_O2",226.243895238095,-0.00251428571428713,19.822,NA
"698","TEG_T9_53_20240430_O2",179.34255,-0.00254999999999983,19.86,NA
"699","TEG_T9_55_20240614_O2",204.504466666667,-0.00480000000000048,19.6955,NA
"700","TEG_T9_63_20240430_O2",216.73427,-0.00366999999999962,19.659,NA
"701","TEG_T9_B_20240430_O2",232.182515714286,-0.000372857142857848,19.86,NA
"702","TEG_T9_Blank_20240614_O2",238.49485,-0.000850000000000145,19.885,NA
