block,pH_treatment,Species,blank.rate,FileName,Intercept,umol.L.sec,Temp.C,experiment,tank,temp_treatment,chamber.channel,ID,BLANK,notes,start.time,stop.time,volume,dry_weight,wet_weight,TA.start,TA.stop,dry_shell_weight,initial_wet_weight,umol.sec,umol.sec.corr,Respiration,NetPhoto,GrossPhoto
S1,7.2,Rockweed,-3.149367737525495e-4,RW_T1_1_Dark_20240428_O2,229.39144412475633,-0.00363938918901543,19.559793103448275,a,1,20,NA,1,0,good,06:58:00,07:29:00,648,0.7209,2.551,NA,NA,NA,NA,-0.002358324194481999,-0.0020433874207294494,10.204181876301869,46.20398863750465,56.40817051380652
S1,7.2,Rockweed,-3.149367737525495e-4,RW_T1_2_Dark_20240428_O2,231.87658908579465,-0.00295343178621658,19.79970114942529,a,1,20,NA,2,0,good,06:58:00,07:29:00,648,0.4412,1.5503,NA,NA,NA,NA,-0.0019138237974683438,-0.0015988870237157943,13.046222314997415,29.491545556895446,42.53776787189286
S1,7.2,Rockweed,-3.149367737525495e-4,RW_T1_3_Dark_20240428_O2,231.78588626834377,-0.0060162473794549,19.85941379310345,a,1,20,NA,3,0,maybe,06:58:00,07:29:00,648,0.8427,2.546,NA,NA,NA,NA,-0.0038985283018867756,-0.003583591528134226,15.309041772022326,45.057640159847104,60.36668193186943
S1,7.2,Rockweed,-3.149367737525495e-4,RW_T1_4_Dark_20240428_O2,182.35987936262055,-0.00361374638020208,19.62736781609195,a,1,20,NA,4,0,good,06:58:00,07:29:00,648,0.7373,2.6324,NA,NA,NA,NA,-0.0023417076543709478,-0.0020267708806183983,9.89607374233858,36.16991546359768,46.06598920593626
S1,7.2,Rockweed,-3.149367737525495e-4,RW_T1_5_Dark_20240428_O2,190.53049060579457,-0.00367848990342405,19.891701149425288,a,1,20,NA,5,0,good,06:58:00,07:29:00,646,0.8386,2.7575,NA,NA,NA,NA,-0.002376304477611936,-0.0020613677038593867,8.849181652627943,28.463998572529214,37.313180225157154
S1,7.2,Rockweed,-3.149367737525495e-4,RW_T1_6_Dark_20240428_O2,238.58396343856165,-0.00482084589838529,19.74712643678161,a,1,20,NA,6,0,good,06:58:00,07:29:00,642.5,0.6767,2.6057,NA,NA,NA,NA,-0.0030973934897125482,-0.0027824567159599987,14.802488809599522,25.62284513903082,40.42533394863034
S1,7.2,Rockweed,-2.3200106855170784e-4,RW_T1_1_Light_20240428_O2,241.757651173454,0.01392028959276018,19.989,a,1,20,NA,1,0,good,08:15:00,08:46:00,648,0.7209,2.551,NA,NA,NA,NA,0.009020347656108598,0.009252348724660306,10.204181876301869,46.20398863750465,56.40817051380652
S1,7.2,Rockweed,-2.3200106855170784e-4,RW_T1_2_Light_20240428_O2,245.67829679374103,0.00521967852062591,20.286290697674417,a,1,20,NA,2,0,good,08:15:00,08:46:00,648,0.4412,1.5503,NA,NA,NA,NA,0.0033823516813655894,0.003614352749917297,13.046222314997415,29.491545556895446,42.53776787189286
S1,7.2,Rockweed,-2.3200106855170784e-4,RW_T1_3_Light_20240428_O2,257.9660465080192,0.01591858261141847,20.142758620689655,a,1,20,NA,3,0,good,08:15:00,08:46:00,648,0.8427,2.546,NA,NA,NA,NA,0.010315241532199168,0.010547242600750876,15.309041772022326,45.057640159847104,60.36668193186943
S1,7.2,Rockweed,-2.3200106855170784e-4,RW_T1_4_Light_20240428_O2,195.01161059196605,0.0110737632135307,20.180988372093022,a,1,20,NA,4,0,good,08:15:00,08:46:00,648,0.7373,2.6324,NA,NA,NA,NA,0.007175798562367894,0.007407799630919602,9.89607374233858,36.16991546359768,46.06598920593626
S1,7.2,Rockweed,-2.3200106855170784e-4,RW_T1_5_Light_20240428_O2,193.66025491448687,0.00990484406438633,20.167941860465117,a,1,20,NA,5,0,good,08:15:00,08:46:00,646,0.8386,2.7575,NA,NA,NA,NA,0.00639852926559357,0.006630530334145277,8.849181652627943,28.463998572529214,37.313180225157154
S1,7.2,Rockweed,-2.3200106855170784e-4,RW_T1_6_Light_20240428_O2,255.1122093687902,0.00713522501461133,20.153209302325585,a,1,20,NA,6,0,good,08:15:00,08:46:00,642.5,0.6767,2.6057,NA,NA,NA,NA,0.004584382071887779,0.004816383140439487,14.802488809599522,25.62284513903082,40.42533394863034
S10,7.5,Rockweed,1.573821702598346e-5,RW_T10_55_Dark_20240429_O2,199.324810169894,-0.00416303799780782,16.20713793103448,a,10,16,NA,55,0,good,22:53:00,23:24:00,646,1.1746,3.3636,NA,NA,NA,NA,-0.002689322546583852,-0.0027050607636098355,8.290668098923383,43.341823771219815,51.6324918701432
S10,7.5,Rockweed,1.573821702598346e-5,RW_T10_56_Dark_20240429_O2,205.5325781655148,-0.00516098416586474,16.29157471264368,a,10,16,NA,56,0,good,22:53:00,23:24:00,646,1.0933,3.2903,NA,NA,NA,NA,-0.003333995771148622,-0.0033497339881746056,11.029948191190508,16.28233126510985,27.31227945630036
S10,7.5,Rockweed,1.573821702598346e-5,RW_T10_57_Dark_20240429_O2,243.2903574761613,-0.00364784445805264,16.146942528735632,a,10,16,NA,57,0,good,22:53:00,23:24:00,648,0.7648,2.3609,NA,NA,NA,NA,-0.0023638032088181106,-0.002379541425844094,11.200770309935589,37.77232158752767,48.97309189746326
S10,7.5,Rockweed,1.573821702598346e-5,RW_T10_58_Dark_20240429_O2,251.59335296296297,-0.00450851851851849,16.314977011494253,a,10,16,NA,58,0,good,22:53:00,23:24:00,648,0.7386,2.6948,NA,NA,NA,NA,-0.0029215199999999817,-0.0029372582170259652,14.316449473725257,52.07945213592958,66.39590160965483
S10,7.5,Rockweed,1.573821702598346e-5,RW_T10_59_Dark_20240429_O2,258.403588838141,-0.00707496451465199,16.29596551724138,a,10,16,NA,59,0,good,22:53:00,23:24:00,648,0.8363,2.4682,NA,NA,NA,NA,-0.00458457700549449,-0.004600315222520473,19.80286356698996,32.082089503457574,51.88495307044754
S10,7.5,Rockweed,1.573821702598346e-5,RW_T10_60_Dark_20240429_O2,258.0372224882628,-0.004431341381623,16.316712643678162,a,10,16,NA,60,0,good,22:53:00,23:24:00,648,0.6917,2.1461,NA,NA,NA,NA,-0.002871509215291704,-0.0028872474323176876,15.026876906670054,38.95874498542055,53.985621892090606
S10,7.5,Rockweed,-2.2811804709866443e-6,RW_T10_55_Light_20240429_O2,204.7291771586441,0.02188729530098867,16.420227272727274,a,10,16,NA,55,0,good,23:43:00,00:15:00,646,1.1746,3.3636,NA,NA,NA,NA,0.01413919276443868,0.014141473944909668,8.290668098923383,43.341823771219815,51.6324918701432
S10,7.5,Rockweed,-2.2811804709866443e-6,RW_T10_56_Light_20240429_O2,203.6447314081632,0.00765104081632656,16.316875,a,10,16,NA,56,0,good,23:43:00,00:15:00,646,1.0933,3.2903,NA,NA,NA,NA,0.004942572367346958,0.004944853547817945,11.029948191190508,16.28233126510985,27.31227945630036
S10,7.5,Rockweed,-2.2811804709866443e-6,RW_T10_57_Light_20240429_O2,245.72125453652657,0.01237999798544479,16.102602272727275,a,10,16,NA,57,0,good,23:43:00,00:15:00,648,0.7648,2.3609,NA,NA,NA,NA,0.008022238694568225,0.008024519875039212,11.200770309935589,37.77232158752767,48.97309189746326
S10,7.5,Rockweed,-2.2811804709866443e-6,RW_T10_58_Light_20240429_O2,254.42429758959796,0.01648562718531466,16.440704545454544,a,10,16,NA,58,0,good,23:43:00,00:15:00,648,0.7386,2.6948,NA,NA,NA,NA,0.010682686416083899,0.010684967596554885,14.316449473725257,52.07945213592958,66.39590160965483
S10,7.5,Rockweed,-2.2811804709866443e-6,RW_T10_59_Light_20240429_O2,259.1907739940323,0.01149778772378516,16.340738636363636,a,10,16,NA,59,0,good,23:43:00,00:15:00,648,0.8363,2.4682,NA,NA,NA,NA,0.007450566445012783,0.00745284762548377,19.80286356698996,32.082089503457574,51.88495307044754
S10,7.5,Rockweed,-2.2811804709866443e-6,RW_T10_60_Light_20240429_O2,255.09455233940216,0.01154816171841557,16.270494382022473,a,10,16,NA,60,0,good,23:43:00,00:15:00,648,0.6917,2.1461,NA,NA,NA,NA,0.007483208793533289,0.007485489974004276,15.026876906670054,38.95874498542055,53.985621892090606
S11,7.6,Rockweed,-4.569947721289202e-5,RW_T11_61_Dark_20240428_O2,235.88463823200075,-0.00603949173300676,20.088,a,11,20,NA,61,0,good,18:21:00,18:53:00,648,0.7812,2.5581,NA,NA,NA,NA,-0.00391359064298838,-0.003867891165775488,17.8243832524216,27.555051822397647,45.37943507481925
S11,7.6,Rockweed,-4.569947721289202e-5,RW_T11_62_Dark_20240428_O2,202.2235533868382,-0.00532347501622323,20.17425287356322,a,11,20,NA,62,0,good,18:21:00,18:53:00,648,1.0023,2.941,NA,NA,NA,NA,-0.003449611810512653,-0.003403912333299761,12.225964681112579,13.424457621433868,25.650422302546446
S11,7.6,Rockweed,-4.569947721289202e-5,RW_T11_63_Dark_20240428_O2,239.3065169935327,-0.00755122246174876,20.09420689655172,a,11,20,NA,63,0,good,18:21:00,18:53:00,646,1.0338,3.2374,NA,NA,NA,NA,-0.004878089710289699,-0.004832390233076807,16.82782437519492,72.27723745710784,89.10506183230277
S11,7.6,Rockweed,-4.569947721289202e-5,RW_T11_64_Dark_20240428_O2,227.38149931515855,-0.00382732924969768,20.041436781609196,a,11,20,NA,64,0,good,18:21:00,18:53:00,646,0.8557,3.153,NA,NA,NA,NA,-0.002472454695304701,-0.002426755218091809,10.20955800529451,77.08592200153184,87.29548000682635
S11,7.6,Rockweed,-4.569947721289202e-5,RW_T11_65_Dark_20240428_O2,231.0426564339855,-0.00709376872906751,20.06629885057471,a,11,20,NA,65,0,good,18:21:00,18:53:00,646,1.1355,3.1623,NA,NA,NA,NA,-0.004582574598977611,-0.004536875121764719,14.383752037298978,47.74575204832344,62.129504085622415
S11,7.6,Rockweed,-4.569947721289202e-5,RW_T11_66_Dark_20240428_O2,237.65905972474283,-0.00608932460461496,20.211494252873564,a,11,20,NA,66,0,good,18:21:00,18:53:00,646,0.1628,2.7303,NA,NA,NA,NA,-0.003933703694581264,-0.003888004217368372,85.97552323419005,-85.98244728864461,-0.006924054454557904
S11,7.6,Rockweed,-2.2980730510124922e-5,RW_T11_61_Light_20240428_O2,271.3623696198945,0.00919207641196013,20.262835164835163,a,11,20,NA,61,0,bad,19:14:00,19:46:00,648,0.7812,2.5581,NA,NA,NA,NA,0.005956465514950164,0.0059794462454602895,17.8243832524216,27.555051822397647,45.37943507481925
S11,7.6,Rockweed,-2.2980730510124922e-5,RW_T11_62_Light_20240428_O2,204.81600240551572,0.0057324259448417,20.250244444444444,a,11,20,NA,62,0,idk,19:14:00,19:46:00,648,1.0023,2.941,NA,NA,NA,NA,0.0037146120122574216,0.0037375927427675463,12.225964681112579,13.424457621433868,25.650422302546446
S11,7.6,Rockweed,-2.2980730510124922e-5,RW_T11_63_Light_20240428_O2,250.44922794995665,0.03209385855405988,20.517788888888887,a,11,20,NA,63,0,good,19:14:00,19:46:00,646,1.0338,3.2374,NA,NA,NA,NA,0.020732632625922683,0.020755613356432806,16.82782437519492,72.27723745710784,89.10506183230277
S11,7.6,Rockweed,-2.2980730510124922e-5,RW_T11_64_Light_20240428_O2,238.18707279853027,0.02832804129122564,20.093233333333337,a,11,20,NA,64,0,good,19:14:00,19:46:00,646,0.8557,3.153,NA,NA,NA,NA,0.018299914674131765,0.018322895404641888,10.20955800529451,77.08592200153184,87.29548000682635
S11,7.6,Rockweed,-2.2980730510124922e-5,RW_T11_65_Light_20240428_O2,240.03764044327437,0.02327681923849106,20.153164835164837,a,11,20,NA,65,0,good,19:14:00,19:46:00,646,1.1355,3.1623,NA,NA,NA,NA,0.015036825228065227,0.015059805958575352,14.383752037298978,47.74575204832344,62.129504085622415
S11,7.6,Rockweed,-2.2980730510124922e-5,RW_T11_66_Light_20240428_O2,243.67315088510543,-0.00605464097369616,21.422307692307697,a,11,20,NA,66,0,bad,19:14:00,19:46:00,646,0.1628,2.7303,NA,NA,NA,NA,-0.003911298069007719,-0.0038883173384975946,85.97552323419005,-85.98244728864461,-0.006924054454557904
S12,7.2,Rockweed,4.1045633971289016e-4,RW_T12_67_Dark_20240429_O2,197.87788351752695,-0.00456399464459595,16.234426966292133,a,12,16,NA,67,0,good,00:46:00,01:17:00,646,0.8725,3.2255,NA,NA,NA,NA,-0.0029483405404089834,-0.0033587968801218736,13.85864615293839,36.06300237106761,49.921648524006
S12,7.2,Rockweed,4.1045633971289016e-4,RW_T12_68_Dark_20240429_O2,204.6344435491828,-0.00387056120875729,16.33147191011236,a,12,16,NA,68,0,good,00:46:00,01:17:00,648,0.9923,3.2647,NA,NA,NA,NA,-0.002508123663274724,-0.002918580002987614,10.588418835791002,17.548219797981417,28.13663863377242
S12,7.2,Rockweed,4.1045633971289016e-4,RW_T12_69_Dark_20240429_O2,218.82304715794763,-0.00434963950368877,16.329662921348316,a,12,16,NA,69,0,good,00:46:00,01:17:00,646,0.8608,2.8302,NA,NA,NA,NA,-0.0028098671193829456,-0.0032203234590958358,13.467895507371061,41.13088097155498,54.59877647892604
S12,7.2,Rockweed,4.1045633971289016e-4,RW_T12_70_Dark_20240429_O2,249.4390099343185,-0.00740877625097223,16.36944943820225,a,12,16,NA,70,0,good,00:46:00,01:17:00,648,0.7597,2.6975,NA,NA,NA,NA,-0.004800887010630005,-0.005211343350342895,24.69505865635701,73.2456438910587,97.94070254741571
S12,7.2,Rockweed,4.1045633971289016e-4,RW_T12_71_Dark_20240429_O2,237.77204858270045,-0.00877798071303341,16.216011363636365,a,12,16,NA,71,0,good,00:46:00,01:17:00,648,1.0943,3.551,NA,NA,NA,NA,-0.00568813150204565,-0.0060985878417585395,20.062977456210128,35.361919699520556,55.42489715573068
S12,7.2,Rockweed,4.1045633971289016e-4,RW_T12_72_Dark_20240429_O2,258.51794890798527,-0.00380216023268114,16.322337078651685,a,12,16,NA,72,0,good,00:46:00,01:17:00,648,0.4931,1.6463,NA,NA,NA,NA,-0.0024637998307773788,-0.002874256170490269,20.98422675677341,73.19730564728853,94.18153240406194
S12,7.2,Rockweed,1.14182147657526e-4,RW_T12_67_Light_20240429_O2,204.34307189834664,0.01370658122648933,16.583448275862068,a,12,16,NA,67,0,good,01:34:00,02:05:00,646,0.8725,3.2255,NA,NA,NA,NA,0.008854451472312107,0.008740269324654581,13.85864615293839,36.06300237106761,49.921648524006
S12,7.2,Rockweed,1.14182147657526e-4,RW_T12_68_Light_20240429_O2,207.97379052187028,0.00764066968325791,16.49206896551724,a,12,16,NA,68,0,good,01:34:00,02:05:00,648,0.9923,3.2647,NA,NA,NA,NA,0.004951153954751126,0.0048369718070936,10.588418835791002,17.548219797981417,28.13663863377242
S12,7.2,Rockweed,1.14182147657526e-4,RW_T12_69_Light_20240429_O2,219.51441607470045,0.01540097956307259,16.499241379310345,a,12,16,NA,69,0,good,01:34:00,02:05:00,646,0.8608,2.8302,NA,NA,NA,NA,0.009949032797744894,0.0098348506500873685,13.467895507371061,41.13088097155498,54.59877647892604
S12,7.2,Rockweed,1.14182147657526e-4,RW_T12_70_Light_20240429_O2,255.02394819253655,0.02402939445970696,16.692045977011496,a,12,16,NA,70,0,good,01:34:00,02:05:00,648,0.7597,2.6975,NA,NA,NA,NA,0.01557104760989011,0.015456865462232584,24.69505865635701,73.2456438910587,97.94070254741571
S12,7.2,Rockweed,1.14182147657526e-4,RW_T12_71_Light_20240429_O2,243.5566499178404,0.01676423373574779,16.30664367816092,a,12,16,NA,71,0,good,01:34:00,02:05:00,648,1.0943,3.551,NA,NA,NA,NA,0.010863223460764567,0.010749041313107041,20.062977456210128,35.361919699520556,55.42489715573068
S12,7.2,Rockweed,1.14182147657526e-4,RW_T12_72_Light_20240429_O2,261.6371668577074,0.0156484255599473,16.52,a,12,16,NA,72,0,good,01:34:00,02:05:00,648,0.4931,1.6463,NA,NA,NA,NA,0.010140179762845852,0.010025997615188326,20.98422675677341,73.19730564728853,94.18153240406194
S13,8,Rockweed,1.5185917721553323e-5,RW_T13_73_Dark_20240428_O2,201.60030713684708,-0.00757094266512319,20.347433333333335,a,13,20,NA,73,0,good,21:12:00,21:45:00,646,1.0033,3.1231,NA,NA,NA,NA,-0.004890828961669581,-0.004906014879391134,17.603561811829042,31.96522303850846,49.5687848503375
S13,8,Rockweed,1.5185917721553323e-5,RW_T13_74_Dark_20240428_O2,235.16846065162903,-0.01000451127819548,20.216626373626372,a,13,20,NA,74,0,good,21:12:00,21:45:00,646,0.9764,3.2797,NA,NA,NA,NA,-0.00646291428571428,-0.006478100203435833,23.884843027825685,28.424165356895376,52.30900838472106
S13,8,Rockweed,1.5185917721553323e-5,RW_T13_75_Dark_20240428_O2,220.1244613289836,-0.01253680975274728,20.137933333333333,a,13,20,NA,75,0,good,21:12:00,21:45:00,646,1.3728,4.1275,NA,NA,NA,NA,-0.008098779100274744,-0.008113965017996298,21.277880291948335,32.8115232503837,54.089403542332036
S13,8,Rockweed,1.5185917721553323e-5,RW_T13_76_Dark_20240428_O2,235.79005390391475,-0.01158025807392284,20.176555555555556,a,13,20,NA,76,0,good,21:12:00,21:45:00,648,0.8863,3.2155,NA,NA,NA,NA,-0.007504007231902,-0.0075191931496235535,30.541684913285337,90.78871458656455,121.33039949984989
S13,8,Rockweed,1.5185917721553323e-5,RW_T13_77_Dark_20240428_O2,181.11431201746453,-0.00884721770551035,20.220122222222223,a,13,20,NA,77,0,good,21:12:00,21:45:00,648,1.0014,3.059,NA,NA,NA,NA,-0.0057329970731707074,-0.005748182990892261,20.664528427413757,35.674462015462055,56.33899044287581
S13,8,Rockweed,1.5185917721553323e-5,RW_T13_78_Dark_20240428_O2,230.48652553752532,-0.00603635407330533,20.042944444444444,a,13,20,NA,78,0,good,21:12:00,21:45:00,648,0.7347,2.6386,NA,NA,NA,NA,-0.003911557439501855,-0.003926743357223408,19.24088210971045,51.61656603228541,70.85744814199586
S13,8,Rockweed,8.637658227827596e-6,RW_T13_73_Light_20240428_O2,200.57207194805204,0.01380366522366517,20.53470930232558,a,13,20,NA,73,0,good,22:08:00,22:40:00,646,1.0033,3.1231,NA,NA,NA,NA,0.0089171677344877,0.008908530076259873,17.603561811829042,31.96522303850846,49.5687848503375
S13,8,Rockweed,8.637658227827596e-6,RW_T13_74_Light_20240428_O2,233.7306638122884,0.01194721819061439,20.50029069767442,a,13,20,NA,74,0,good,22:08:00,22:40:00,646,0.9764,3.2797,NA,NA,NA,NA,0.007717902951136896,0.007709265292909068,23.884843027825685,28.424165356895376,52.30900838472106
S13,8,Rockweed,8.637658227827596e-6,RW_T13_75_Light_20240428_O2,220.41693351339492,0.0193819894598155,20.360476744186048,a,13,20,NA,75,0,good,22:08:00,22:40:00,646,1.3728,4.1275,NA,NA,NA,NA,0.012520765191040813,0.012512127532812986,21.277880291948335,32.8115232503837,54.089403542332036
S13,8,Rockweed,8.637658227827596e-6,RW_T13_76_Light_20240428_O2,239.33360439903836,0.03450665865384617,20.583302325581396,a,13,20,NA,76,0,good,22:08:00,22:40:00,648,0.8863,3.2155,NA,NA,NA,NA,0.02236031480769232,0.02235167714946449,30.541684913285337,90.78871458656455,121.33039949984989
S13,8,Rockweed,8.637658227827596e-6,RW_T13_77_Light_20240428_O2,180.30294725430412,0.01532728987993136,20.60077906976744,a,13,20,NA,77,0,good,22:08:00,22:40:00,648,1.0014,3.059,NA,NA,NA,NA,0.009932083842195521,0.009923446183967694,20.664528427413757,35.674462015462055,56.33899044287581
S13,8,Rockweed,8.637658227827596e-6,RW_T13_78_Light_20240428_O2,231.43430677018648,0.0162696273291925,20.323906976744187,a,13,20,NA,78,0,good,22:08:00,22:40:00,648,0.7347,2.6386,NA,NA,NA,NA,0.010542718509316741,0.010534080851088914,19.24088210971045,51.61656603228541,70.85744814199586
S138,7.4,Tegula,-1.0051093109104291e-5,TEG_T1_26_20240615_O2,256.718569913817,-0.00265529978685941,15.928350282485876,b,1,16,NA,26,0,NA,09:38:00,10:59:00,115,0.0348,1.6391,09:12:00,11:00:00,1.3423,1.6441,-3.053594754888322e-4,-2.953083823797279e-4,30.549143004799443,0,30.549143004799443
S138,7.4,Tegula,-1.0051093109104291e-5,TEG_T1_41_20240615_O2,254.2993913661816,-0.00285206047032479,15.911125,b,1,16,NA,41,0,NA,09:38:00,10:59:00,115,0.0439,2.0196,09:12:00,11:00:00,1.6415,2.0271,-3.2798695408735085e-4,-3.179358609782466e-4,26.07218905516373,0,26.07218905516373
S138,7.4,Tegula,-1.0051093109104291e-5,TEG_T1_42_20240615_O2,257.22363513369277,7.714903074454408e-5,15.929607954545457,b,1,16,NA,42,0,NA,09:38:00,10:59:00,114.5,0.0381,1.597,09:12:00,11:00:00,1.2793,1.5982,8.833564020250297e-6,1.888465712935459e-5,-1.7843770515925597,0,-1.7843770515925597
S139,7.3,Tegula,1.736004861879361e-5,TEG_T5_19_20240615_O2,245.11124143972071,-0.00274072917880028,15.988734463276836,b,5,16,NA,19,0,NA,09:38:00,10:59:00,115,0.0362,1.7874,09:14:00,11:00:00,1.3936,1.7985,-3.151838555620322e-4,-3.3254390418082584e-4,33.07066450417052,0,33.07066450417052
S139,7.3,Tegula,1.736004861879361e-5,TEG_T5_21_20240615_O2,252.9532282099673,-0.00157174321911782,15.828823863636364,b,5,16,NA,21,0,NA,09:38:00,10:59:00,115,0.0319,1.4185,09:14:00,11:00:00,1.1476,1.4352,-1.8075047019854932e-4,-1.9811051881734291e-4,22.357299929229924,0,22.357299929229924
S139,7.3,Tegula,1.736004861879361e-5,TEG_T5_37_20240615_O2,207.23934658298583,-0.00123401995283876,15.949870056497176,b,5,16,NA,37,0,NA,09:38:00,10:59:00,115,0.0362,1.5959,09:14:00,11:00:00,1.2873000000000001,1.6069,-1.4191229457645742e-4,-1.5927234319525102e-4,15.839238549803966,0,15.839238549803966
S14,7.8,Rockweed,7.268198156681355e-5,RW_T14_79_Dark_20240429_O2,242.79922197541393,-0.00608796859785784,16.377880597014926,a,14,16,NA,79,0,good,19:15:00,19:47:00,646,1.0593,3.3104,NA,NA,NA,NA,-0.003932827714216164,-0.004005509695782978,13.612607292380556,59.156386169647995,72.76899346202855
S14,7.8,Rockweed,7.268198156681355e-5,RW_T14_80_Dark_20240429_O2,240.78042742231767,-0.00608902091068982,16.468514925373135,a,14,16,NA,80,0,good,19:15:00,19:47:00,648,1.0042,3.3033,NA,NA,NA,NA,-0.003945685550127004,-0.0040183675316938176,14.405619512146727,29.768719099648788,44.17433861179551
S14,7.8,Rockweed,7.268198156681355e-5,RW_T14_81_Dark_20240429_O2,245.2107823825247,-0.00509734225292972,17.994067164179103,a,14,16,NA,81,0,bad,19:15:00,19:47:00,646,1.1536,3.5405,NA,NA,NA,NA,-0.003292883095392599,-0.003365565076959413,10.502803638222856,61.011716271163095,71.51451990938595
S14,7.8,Rockweed,7.268198156681355e-5,RW_T14_82_Dark_20240429_O2,239.48012326183783,-0.00480459095171121,16.499283582089554,a,14,16,NA,82,0,good,19:15:00,19:47:00,646,0.771,2.7971,NA,NA,NA,NA,-0.0031037657548054418,-0.0031764477363722555,14.831662582282904,53.66945935307201,68.50112193535492
S14,7.8,Rockweed,7.268198156681355e-5,RW_T14_83_Dark_20240429_O2,186.44749982822464,-0.00568649081955951,16.351619402985076,a,14,16,NA,83,0,good,19:15:00,19:47:00,646,1.2381,4.0425,NA,NA,NA,NA,-0.003673473069435444,-0.0037461550510022577,10.892624330512986,34.01588224634455,44.90850657685754
S14,7.8,Rockweed,7.268198156681355e-5,RW_T14_84_Dark_20240429_O2,228.7836053145405,-0.00610810160853639,16.327276119402985,a,14,16,NA,84,0,good,19:15:00,19:47:00,646,1.337,3.674,NA,NA,NA,NA,-0.003945833639114508,-0.004018515620681322,10.820236525394733,35.6395645555658,46.45980108096053
S14,7.8,Rockweed,1.0555889046944321e-4,RW_T14_79_Light_20240429_O2,260.68677818085683,0.02710886303543091,16.649186046511627,a,14,16,NA,79,0,good,20:07:00,20:38:00,646,1.0593,3.3104,NA,NA,NA,NA,0.017512325520888366,0.017406766630418923,13.612607292380556,59.156386169647995,72.76899346202855
S14,7.8,Rockweed,1.0555889046944321e-4,RW_T14_80_Light_20240429_O2,255.5937023823138,0.01297743472460447,16.526632183908045,a,14,16,NA,80,0,good,20:07:00,20:38:00,648,1.0042,3.3033,NA,NA,NA,NA,0.008409377701543697,0.008303818811074254,14.405619512146727,29.768719099648788,44.17433861179551
S14,7.8,Rockweed,1.0555889046944321e-4,RW_T14_81_Light_20240429_O2,256.4963022077924,0.03042790157211203,16.847229885057473,a,14,16,NA,81,0,good,20:07:00,20:38:00,646,1.1536,3.5405,NA,NA,NA,NA,0.019656424415584375,0.01955086552511493,10.502803638222856,61.011716271163095,71.51451990938595
S14,7.8,Rockweed,1.0555889046944321e-4,RW_T14_82_Light_20240429_O2,248.85468972746335,0.01795629737139169,16.724298850574712,a,14,16,NA,82,0,good,20:07:00,20:38:00,646,0.771,2.7971,NA,NA,NA,NA,0.011599768101919032,0.011494209211449589,14.831662582282904,53.66945935307201,68.50112193535492
S14,7.8,Rockweed,1.0555889046944321e-4,RW_T14_83_Light_20240429_O2,197.21958440643888,0.018272736418511,16.734540229885056,a,14,16,NA,83,0,good,20:07:00,20:38:00,646,1.2381,4.0425,NA,NA,NA,NA,0.011804187726358108,0.011698628835888665,10.892624330512986,34.01588224634455,44.90850657685754
S14,7.8,Rockweed,1.0555889046944321e-4,RW_T14_84_Light_20240429_O2,240.36772033313864,0.02065278199883104,16.425523255813953,a,14,16,NA,84,0,good,20:07:00,20:38:00,646,1.337,3.674,NA,NA,NA,NA,0.013341697171244853,0.01323613828077541,10.820236525394733,35.6395645555658,46.45980108096053
S140,7.7,Tegula,-3.476620815365971e-5,TEG_T6_25_20240615_O2,241.44841010561785,-0.00277237847412041,15.743204545454546,b,6,16,NA,25,0,NA,11:10:00,12:12:00,115,0.0437,1.8409,10:53:00,12:15:00,1.4456,1.8283,-3.1882352452384713e-4,-2.840573163701874e-4,23.400602721571502,0,23.400602721571502
S140,7.7,Tegula,-3.476620815365971e-5,TEG_T6_45_20240615_O2,208.9961920688532,-0.00301800624556044,15.771581920903955,b,6,16,NA,45,0,NA,11:10:00,12:12:00,115,0.0356,1.5736,10:53:00,12:15:00,1.3006,1.5422,-3.4707071823945066e-4,-3.1230451008579094e-4,31.581354952495712,0,31.581354952495712
S141,7.2,Tegula,-3.5796773059618274e-5,TEG_T11_09_20240615_O2,226.6037787309367,-0.00153080065359475,15.941477272727273,b,11,16,NA,9,0,NA,11:10:00,12:12:00,115,0.0292,1.5073,10:55:00,12:15:00,1.244,1.548,-1.7604207516339627e-4,-1.40245302103778e-4,17.290516697726055,0,17.290516697726055
S141,7.2,Tegula,-3.5796773059618274e-5,TEG_T11_22_20240615_O2,262.1676312581668,-0.00300125756582925,15.886,b,11,16,NA,22,0,NA,11:10:00,12:12:00,115,0.039,1.7721,10:55:00,12:15:00,1.4654,1.8366,-3.451446200703638e-4,-3.093478470107455e-4,28.55518587791497,0,28.55518587791497
S141,7.2,Tegula,-3.5796773059618274e-5,TEG_T11_24_20240615_O2,260.26106631593507,-0.00347028270116375,15.851732954545454,b,11,16,NA,24,0,NA,11:10:00,12:12:00,115,0.0464,1.9589,10:55:00,12:15:00,1.608,2.0103,-3.9908251063383126e-4,-3.63285737574213e-4,28.185962397999287,0,28.185962397999287
S142,7.9,Tegula,-7.636496714423573e-6,TEG_T13_40_20240615_O2,253.40997889055467,-0.00236179910044977,15.830323863636364,b,13,16,NA,40,0,NA,12:40:00,13:42:00,115,0.0389,1.8225,12:23:00,01:45:00,1.4998,1.808,-2.7160689655172357e-4,-2.6397039983729997e-4,24.4291372600072,0,24.4291372600072
S142,7.9,Tegula,-7.636496714423573e-6,TEG_T13_56_20240615_O2,240.04205643516804,-0.00252068583797156,15.71525,b,13,16,NA,56,0,NA,12:40:00,13:42:00,115.25,0.035,1.5327,12:23:00,01:45:00,1.2507,1.4974,-2.905090428262223e-4,-2.828725461117988e-4,29.095461885785017,0,29.095461885785017
S142,7.9,Tegula,-7.636496714423573e-6,TEG_T13_68_20240615_O2,250.3547419800424,-0.00353340523917819,15.697011363636364,b,13,16,NA,68,0,NA,12:40:00,13:42:00,115,0.038,1.9683,12:23:00,01:45:00,1.5769,1.9402,-4.063416025054919e-4,-3.9870510579106835e-4,37.772062653890686,0,37.772062653890686
S143,8,Tegula,-2.7439892118669214e-5,TEG_T17_15_20240615_O2,210.55237671097117,-0.00237926077151737,15.831170454545454,b,17,16,NA,15,0,NA,12:40:00,13:42:00,115.25,0.0337,1.5689,12:25:00,01:45:00,1.283,1.5497,-2.742098039173769e-4,-2.467699117987077e-4,26.36117752152367,0,26.36117752152367
S143,8,Tegula,-2.7439892118669214e-5,TEG_T17_34_20240615_O2,227.3195228493444,-0.00230461230922998,15.897210227272728,b,17,16,NA,34,0,NA,12:40:00,13:42:00,115,0.0331,1.7216,12:25:00,01:45:00,1.4096,1.6919,-2.650304155614477e-4,-2.3759052344277847e-4,25.840661159939653,0,25.840661159939653
S143,8,Tegula,-2.7439892118669214e-5,TEG_T17_44_20240615_O2,251.52696941866537,-0.00494802766744281,15.898414772727271,b,17,16,NA,44,0,NA,12:40:00,13:42:00,115,0.051,2.1325,12:25:00,01:45:00,1.6951,2.0688,-5.690231817559231e-4,-5.41583289637254e-4,38.229408680276755,0,38.229408680276755
S144,7.8,Tegula,-1.9256243499832134e-5,TEG_T18_31_20240615_O2,252.57486849293923,-0.00225350782449164,15.6458,b,18,16,NA,31,0,NA,14:09:00,15:10:00,115,0.0326,1.6406,13:53:00,15:11:00,1.3482,1.6343,-2.5915339981653863e-4,-2.398971563167065e-4,26.49171051350133,0,26.49171051350133
S144,7.8,Tegula,-1.9256243499832134e-5,TEG_T18_36_20240615_O2,258.6076379773659,-0.00266574654353277,15.85930857142857,b,18,16,NA,36,0,NA,14:09:00,15:10:00,115,0.0348,1.6789,13:53:00,15:11:00,1.349,1.66,-3.065608525062686e-4,-2.873046090064365e-4,29.721166448941705,0,29.721166448941705
S144,7.8,Tegula,-1.9256243499832134e-5,TEG_T18_38_20240615_O2,257.73355558325636,-0.00244039717782838,15.868405714285714,b,18,16,NA,38,0,NA,14:09:00,15:10:00,115,0.0389,1.7484,13:53:00,15:11:00,1.4031,1.753,-2.806456754502637e-4,-2.613894319504316e-4,24.19028162009136,0,24.19028162009136
S145,7.6,Tegula,-1.1793490408649122e-5,TEG_T19_57_20240615_O2,241.27654627913577,-0.00419976934448473,15.745234285714286,b,19,16,NA,57,0,NA,14:09:00,15:10:00,115,0.0516,1.874,13:55:00,15:11:00,1.4846,1.8523,-4.8297347461574394e-4,-4.711799842070948e-4,32.87302215398336,0,32.87302215398336
S145,7.6,Tegula,-1.1793490408649122e-5,TEG_T19_67_20240615_O2,250.4940078650791,-0.00512037539912267,16.020034285714285,b,19,16,NA,67,0,NA,14:09:00,15:10:00,114.5,0.0424,2.306,13:55:00,15:11:00,1.909,2.0821,-5.862829831995457e-4,-5.744894927908966e-4,48.77740976526481,0,48.77740976526481
S146,7.5,Tegula,-3.782318535006771e-5,TEG_T2_51_20240615_O2,256.12534754550495,-0.00432217319360179,15.769625,b,2,16,NA,51,0,NA,15:25:00,16:26:00,115,0.0378,1.5368,15:20:00,16:28:00,1.2118,1.4521,-4.97049917264206e-4,-4.592267319141382e-4,43.73587922991793,0,43.73587922991793
S146,7.5,Tegula,-3.782318535006771e-5,TEG_T2_60_20240615_O2,260.88938450669957,-0.00245994681508967,15.909323863636365,b,2,16,NA,60,0,NA,15:25:00,16:26:00,115,0.0375,1.662,15:20:00,16:28:00,1.3023,1.6115,-2.828938837353121e-4,-2.450706983852444e-4,23.526787044983465,0,23.526787044983465
S146,7.5,Tegula,-3.782318535006771e-5,TEG_T2_64_20240615_O2,213.57421045420224,-0.00391918376154,15.905863636363636,b,2,16,NA,64,0,NA,15:25:00,16:26:00,115,0.0461,1.7639,15:20:00,16:28:00,1.368,1.7332,-4.507061325771e-4,-4.128829472270323e-4,32.242486117512286,0,32.242486117512286
S147,7.2,Tegula,1.7495510114612338e-6,TEG_T3_49_20240614_O2,235.09614393806703,-0.00649150498234953,19.22423595505618,b,3,20,NA,49,0,NA,09:12:00,10:13:00,115,0.0421,1.6642,09:00:00,10:15:00,1.3362,1.6703,-7.46523072970196e-4,-7.482726239816573e-4,63.985307513870936,0,63.985307513870936
S147,7.2,Tegula,1.7495510114612338e-6,TEG_T3_52_20240614_O2,224.83544443181825,-0.00221328053703054,19.135219101123596,b,3,20,NA,52,0,NA,09:12:00,10:13:00,115.25,0.0357,1.5622,09:00:00,10:15:00,1.257,1.5906,-2.5508058189276973e-4,-2.5683013290423096e-4,25.89883693151909,0,25.89883693151909
S147,7.2,Tegula,1.7495510114612338e-6,TEG_T3_59_20240614_O2,233.68334736786855,-0.00302175941921233,19.124449438202248,b,3,20,NA,59,0,NA,09:12:00,10:13:00,115,0.0365,1.9869,09:00:00,10:15:00,1.6144,2.0104,-3.47502333209418e-4,-3.492518842208792e-4,34.44676118342919,0,34.44676118342919
S148,7.6,Tegula,-3.862445359193559e-5,TEG_T4_02_20240614_O2,231.15142977591304,-0.00429814533138065,19.346865168539324,b,4,20,NA,2,0,NA,09:12:00,10:13:00,115,0.1085,2.0481,09:02:00,10:15:00,1.601,2.0229,-4.942867131087748e-4,-4.5566225951683913e-4,15.11874778120388,0,15.11874778120388
S148,7.6,Tegula,-3.862445359193559e-5,TEG_T4_23_20240614_O2,241.6469467524532,-0.00419739148867192,19.25878651685393,b,4,20,NA,23,0,NA,09:12:00,10:13:00,115.25,0.0331,1.6157,09:02:00,10:15:00,1.2711,1.6294,-4.8374936906943875e-4,-4.4512491547750313e-4,48.41237751416953,0,48.41237751416953
S148,7.6,Tegula,-3.862445359193559e-5,TEG_T4_69_20240614_O2,238.9425780187599,-0.00464617176350769,19.326129213483146,b,4,20,NA,69,0,NA,09:12:00,10:13:00,115,0.0429,1.6056,09:02:00,10:15:00,1.2796,1.588,-5.343097528033844e-4,-4.956852992114487e-4,41.59596916459709,0,41.59596916459709
S149,7.9,Tegula,-1.8685896571274762e-4,TEG_T7_53_20240614_O2,251.6116502332022,-0.00551182887954422,20.12653409090909,b,7,20,NA,53,0,NA,10:41:00,11:42:00,115.25,0.0376,1.5918,10:35:00,11:45:00,1.2843,1.5336,-6.352382783674714e-4,-4.483793126547238e-4,42.92993419034589,0,42.92993419034589
S149,7.9,Tegula,-1.8685896571274762e-4,TEG_T7_54_20240614_O2,208.1608076223727,-0.00461636179165049,20.062852272727273,b,7,20,NA,54,0,NA,10:41:00,11:42:00,115,0.0406,1.9161,10:35:00,11:45:00,1.5016,1.8871,-5.308816060398064e-4,-3.4402264032705877e-4,30.50447057087221,0,30.50447057087221
S149,7.9,Tegula,-1.8685896571274762e-4,TEG_T7_58_20240614_O2,226.59420468644964,-0.00654658599827139,20.095335227272727,b,7,20,NA,58,0,NA,10:41:00,11:42:00,115,0.0371,1.7421,10:35:00,11:45:00,1.4256,1.6742,-7.528573898012099e-4,-5.659984240884622e-4,54.92167996545725,0,54.92167996545725
S15,7.9,Rockweed,-1.3493570116143343e-6,RW_T15_85_Dark_20240429_O2,252.99530113572433,-0.00528283989685887,16.07043956043956,a,15,16,NA,85,0,good,02:29:00,03:01:00,648,1.0699,3.434,NA,NA,NA,NA,-0.0034232802531645483,-0.003421930896152934,11.514114614590675,39.22624993831409,50.740364552904765
S15,7.9,Rockweed,-1.3493570116143343e-6,RW_T15_86_Dark_20240429_O2,259.59638858885006,-0.00908944103941895,16.193186813186813,a,15,16,NA,86,0,good,02:29:00,03:01:00,646,1.2735,4.3511,NA,NA,NA,NA,-0.005871778911464641,-0.005870429554453027,16.594853864178166,40.589084656362964,57.18393852054113
S15,7.9,Rockweed,-1.3493570116143343e-6,RW_T15_87_Dark_20240429_O2,258.4985398591551,-0.00645682763246148,16.270076923076925,a,15,16,NA,87,0,good,02:29:00,03:01:00,648,0.9813,3.6467,NA,NA,NA,NA,-0.004184024305835039,-0.004182674948823425,15.3445733371694,93.44639185281393,108.79096518998332
S15,7.9,Rockweed,-1.3493570116143343e-6,RW_T15_88_Dark_20240429_O2,258.5978959287571,-0.0055117905234383,16.233043956043957,a,15,16,NA,88,0,good,02:29:00,03:01:00,648,0.6538,2.1995,NA,NA,NA,NA,-0.0035716402591880183,-0.003570290902176404,19.658989366526544,58.89495676407649,78.55394613060304
S15,7.9,Rockweed,-1.3493570116143343e-6,RW_T15_89_Dark_20240429_O2,200.7140790977443,-0.00505189336978808,16.219208791208793,a,15,16,NA,89,0,good,02:29:00,03:01:00,648,1.0659,3.6195,NA,NA,NA,NA,-0.0032736269036226762,-0.003272277546611062,11.051880258748309,48.75890279099115,59.810783049739456
S15,7.9,Rockweed,-1.3493570116143343e-6,RW_T15_90_Dark_20240429_O2,244.70030354895115,-0.00428256993006996,16.17026373626374,a,15,16,NA,90,0,good,02:29:00,03:01:00,646,1.1887,4.0075,NA,NA,NA,NA,-0.0027665401748251943,-0.00276519081781358,8.374431685142497,78.92897390036953,87.30340558551202
S15,7.9,Rockweed,5.6206970128578995e-6,RW_T15_85_Light_20240429_O2,259.82935943013257,0.0179991423689337,16.381555555555558,a,15,16,NA,85,0,good,03:21:00,03:55:00,648,1.0699,3.434,NA,NA,NA,NA,0.011663444255069037,0.011657823558056179,11.514114614590675,39.22624993831409,50.740364552904765
S15,7.9,Rockweed,5.6206970128578995e-6,RW_T15_86_Light_20240429_O2,267.75074739423314,0.02223530865975427,16.651222222222223,a,15,16,NA,86,0,good,03:21:00,03:55:00,646,1.2735,4.3511,NA,NA,NA,NA,0.014364009394201259,0.0143583886971884,16.594853864178166,40.589084656362964,57.18393852054113
S15,7.9,Rockweed,5.6206970128578995e-6,RW_T15_87_Light_20240429_O2,270.8909473635523,0.03931720629047179,16.54117777777778,a,15,16,NA,87,0,good,03:21:00,03:55:00,648,0.9813,3.6467,NA,NA,NA,NA,0.025477549676225723,0.025471928979212865,15.3445733371694,93.44639185281393,108.79096518998332
S15,7.9,Rockweed,5.6206970128578995e-6,RW_T15_88_Light_20240429_O2,206.32612977093143,0.0165148136323729,16.667922222222224,a,15,16,NA,88,0,good,03:21:00,03:55:00,648,0.6538,2.1995,NA,NA,NA,NA,0.01070159923377764,0.010695978536764782,19.658989366526544,58.89495676407649,78.55394613060304
S15,7.9,Rockweed,5.6206970128578995e-6,RW_T15_89_Light_20240429_O2,259.0397543233083,0.02228752957568748,16.726255555555557,a,15,16,NA,89,0,good,03:21:00,03:55:00,648,1.0659,3.6195,NA,NA,NA,NA,0.014442319165045488,0.01443669846803263,11.051880258748309,48.75890279099115,59.810783049739456
S15,7.9,Rockweed,5.6206970128578995e-6,RW_T15_90_Light_20240429_O2,251.62345240271483,0.04035221266968333,16.477411111111113,a,15,16,NA,90,0,good,03:21:00,03:55:00,646,1.1887,4.0075,NA,NA,NA,NA,0.026067529384615432,0.026061908687602574,8.374431685142497,78.92897390036953,87.30340558551202
S150,7.8,Tegula,-5.367772301919449e-5,TEG_T8_04_20240615B_O2,239.6636351332401,-0.0060068022440393,19.90172727272727,b,8,20,NA,4,0,NA,16:10:00,17:11:00,115,0.0353,1.7949,16:08:00,17:12:00,1.4407,1.7344,-6.907822580645195e-4,-6.371045350453251e-4,64.97383360235611,0,64.97383360235611
S150,7.8,Tegula,-5.367772301919449e-5,TEG_T8_20_20240614_O2,241.65213679315477,-0.00482417012326585,20.032761363636364,b,8,20,NA,20,0,NA,10:41:00,11:42:00,115.25,0.0338,1.4608,10:37:00,11:45:00,1.1488,1.4392,-5.559856067063892e-4,-5.023078836871947e-4,53.50024796668347,0,53.50024796668347
S150,7.8,Tegula,-5.367772301919449e-5,TEG_T8_43_20240614_O2,237.95063169629665,-0.00612386609869004,20.055948863636363,b,8,20,NA,43,0,NA,10:41:00,11:42:00,115,0.0422,2.051,10:37:00,11:45:00,1.6816,2.0602,-7.042446013493547e-4,-6.505668783301602e-4,55.498596255653474,0,55.498596255653474
S151,7.5,Tegula,-3.43488461228366e-5,TEG_T9_03_20240614_O2,235.4367472566531,-0.00413971531676024,19.63114857142857,b,9,20,NA,3,0,NA,12:07:00,13:08:00,115,0.0345,1.7372,11:53:00,13:10:00,1.4365,1.7093,-4.760672614274276e-4,-4.41718415304591e-4,46.0923563796095,0,46.0923563796095
S151,7.5,Tegula,-3.43488461228366e-5,TEG_T9_29_20240614_O2,239.93553708894308,-0.00624862765831124,19.75001142857143,b,9,20,NA,29,0,NA,12:07:00,13:08:00,114.75,0.0405,1.9345,11:53:00,13:10:00,1.5451,1.9198,-7.170300237912149e-4,-6.826811776683783e-4,60.682771348300285,0,60.682771348300285
S151,7.5,Tegula,-3.43488461228366e-5,TEG_T9_55_20240614_O2,224.84111995215497,-0.00743749962698813,19.636051428571427,b,9,20,NA,55,0,NA,12:07:00,13:08:00,115,0.0446,1.6644,11:53:00,13:10:00,1.3285,1.5955,-8.55312457103635e-4,-8.209636109807984e-4,66.26612106571467,0,66.26612106571467
S152,7.4,Tegula,-4.118302575390484e-5,TEG_T10_01_20240614_O2,238.35343662518568,-0.00660491498098092,20.100272727272728,b,10,20,NA,1,0,NA,14:55:00,15:57:00,115,0.0438,1.7065,14:44:00,16:00:00,1.3404,1.6656,-7.595652228128058e-4,-7.183821970589009e-4,59.045112087032955,0,59.045112087032955
S152,7.4,Tegula,-4.118302575390484e-5,TEG_T10_48_20240614_O2,237.477829795776,-0.00388875481820439,20.06397727272727,b,10,20,NA,48,0,NA,14:55:00,15:57:00,115,0.036,1.5795,14:44:00,16:00:00,1.1986,1.5471,-4.4720680409350485e-4,-4.060237783396e-4,40.60237783396,0,40.60237783396
S152,7.4,Tegula,-4.118302575390484e-5,TEG_T10_65_20240614_O2,189.98335284123357,-0.00352845516847515,20.099079545454547,b,10,20,NA,65,0,NA,14:55:00,15:57:00,115,0.049,2.0211,14:44:00,16:00:00,1.599,1.9932,-4.0577234437464224e-4,-3.645893186207374e-4,26.786154021115397,0,26.786154021115397
S153,7.7,Tegula,-1.790452924616697e-5,TEG_T12_11_20240614_O2,240.34934338297728,-0.00455392685900845,20.143666666666668,b,12,20,NA,11,0,NA,01:34:00,02:35:00,115,0.0386,1.7705,01:23:00,02:38:00,1.4248,1.7489,-5.237015887859718e-4,-5.057970595398048e-4,47.1727827550077,0,47.1727827550077
S153,7.7,Tegula,-1.790452924616697e-5,TEG_T12_14_20240614_O2,205.9128389074748,-0.0036078324468085,20.18857627118644,b,12,20,NA,14,0,NA,01:34:00,02:35:00,115,0.0356,1.7474,01:23:00,02:38:00,1.3729,1.7066,-4.149007313829775e-4,-3.9699620213681054e-4,40.14568336214938,0,40.14568336214938
S153,7.7,Tegula,-1.790452924616697e-5,TEG_T12_28_20240614_O2,233.32721937711665,-0.00388359371760316,20.107214689265536,b,12,20,NA,28,0,NA,01:34:00,02:35:00,115.25,0.0344,1.4999,01:23:00,02:38:00,1.2209,1.4191,-4.475841759537642e-4,-0.00042967964670759723,44.96647465544622,0,44.96647465544622
S154,8,Tegula,-4.2494492753621885e-5,TEG_T14_17_20240614_O2,233.55544861186343,-0.00397996959026888,20.220988700564973,b,14,20,NA,17,0,NA,01:34:00,02:35:00,115.25,0.0313,1.4391,01:25:00,02:38:00,1.1725,1.4052,-4.586914952784884e-4,-4.1619700252486653e-4,47.86930380477698,0,47.86930380477698
S154,8,Tegula,-4.2494492753621885e-5,TEG_T14_50_20240614_O2,241.83870093587515,-0.00469266360952513,20.16925988700565,b,14,20,NA,50,0,NA,01:34:00,02:35:00,115,0.033,1.7413,01:25:00,02:38:00,1.4222,1.7484,-5.396563150953899e-4,-4.97161822341768e-4,54.235835164556505,0,54.235835164556505
S154,8,Tegula,-4.2494492753621885e-5,TEG_T14_63_20240614_O2,232.96132834442864,-0.00426515925852099,20.00946327683616,b,14,20,NA,63,0,NA,01:34:00,02:35:00,115,0.0347,2.0212,01:25:00,02:38:00,1.6078,1.9747,-0.00049049331472991395,-4.4799882197629206e-4,46.478263951430876,0,46.478263951430876
S155,7.3,Tegula,-3.446494617538554e-5,TEG_T15_13_20240614_O2,237.65957363764073,-0.0045658094041842,20.056892045454543,b,15,20,NA,13,0,NA,14:55:00,15:57:00,115,0.0392,1.8433,14:46:00,16:00:00,1.4505,1.8144,-5.25068081481183e-4,-4.906031353057974e-4,45.05538997706303,0,45.05538997706303
S155,7.3,Tegula,-3.446494617538554e-5,TEG_T15_35_20240614_O2,225.8650937009137,-0.0048248257208893,19.955147727272728,b,15,20,NA,35,0,NA,14:55:00,15:57:00,115,0.0311,1.7411,14:46:00,16:00:00,1.4084,1.739,-5.548549579022696e-4,-5.20390011726884e-4,60.23807209700266,0,60.23807209700266
S155,7.3,Tegula,-3.446494617538554e-5,TEG_T15_66_20240614_O2,233.50496734243396,-0.00538143211522616,20.138670454545455,b,15,20,NA,66,0,NA,14:55:00,15:57:00,115.25,0.0369,1.5213,14:46:00,16:00:00,1.236,1.4933,-6.202100512798149e-4,-5.857451051044293e-4,57.14586391262725,0,57.14586391262725
S17,7.8,Rockweed,1.950176400346875e-4,RW_T17_91_Dark_20240428_O2,230.8476373258196,-0.0054401963148756,20.158918604651163,a,17,20,NA,91,0,good,23:01:00,23:32:00,648,0.9071,2.92,NA,NA,NA,NA,-0.003525247212039389,-0.0037202648520740767,14.764583251534203,58.03868590191444,72.80326915344864
S17,7.8,Rockweed,1.950176400346875e-4,RW_T17_92_Dark_20240428_O2,231.81171962286115,-0.0058608803280348,20.40103448275862,a,17,20,NA,92,0,good,23:01:00,23:32:00,648,0.9673,3.1998,NA,NA,NA,NA,-0.0037978504525665504,-0.0039928680926012376,14.860255487816039,64.53721654729202,79.39747203510805
S17,7.8,Rockweed,1.950176400346875e-4,RW_T17_93_Dark_20240428_O2,240.4959228858509,-0.00452855912508541,20.382802325581395,a,17,20,NA,93,0,good,23:01:00,23:32:00,648,1.0477,3.2273,NA,NA,NA,NA,-0.0029345063130553455,-0.003129523953090033,10.753351370739828,93.28917871156443,104.04253008230427
S17,7.8,Rockweed,1.950176400346875e-4,RW_T17_94_Dark_20240428_O2,187.88031706705965,-0.00541540253330317,20.353471264367816,a,17,20,NA,94,0,good,23:01:00,23:32:00,648,0.981,2.867,NA,NA,NA,NA,-0.003509180841580454,-0.0037041984816151416,13.593388923358319,46.48403137260893,60.07742029596725
S17,7.8,Rockweed,1.950176400346875e-4,RW_T17_95_Dark_20240428_O2,182.35240521274753,-0.00518933409873709,20.29075581395349,a,17,20,NA,95,0,good,23:01:00,23:32:00,646,1.1308,3.2315,NA,NA,NA,NA,-0.00335230982778416,-0.0035473274678188478,11.293225047884553,34.15106821503258,45.444293262917135
S17,7.8,Rockweed,1.950176400346875e-4,RW_T17_96_Dark_20240428_O2,236.3317911018304,-0.00646528897849458,20.277206896551725,a,17,20,NA,96,0,good,23:01:00,23:32:00,646,0.9434,3.3786,NA,NA,NA,NA,-0.0041765766801074985,-0.004371594320142186,16.68193719791379,54.37631126291927,71.05824846083306
S17,7.8,Rockweed,6.149350549182372e-5,RW_T17_91_Light_20240428_O2,236.03474661553787,0.02266300951705982,20.461655172413792,a,17,20,NA,91,0,good,23:52:00,00:24:00,648,0.9071,2.92,NA,NA,NA,NA,0.014685630167054764,0.014624136661562941,14.764583251534203,58.03868590191444,72.80326915344864
S17,7.8,Rockweed,6.149350549182372e-5,RW_T17_92_Light_20240428_O2,237.43915292576588,0.02685537816613775,20.862528735632186,a,17,20,NA,92,0,good,23:52:00,00:24:00,648,0.9673,3.1998,NA,NA,NA,NA,0.017402285051657262,0.017340791546165437,14.860255487816039,64.53721654729202,79.39747203510805
S17,7.8,Rockweed,6.149350549182372e-5,RW_T17_93_Light_20240428_O2,247.75798774474384,0.04199264795776605,20.921413793103447,a,17,20,NA,93,0,good,23:52:00,00:24:00,648,1.0477,3.2273,NA,NA,NA,NA,0.0272112358766324,0.027149742371140574,10.753351370739828,93.28917871156443,104.04253008230427
S17,7.8,Rockweed,6.149350549182372e-5,RW_T17_94_Light_20240428_O2,190.25430444985395,0.01964258033106135,20.613689655172415,a,17,20,NA,94,0,good,23:52:00,00:24:00,648,0.981,2.867,NA,NA,NA,NA,0.012728392054527757,0.012666898549035934,13.593388923358319,46.48403137260893,60.07742029596725
S17,7.8,Rockweed,6.149350549182372e-5,RW_T17_95_Light_20240428_O2,184.67864752056127,0.01670081035316882,20.782977011494253,a,17,20,NA,95,0,good,23:52:00,00:24:00,646,1.1308,3.2315,NA,NA,NA,NA,0.010788723488147058,0.010727229982655235,11.293225047884553,34.15106821503258,45.444293262917135
S17,7.8,Rockweed,6.149350549182372e-5,RW_T17_96_Light_20240428_O2,238.7435404321582,0.02215341789869651,20.71006896551724,a,17,20,NA,96,0,good,23:52:00,00:24:00,646,0.9434,3.3786,NA,NA,NA,NA,0.014311107962557947,0.014249614457066124,16.68193719791379,54.37631126291927,71.05824846083306
S18,8,Rockweed,4.434900542499355e-5,RW_T18_100_Dark_20240429_O2,249.3920378270852,-0.0038951140469738,16.370977011494254,a,18,16,NA,100,0,good,12:46:00,13:18:00,648,0.8466,2.9928,NA,NA,NA,NA,-0.0025240339024390226,-0.0025683829078640163,10.921543194318993,73.33438002173874,84.25592321605774
S18,8,Rockweed,4.434900542499355e-5,RW_T18_101_Dark_20240429_O2,188.40072056080783,-0.00465272686346392,16.372919540229883,a,18,16,NA,101,0,good,12:46:00,13:18:00,648,1.2779,3.8461,NA,NA,NA,NA,-0.0030149670075246206,-0.0030593160129496143,8.61846595713171,25.457799374567703,34.07626533169941
S18,8,Rockweed,4.434900542499355e-5,RW_T18_102_Dark_20240429_O2,233.1909551724139,-0.00442885662431945,16.2593908045977,a,18,16,NA,102,0,good,12:46:00,13:18:00,648,0.8044,2.9943,NA,NA,NA,NA,-0.002869899092559004,-0.0029142480979839976,13.042383332598696,34.279978894864925,47.32236222746362
S18,8,Rockweed,4.434900542499355e-5,RW_T18_97_Dark_20240429_O2,200.65470402414485,-0.00319161636485578,16.3672183908046,a,18,16,NA,97,0,good,12:46:00,13:18:00,648,0.8097,2.6123,NA,NA,NA,NA,-0.0020681674044265457,-0.0021125164098515395,9.392440503230262,47.6159560838044,57.00839658703466
S18,8,Rockweed,4.434900542499355e-5,RW_T18_98_Dark_20240429_O2,212.6660904785828,-0.00365494182971973,16.400643678160918,a,18,16,NA,98,0,good,12:46:00,13:18:00,648,0.9123,2.7263,NA,NA,NA,NA,-0.0023684023056583852,-0.002412751311083379,9.520886462676932,22.177927830357852,31.698814293034786
S18,8,Rockweed,4.434900542499355e-5,RW_T18_99_Dark_20240429_O2,250.0597330848154,-0.00469863103380887,16.339206896551723,a,18,16,NA,99,0,good,12:46:00,13:18:00,646,0.9821,3.1062,NA,NA,NA,NA,-0.00303531564784053,-0.003079664653265524,11.28886340673647,61.520340038157556,72.80920344489402
S18,8,Rockweed,-1.8113846723416737e-5,RW_T18_100_Light_20240429_O2,263.09355304500303,0.02658593804792512,16.653209302325582,a,18,16,NA,100,0,good,13:43:00,14:15:00,648,0.8466,2.9928,NA,NA,NA,NA,0.017227687855055476,0.017245801701778894,10.921543194318993,73.33438002173874,84.25592321605774
S18,8,Rockweed,-1.8113846723416737e-5,RW_T18_101_Light_20240429_O2,196.15638096690165,0.01391774347246046,16.703116279069768,a,18,16,NA,101,0,good,13:43:00,14:15:00,648,1.2779,3.8461,NA,NA,NA,NA,0.009018697770154379,0.009036811616877796,8.61846595713171,25.457799374567703,34.07626533169941
S18,8,Rockweed,-1.8113846723416737e-5,RW_T18_102_Light_20240429_O2,244.4956373688812,0.01179252622377617,16.413906976744187,a,18,16,NA,102,0,good,13:43:00,14:15:00,648,0.8044,2.9943,NA,NA,NA,NA,0.007641556993006959,0.007659670839730375,13.042383332598696,34.279978894864925,47.32236222746362
S18,8,Rockweed,-1.8113846723416737e-5,RW_T18_97_Light_20240429_O2,212.77487195791565,0.01649924116634607,16.50836046511628,a,18,16,NA,97,0,good,13:43:00,14:15:00,648,0.8097,2.6123,NA,NA,NA,NA,0.010691508275792254,0.010709622122515671,9.392440503230262,47.6159560838044,57.00839658703466
S18,8,Rockweed,-1.8113846723416737e-5,RW_T18_98_Light_20240429_O2,222.86317634603444,0.00864528194077125,16.512406976744185,a,18,16,NA,98,0,good,13:43:00,14:15:00,648,0.9123,2.7263,NA,NA,NA,NA,0.00560214269761977,0.0056202565443431865,9.520886462676932,22.177927830357852,31.698814293034786
S18,8,Rockweed,-1.8113846723416737e-5,RW_T18_99_Light_20240429_O2,265.78055054469985,0.02595197630859573,16.64870930232558,a,18,16,NA,99,0,good,13:43:00,14:15:00,646,0.9821,3.1062,NA,NA,NA,NA,0.016764976695352842,0.01678309054207626,11.28886340673647,61.520340038157556,72.80920344489402
S19,7.9,Rockweed,3.376973481344463e-4,RW_T19_103_Dark_20240428_O2,235.53171143192472,-0.01600049966465453,20.10953488372093,a,19,20,NA,103,0,good,00:47:00,01:20:00,646,0,4.3715,NA,NA,NA,NA,-0.010336322783366826,-0.010674020131501273,Inf,Inf,Inf
S19,7.9,Rockweed,3.376973481344463e-4,RW_T19_104_Dark_20240428_O2,241.21040678043377,-0.00869235071044538,20.068235294117645,a,19,20,NA,104,0,good,00:47:00,01:20:00,646,0,2.93,NA,NA,NA,NA,-0.005615258558947715,-0.005952955907082161,Inf,Inf,Inf
S19,7.9,Rockweed,3.376973481344463e-4,RW_T19_105_Dark_20240428_O2,239.87218497001095,-0.00976947945205476,20.105662790697675,a,19,20,NA,105,0,good,00:47:00,01:20:00,646,0,3.5433,NA,NA,NA,NA,-0.006311083726027375,-0.006648781074161821,Inf,Inf,Inf
S19,7.9,Rockweed,3.376973481344463e-4,RW_T19_106_Dark_20240428_O2,225.61842666908564,-0.0080993831640058,20.03369411764706,a,19,20,NA,106,0,good,00:47:00,01:20:00,646,0,3.8225,NA,NA,NA,NA,-0.005232201523947747,-0.005569898872082193,Inf,Inf,Inf
S19,7.9,Rockweed,3.376973481344463e-4,RW_T19_107_Dark_20240428_O2,191.11645289181132,-0.00581917095483138,20.147023255813952,a,19,20,NA,107,0,good,00:47:00,01:20:00,646,0,3.218,NA,NA,NA,NA,-0.0037591844368210716,-0.004096881784955518,Inf,Inf,Inf
S19,7.9,Rockweed,3.376973481344463e-4,RW_T19_108_Dark_20240428_O2,204.2110583082707,-0.00705007177033497,20.182305882352946,a,19,20,NA,108,0,good,00:47:00,01:20:00,648,0,3.5755,NA,NA,NA,NA,-0.004568446507177061,-0.004906143855311507,Inf,Inf,Inf
S19,7.9,Rockweed,5.344224683544218e-5,RW_T19_103_Light_20240428_O2,241.4494126793276,0.01782666904329789,20.178896551724137,a,19,20,NA,103,0,good,01:37:00,02:09:00,646,0,4.3715,NA,NA,NA,NA,0.011516028201970436,0.011462585955134994,Inf,Inf,Inf
S19,7.9,Rockweed,5.344224683544218e-5,RW_T19_104_Light_20240428_O2,243.64858365150712,0.00844146747752511,20.282372093023255,a,19,20,NA,104,0,good,01:37:00,02:09:00,646,0,2.93,NA,NA,NA,NA,0.005453187990481222,0.00539974574364578,Inf,Inf,Inf
S19,7.9,Rockweed,5.344224683544218e-5,RW_T19_105_Light_20240428_O2,241.86464311427204,0.02156674822190616,20.283755813953487,a,19,20,NA,105,0,good,01:37:00,02:09:00,646,0,3.5433,NA,NA,NA,NA,0.01393211935135138,0.013878677104515938,Inf,Inf,Inf
S19,7.9,Rockweed,5.344224683544218e-5,RW_T19_106_Light_20240428_O2,230.8249487058822,0.03198877310924374,19.97438372093023,a,19,20,NA,106,0,good,01:37:00,02:09:00,646,0,3.8225,NA,NA,NA,NA,0.020664747428571453,0.02061130518173601,Inf,Inf,Inf
S19,7.9,Rockweed,5.344224683544218e-5,RW_T19_107_Light_20240428_O2,189.27508789285713,0.00475333163265306,20.12686046511628,a,19,20,NA,107,0,good,01:37:00,02:09:00,646,0,3.218,NA,NA,NA,NA,0.003070652234693877,0.0030172099878584347,Inf,Inf,Inf
S19,7.9,Rockweed,5.344224683544218e-5,RW_T19_108_Light_20240428_O2,200.8150211592672,0.00810674770965463,20.20561627906977,a,19,20,NA,108,0,idk,01:37:00,02:09:00,648,0,3.5755,NA,NA,NA,NA,0.0052531725158562,0.0051997302690207576,Inf,Inf,Inf
S2,7.4,Rockweed,-3.5826072661517474e-5,RW_T2_10_Dark_20240428_O2,222.39925988816745,-0.00394567460317464,19.889333333333333,a,2,20,NA,10,0,good,09:38:00,10:10:00,648,0.5598,1.9323,NA,NA,NA,NA,-0.002556797142857167,-0.0025209710701956495,16.212032605759802,44.91928261686323,61.13131522262303
S2,7.4,Rockweed,-3.5826072661517474e-5,RW_T2_11_Dark_20240428_O2,186.84528424718735,-0.00381748188520338,20.050329545454545,a,2,20,NA,11,0,good,09:38:00,10:10:00,648,0.8884,2.9722,NA,NA,NA,NA,-0.00247372826161179,-0.0024379021889502726,9.87893728075302,22.196572952752526,32.07551023350555
S2,7.4,Rockweed,-3.5826072661517474e-5,RW_T2_12_Dark_20240428_O2,242.3393286319929,-0.00422190122377618,20.06390909090909,a,2,20,NA,12,0,good,09:38:00,10:10:00,648,0.8338,2.6747,NA,NA,NA,NA,-0.002735791993006965,-0.0026999659203454473,11.657324674074852,50.29728458730769,61.954609261382544
S2,7.4,Rockweed,-3.5826072661517474e-5,RW_T2_7_Dark_20240428_O2,232.07860271710825,-0.00381562607204118,20.100613636363637,a,2,20,NA,7,0,good,09:38:00,10:10:00,644,1.0601,2.8139,NA,NA,NA,NA,-0.00245726319039452,-0.0024214371177330024,8.222972949569671,40.96400707901915,49.18698002858882
S2,7.4,Rockweed,-3.5826072661517474e-5,RW_T2_8_Dark_20240428_O2,201.30548505467584,-0.00435794418686027,20.092931818181818,a,2,20,NA,8,0,good,09:38:00,10:10:00,646,0.7874,2.7064,NA,NA,NA,NA,-0.0028152319447117347,-0.002779405872050217,12.707469061951716,30.266027153624105,42.97349621557582
S2,7.4,Rockweed,-3.5826072661517474e-5,RW_T2_9_Dark_20240428_O2,237.88144217124503,-0.00541312390414967,20.0025,a,2,20,NA,9,0,good,09:38:00,10:10:00,646,1.185,3.3606,NA,NA,NA,NA,-0.0034968780420806867,-0.003461051969419169,10.514588261526589,69.77458188495397,80.28917014648056
S2,7.4,Rockweed,-2.326285630326067e-4,RW_T2_10_Light_20240428_O2,236.9729948476055,0.01042024673439757,20.423136363636363,a,2,20,NA,10,0,good,10:55:00,11:40:00,648,0.5598,1.9323,NA,NA,NA,NA,0.006752319883889625,0.006984948446922232,16.212032605759802,44.91928261686323,61.13131522262303
S2,7.4,Rockweed,-2.326285630326067e-4,RW_T2_11_Light_20240428_O2,197.04785341287467,0.0080941240502006,20.449375,a,2,20,NA,11,0,good,10:55:00,11:40:00,648,0.8884,2.9722,NA,NA,NA,NA,0.005244992384529989,0.005477620947562596,9.87893728075302,22.196572952752526,32.07551023350555
S2,7.4,Rockweed,-2.326285630326067e-4,RW_T2_12_Light_20240428_O2,251.6990040818685,0.01761848982423687,20.486125,a,2,20,NA,12,0,good,10:55:00,11:40:00,648,0.8338,2.6747,NA,NA,NA,NA,0.011416781406105492,0.011649409969138099,11.657324674074852,50.29728458730769,61.954609261382544
S2,7.4,Rockweed,-2.326285630326067e-4,RW_T2_7_Light_20240428_O2,255.52143375030028,0.01831290036014397,20.64544318181818,a,2,20,NA,7,0,good,10:55:00,11:40:00,646,1.0601,2.8139,NA,NA,NA,NA,0.011830133632653004,0.012062762195685611,8.222972949569671,40.96400707901915,49.18698002858882
S2,7.4,Rockweed,-2.326285630326067e-4,RW_T2_8_Light_20240428_O2,210.98908430015072,0.00988734389140275,20.472488636363636,a,2,20,NA,8,0,good,10:55:00,11:40:00,646,0.7874,2.7064,NA,NA,NA,NA,0.006387224153846177,0.006619852716878784,12.707469061951716,30.266027153624105,42.97349621557582
S2,7.4,Rockweed,-2.326285630326067e-4,RW_T2_9_Light_20240428_O2,266.3916409747918,0.03508462650323777,20.639863636363636,a,2,20,NA,9,0,good,10:55:00,11:40:00,648,1.185,3.3606,NA,NA,NA,NA,0.022734837974098077,0.022967466537130683,10.514588261526589,69.77458188495397,80.28917014648056
S3,7.7,Rockweed,-2.052498291181059e-5,RW_T3_13_Dark_20240429_O2,220.6682015618593,-0.00466109706083393,16.59877011494253,a,3,16,NA,13,0,good,14:44:00,15:17:00,648,0.6442,2.406,NA,NA,NA,NA,-0.0030203908954203867,-0.002999865912508576,16.764230495235754,51.44099520926284,68.20522570449859
S3,7.7,Rockweed,-2.052498291181059e-5,RW_T3_14_Dark_20240429_O2,199.17074396825404,-0.0047589754689755,16.59713793103448,a,3,16,NA,14,0,good,14:44:00,15:17:00,646,0.8909,2.8902,NA,NA,NA,NA,-0.003074298152958173,-0.0030537731700463625,12.33986240000775,25.975907521402075,38.315769921409824
S3,7.7,Rockweed,-2.052498291181059e-5,RW_T3_15_Dark_20240429_O2,241.32340723749925,-0.00602961512172036,16.442793103448277,a,3,16,NA,15,0,good,14:44:00,15:17:00,648,0.8411,2.6644,NA,NA,NA,NA,-0.003907190598874793,-0.0038866656159629825,16.63535396203393,24.97151294509834,41.60686690713227
S3,7.7,Rockweed,-2.052498291181059e-5,RW_T3_16_Dark_20240429_O2,251.89249644116316,-0.00345420215201469,16.545,a,3,16,NA,16,0,good,14:44:00,15:17:00,648,0.7564,2.7143,NA,NA,NA,NA,-0.0022383229945055192,-0.0022177980115937086,10.555358066812998,57.822235907442455,68.37759397425545
S3,7.7,Rockweed,-2.052498291181059e-5,RW_T3_17_Dark_20240429_O2,259.21511911569297,-0.0040397723275357,16.50522988505747,a,3,16,NA,17,0,good,14:44:00,15:17:00,648,0.7256,2.5992,NA,NA,NA,NA,-0.0026177724682431335,-0.002597247485331323,12.886012882018692,45.51620572486055,58.40221860687924
S3,7.7,Rockweed,-2.052498291181059e-5,RW_T3_18_Dark_20240429_O2,248.28955860315608,-0.00389910578609001,16.46812643678161,a,3,16,NA,18,0,good,14:44:00,15:17:00,646,0.581,2.3613,NA,NA,NA,NA,-0.0025188223378141464,-0.002498297354902336,15.479983610410343,26.477314390268617,41.95729800067896
S3,7.7,Rockweed,-2.430303093908748e-4,RW_T3_13_Light_20240429_O2,227.60118202160496,0.013830324074074061,16.613955056179776,a,3,16,NA,13,0,good,15:39:00,16:10:00,648,0.6442,2.406,NA,NA,NA,NA,0.008962049999999992,0.009205080309390866,16.764230495235754,51.44099520926284,68.20522570449859
S3,7.7,Rockweed,-2.430303093908748e-4,RW_T3_14_Light_20240429_O2,204.1814034062928,0.00957474496775454,16.68850561797753,a,3,16,NA,14,0,good,15:39:00,16:10:00,646,0.8909,2.8902,NA,NA,NA,NA,0.006185285249169433,0.006428315558560308,12.33986240000775,25.975907521402075,38.315769921409824
S3,7.7,Rockweed,-2.430303093908748e-4,RW_T3_15_Light_20240429_O2,245.5254293562706,0.00862852813113643,16.452636363636366,a,3,16,NA,15,0,good,15:39:00,16:10:00,648,0.8411,2.6644,NA,NA,NA,NA,0.005591286228976406,0.005834316538367281,16.63535396203393,24.97151294509834,41.60686690713227
S3,7.7,Rockweed,-2.430303093908748e-4,RW_T3_16_Light_20240429_O2,259.5178590394983,0.01837355543834976,16.766224719101125,a,3,16,NA,16,0,good,15:39:00,16:10:00,648,0.7564,2.7143,NA,NA,NA,NA,0.011906063924050645,0.012149094233441519,10.555358066812998,57.822235907442455,68.37759397425545
S3,7.7,Rockweed,-2.430303093908748e-4,RW_T3_17_Light_20240429_O2,264.678507867974,0.01378242873806227,16.720067415730338,a,3,16,NA,17,0,good,15:39:00,16:10:00,648,0.7256,2.5992,NA,NA,NA,NA,0.008931013822264352,0.009174044131655226,12.886012882018692,45.51620572486055,58.40221860687924
S3,7.7,Rockweed,-2.430303093908748e-4,RW_T3_18_Light_20240429_O2,253.38321315005985,0.00623856662665072,16.569752808988763,a,3,16,NA,18,0,good,15:39:00,16:10:00,646,0.581,2.3613,NA,NA,NA,NA,0.0040301140408163655,0.00427314435020724,15.479983610410343,26.477314390268617,41.95729800067896
S38,7.4,Tegula,-8.742721443572819e-6,TEG_T8_13_20240430_O2,243.2974634742558,-0.00396852857817664,16.239887005649717,a,8,16,NA,13,0,good,19:50:00,20:25:00,120.5,0.0553,2.8554,06:29:00,08:33:00,2.3005,2.8059,-4.7820769367028514e-4,-4.6946497222671233e-4,30.561915009333894,0,30.561915009333894
S38,7.4,Tegula,-8.742721443572819e-6,TEG_T8_25_20240430_O2,239.3321764218234,-0.00227322026514508,16.079785310734465,a,8,16,NA,25,0,good,19:50:00,20:25:00,121.5,0.0294,1.681,06:27:00,08:35:00,1.3324,1.6302,-2.7619626221512725e-4,-2.6745354077155445e-4,32.749413155700545,0,32.749413155700545
S38,7.4,Tegula,-8.742721443572819e-6,TEG_T8_43_20240430_O2,244.72892556213688,-0.00396771507077241,16.237474576271186,a,8,16,NA,43,0,good,19:50:00,20:25:00,121,0.0496,2.3822,06:28:00,08:29:00,1.8894,2.3296,-4.800935235634616e-4,-4.713508021198888e-4,34.21094531515322,0,34.21094531515322
S39,8,Tegula,-3.2046621320775785e-5,TEG_T18_08_20240430_O2,191.38938477898105,-0.00185645146899919,16.365581920903956,a,18,16,NA,8,0,good,19:50:00,20:25:00,120,0.0391,2.1306,06:37:00,08:30:00,1.6984,2.0516,-2.227741762799028e-4,-1.90727554959127e-4,17.56059329546949,0,17.56059329546949
S39,8,Tegula,-3.2046621320775785e-5,TEG_T18_11_20240430_O2,211.08226721683016,-0.00241547594646733,16.29094915254237,a,18,16,NA,11,0,good,19:50:00,20:25:00,120.5,0.0461,2.1805,06:38:00,08:35:00,1.7291,2.1692,-2.9106485154931327e-4,-2.590182302285375e-4,20.227020147998587,0,20.227020147998587
S39,8,Tegula,-3.2046621320775785e-5,TEG_T18_37_20240430_O2,240.44686290623176,-0.00233768782760628,16.186694915254236,a,18,16,NA,37,0,good,19:50:00,20:25:00,121,0.052,2.022,06:35:00,08:39:00,1.5828,1.9798,-2.8286022714035986e-4,-2.5081360581958407e-4,17.364018864432744,0,17.364018864432744
S4,7.3,Rockweed,-4.20429886568834e-5,RW_T4_19_Dark_20240428_O2,185.03983639166097,-0.00346127204374573,20.01475268817204,a,4,20,NA,19,0,good,12:03:00,12:35:00,646,0.7912,2.9608,NA,NA,NA,NA,-0.0022359817402597417,-0.0021939387516028584,9.982532236817859,25.35785889439712,35.34039113121498
S4,7.3,Rockweed,-4.20429886568834e-5,RW_T4_20_Dark_20240428_O2,231.36834799504803,-0.00555958421763461,19.866870967741935,a,4,20,NA,20,0,good,12:03:00,12:35:00,648,0.8143,2.4314,NA,NA,NA,NA,-0.0036026105730272277,-0.0035605675843703444,15.741180527733317,36.154465353414466,51.895645881147786
S4,7.3,Rockweed,-4.20429886568834e-5,RW_T4_21_Dark_20240428_O2,225.82222281187117,-0.00262254359490273,19.91025806451613,a,4,20,NA,21,0,good,12:03:00,12:35:00,648,0.9139,3.1288,NA,NA,NA,NA,-0.0016994082494969692,-0.001657365260840086,6.5286299803307895,31.5426844716548,38.071314451985586
S4,7.3,Rockweed,-4.20429886568834e-5,RW_T4_22_Dark_20240428_O2,232.7212512816132,-0.00717667201219835,20.029698924731186,a,4,20,NA,22,0,good,12:03:00,12:35:00,648,1.1292,3.1527,NA,NA,NA,NA,-0.0046504834639045315,-0.004608440475247648,14.69215879462587,62.16693672715954,76.8590955217854
S4,7.3,Rockweed,-4.20429886568834e-5,RW_T4_23_Dark_20240428_O2,242.1757683846498,-0.00536566809242392,19.962305263157894,a,4,20,NA,23,0,good,12:03:00,12:35:00,646,0.9859,3.0703,NA,NA,NA,NA,-0.003466221587705852,-0.003424178599048969,12.503340051299611,35.80759914866056,48.31093919996017
S4,7.3,Rockweed,-4.20429886568834e-5,RW_T4_24_Dark_20240428_O2,192.1080317692856,-0.00228267871369137,20.02004347826087,a,4,20,NA,24,0,good,12:03:00,12:35:00,648,0.6087,2.1704,NA,NA,NA,NA,-0.001479175806472008,-0.0014371328178151247,8.499553382839574,44.134605504282646,52.63415888712222
S4,7.3,Rockweed,-7.759651077822475e-4,RW_T4_19_Light_20240428_O2,208.85699325942667,0.00742589592760187,20.616011235955057,a,4,20,NA,19,0,good,13:12:00,13:42:00,646,0.7912,2.9608,NA,NA,NA,NA,0.004797128769230809,0.005573093877013056,9.982532236817859,25.35785889439712,35.34039113121498
S4,7.3,Rockweed,-7.759651077822475e-4,RW_T4_20_Light_20240428_O2,269.69472682057295,0.01142279953243712,20.44639772727273,a,4,20,NA,20,0,good,13:12:00,13:42:00,648,0.8143,2.4314,NA,NA,NA,NA,0.007401974097019253,0.0081779392048015,15.741180527733317,36.154465353414466,51.895645881147786
S4,7.3,Rockweed,-7.759651077822475e-4,RW_T4_21_Light_20240428_O2,259.03331765972484,0.01115971577101733,20.28796590909091,a,4,20,NA,21,0,good,13:12:00,13:42:00,648,0.9139,3.1288,NA,NA,NA,NA,0.00723149581961923,0.008007460927401478,6.5286299803307895,31.5426844716548,38.071314451985586
S4,7.3,Rockweed,-7.759651077822475e-4,RW_T4_22_Light_20240428_O2,253.18939998843655,0.02889464616096213,20.652431818181817,a,4,20,NA,22,0,good,13:12:00,13:42:00,648,1.1292,3.1527,NA,NA,NA,NA,0.01872373071230346,0.01949969582008571,14.69215879462587,62.16693672715954,76.8590955217854
S4,7.3,Rockweed,-7.759651077822475e-4,RW_T4_23_Light_20240428_O2,277.11716879007446,0.01397886034255605,20.448079545454547,a,4,20,NA,23,0,good,13:12:00,13:42:00,646,0.9859,3.0703,NA,NA,NA,NA,0.009030343781291209,0.009806308889073457,12.503340051299611,35.80759914866056,48.31093919996017
S4,7.3,Rockweed,-7.759651077822475e-4,RW_T4_24_Light_20240428_O2,206.8557586479367,0.01031861281826164,20.523056818181814,a,4,20,NA,24,0,good,13:12:00,13:42:00,648,0.6087,2.1704,NA,NA,NA,NA,0.006686461106233543,0.007462426214015791,8.499553382839574,44.134605504282646,52.63415888712222
S40,7.7,Tegula,-3.997713653196523e-5,TEG_T3_02_20240430_O2,202.39005268457277,-0.00273309639389737,16.07517877094972,a,3,16,NA,2,0,good,21:15:00,22:18:00,114.5,0.0558,2.5047,08:43:00,10:20:00,1.9691,2.4469,-3.1293953710124887e-4,-2.7296240056928365e-4,17.610477456082815,0,17.610477456082815
S40,7.7,Tegula,-3.997713653196523e-5,TEG_T3_61_20240430_O2,245.340655996974,-0.00363296782927217,16.149067039106146,a,3,16,NA,61,0,good,21:15:00,22:18:00,115,0.0446,1.0905,08:44:00,10:21:00,1.4683,1.8788,-4.177913003662996e-4,-3.7781416383433436e-4,30.49621053371309,0,30.49621053371309
S40,7.7,Tegula,-3.997713653196523e-5,TEG_T3_71_20240430_O2,196.20848023769824,-0.00201958530256698,16.08473184357542,a,3,16,NA,71,0,good,21:15:00,22:18:00,115,0.0553,2.2174,08:45:00,10:20:00,1.7132,2.1278,-2.322523097952027e-4,-1.9227517326323747e-4,12.5170094710245,0,12.5170094710245
S41,7.3,Tegula,-3.2344323111065065e-5,TEG_T6_07_20240501_O2,240.03412289609463,-0.00398588598079749,16.169090909090908,a,6,16,NA,7,0,good,02:15:00,03:17:00,115,0.035,1.9467,02:05:00,03:25:00,1.4994,1.8421,-4.583768877917114e-4,-4.2603256468064633e-4,43.82049236715219,0,43.82049236715219
S41,7.3,Tegula,-3.2344323111065065e-5,TEG_T6_30_20240430_O2,246.19972291200784,-0.00359403847489409,15.96564245810056,a,6,16,NA,30,0,good,21:15:00,22:18:00,115,0.0498,2.2574,08:48:00,10:23:00,1.7508,2.1803,-4.133144246128204e-4,-3.8097010150175536e-4,27.540007337476293,0,27.540007337476293
S41,7.3,Tegula,-3.2344323111065065e-5,TEG_T6_73_20240430_O2,216.77456273527423,-0.00311836486938499,16.09368156424581,a,6,16,NA,73,0,good,21:15:00,22:18:00,115,0.0422,2.1169,08:48:00,10:22:00,1.6204,2.0635,-3.5861195997927386e-4,-3.262676368682088e-4,27.83325812145857,0,27.83325812145857
S42,7.6,Tegula,-2.2600319634706253e-5,TEG_T7_06_20240430_O2,193.77157888241177,-0.00231636940966684,16.19476100628931,a,7,16,NA,6,0,good,23:00:00,00:03:00,115,0.045,2.4597,22:35:00,00:05:00,1.9391,2.435,-2.663824821116866e-4,-2.4378216247698033e-4,19.502572998158428,0,19.502572998158428
S42,7.6,Tegula,-2.2600319634706253e-5,TEG_T7_14_20240430_O2,242.5102246028909,-0.00366436377964864,16.25250314465409,a,7,16,NA,14,0,good,23:00:00,00:03:00,115,0.0457,2.062,22:37:00,00:07:00,1.6172,2.0042,-4.214018346595936e-4,-3.988015150248874e-4,31.41543663215743,0,31.41543663215743
S42,7.6,Tegula,-2.2600319634706253e-5,TEG_T7_42_20240430_O2,212.7011328053213,-0.00442995721987813,16.234025157232704,a,7,16,NA,42,0,good,23:00:00,00:03:00,115,0.0454,1.9351,22:36:00,00:10:00,1.5432,1.9122,-5.09445080285985e-4,-4.8684476065127873e-4,38.60443036001329,0,38.60443036001329
S43,7.8,Tegula,-1.3668788887642652e-5,TEG_T14_10_20240430_O2,251.084305453207,-0.0035706405116774,16.225754716981132,a,14,16,NA,10,0,good,23:00:00,00:03:00,115,0.0336,1.7621,22:40:00,00:15:00,1.4045,1.6945,-4.10623658842901e-4,-3.9695486995525837e-4,42.530878923777685,0,42.530878923777685
S43,7.8,Tegula,-1.3668788887642652e-5,TEG_T14_66_20240430_O2,248.31078026892948,-0.00492534902087849,16.276132075471697,a,14,16,NA,66,0,idk,23:00:00,00:03:00,114.5,0.0457,2.1565,22:44:00,00:17:00,1.6868,2.0865,-5.639524628905871e-4,-5.502836740029444e-4,43.34838569826258,0,43.34838569826258
S43,7.8,Tegula,-1.3668788887642652e-5,TEG_T14_72_20240430_O2,244.08894955872293,-0.00324454753193142,16.114459119496857,a,14,16,NA,72,0,good,23:00:00,00:03:00,115,0.0342,1.7517,22:43:00,00:08:00,1.3966,1.7226,-3.731229661721133e-4,-3.594541772844707e-4,37.83728181941796,0,37.83728181941796
S44,7.5,Tegula,-3.579987157069013e-5,TEG_T10_28_20240430_O2,250.42124355777895,-0.00347433479030449,16.24533870967742,a,10,16,NA,28,0,good,00:44:00,01:48:00,115,0.0425,2.09,00:18:00,01:50:00,1.5975,1.9808,-3.995485008850164e-4,-3.637486293143263e-4,30.81164860074293,0,30.81164860074293
S44,7.5,Tegula,-3.579987157069013e-5,TEG_T10_47_20240430_O2,236.0342152000651,-0.00406140402832635,16.113311827956988,a,10,16,NA,47,0,good,00:44:00,01:48:00,115,0.0501,2.5555,00:17:00,01:52:00,2.0403,2.5108,-4.6706146325753027e-4,-4.3126159168684015e-4,30.988856887677137,0,30.988856887677137
S44,7.5,Tegula,-3.579987157069013e-5,TEG_T10_51_20240430_O2,216.13992867004865,-0.0031571713374345,16.295575268817203,a,10,16,NA,51,0,good,00:44:00,01:48:00,115,0.0315,1.8786,00:20:00,01:58:00,1.5074,1.8016,-3.630747038049675e-4,-3.272748322342774e-4,37.402837969631705,0,37.402837969631705
S45,7.2,Tegula,-2.7549930275424744e-5,TEG_T12_01_20240430_O2,201.47193972829584,-0.00420440513880711,16.291370967741937,a,12,16,NA,1,0,good,00:44:00,01:48:00,114.5,0.1343,2.6701,00:23:00,01:56:00,2.0615,2.6567,-4.8140438839341416e-4,-4.538544581179894e-4,12.165867827436797,0,12.165867827436797
S45,7.2,Tegula,-2.7549930275424744e-5,TEG_T12_60_20240430_O2,247.77412187290892,-0.00200960333253153,16.380983870967743,a,12,16,NA,60,0,good,00:44:00,01:48:00,114.5,0.0357,2.146,00:25:00,01:55:00,1.7513,2.1022,-2.300995815748602e-4,-2.0254965129943545e-4,20.425174920951473,0,20.425174920951473
S45,7.2,Tegula,-2.7549930275424744e-5,TEG_T12_75_20240430_O2,250.5732306270379,-0.00396979797391712,16.285967741935483,a,12,16,NA,75,0,good,00:44:00,01:48:00,115,0.0324,1.6288,00:26:00,01:51:00,1.2918,1.5974,-4.5652676700046885e-4,-4.289768367250441e-4,47.66409296944935,0,47.66409296944935
S46,7.9,Tegula,-3.0415699300700303e-5,TEG_T15_09_20240430_O2,241.31446514937005,-0.00621580646253896,16.097502824858758,a,15,16,NA,9,0,good,02:15:00,03:17:00,113,0.1476,3.109,02:00:00,03:20:00,2.2356,2.9156,-7.023861302669026e-4,-6.719704309662022e-4,16.389522706492738,0,16.389522706492738
S46,7.9,Tegula,-3.0415699300700303e-5,TEG_T15_32_20240430_O2,255.76500432144715,-0.0035297459276966,16.277033898305085,a,15,16,NA,32,0,good,02:15:00,03:17:00,115,0.042,1.7413,02:03:00,03:21:00,1.3526,1.6695,-4.0592078168510905e-4,-3.7550508238440875e-4,32.1861499186636,0,32.1861499186636
S46,7.9,Tegula,-3.0415699300700303e-5,TEG_T15_74_20240430_O2,245.40519127936693,-0.00330134065372832,16.340728813559323,a,15,16,NA,74,0,good,02:15:00,03:17:00,115,0.052,1.8394,02:01:00,03:23:00,1.3732,1.6936,-3.796541751787568e-4,-3.492384758780565e-4,24.178048330019298,0,24.178048330019298
S48,7.2,Tegula,-3.109519608198801e-5,TEG_T1_56_20240430_O2,220.96436969018433,-0.00399199165068004,19.90749431818182,a,1,20,NA,56,0,good,12:58:00,13:59:00,115,0.0695,2.1513,12:30:00,14:01:00,1.7045,2.1184,-4.590790398282046e-4,-4.2798384374621656e-4,22.168947301962294,0,22.168947301962294
S48,7.2,Tegula,-3.109519608198801e-5,TEG_T1_64_20240430_O2,181.22210252196095,-0.00375492611156559,20.032375,a,1,20,NA,64,0,good,12:58:00,13:59:00,115,0.0488,2.6523,12:32:00,14:05:00,2.1261,2.6371,-4.3181650283004286e-4,-4.0072130674805484e-4,29.561407874856503,0,29.561407874856503
S48,7.2,Tegula,-3.109519608198801e-5,TEG_T1_69_20240430_O2,236.95595751109255,-0.00292632012476386,20.04764772727273,a,1,20,NA,69,0,good,12:58:00,13:59:00,115,0.0329,1.6639,12:33:00,14:06:00,1.2962,1.6524,-3.365268143478439e-4,-3.054316182658559e-4,33.42108892878666,0,33.42108892878666
S49,7.4,Tegula,-3.0532343486910456e-5,TEG_T2_26_20240430_O2,233.51162111740075,-0.00559458931062956,20.020375,a,2,20,NA,26,0,good,12:58:00,13:59:00,115,0.0487,2.0852,12:38:00,14:03:00,1.678,2.0996,-6.433777707223994e-4,-6.12845427235489e-4,45.30274205436879,0,45.30274205436879
S49,7.4,Tegula,-3.0532343486910456e-5,TEG_T2_27_20240430_O2,203.22915229209795,-0.00510076243460668,20.090090909090907,a,2,20,NA,27,0,good,12:58:00,13:59:00,115,0.0469,2.3067,12:40:00,14:10:00,1.7579,2.2293,-5.865876799797682e-4,-5.560553364928577e-4,42.682285956807846,0,42.682285956807846
S49,7.4,Tegula,-3.0532343486910456e-5,TEG_T2_67_20240430_O2,186.4048054095461,-0.0045489956288714,20.051045454545456,a,2,20,NA,67,0,good,12:58:00,13:59:00,115,0.0993,2.2638,12:39:00,14:02:00,1.7865,2.2847,-5.23134497320211e-4,-4.926021538333006e-4,17.85868835649428,0,17.85868835649428
S5,7.5,Rockweed,6.122056292398862e-5,RW_T5_25_Dark_20240428_O2,242.11956668247512,-0.00528664634146339,19.98743820224719,a,5,20,NA,25,0,good,14:11:00,14:43:00,648,1.0397,2.415,NA,NA,NA,NA,-0.0034257468292682772,-0.0034869673921922657,12.073754556018232,28.73043872579724,40.80419328181547
S5,7.5,Rockweed,6.122056292398862e-5,RW_T5_26_Dark_20240428_O2,228.96281465670924,-0.00184178805120906,22.11194382022472,a,5,20,NA,26,0,idk,14:11:00,14:43:00,648,1.0491,2.583,NA,NA,NA,NA,-0.0011934786571834708,-0.0012546992201074593,4.305516340088508,35.65328813834753,39.958804478436036
S5,7.5,Rockweed,6.122056292398862e-5,RW_T5_27_Dark_20240428_O2,205.5967840136448,-0.0038182412118409,19.987258426966292,a,5,20,NA,27,0,good,14:11:00,14:43:00,648,0.8113,2.4502,NA,NA,NA,NA,-0.0024742203052729034,-0.002535440868196892,11.25056961112882,40.927728642653804,52.17829825378262
S5,7.5,Rockweed,6.122056292398862e-5,RW_T5_28_Dark_20240428_O2,242.8641327532377,-0.00481487627197037,19.96650561797753,a,5,20,NA,28,0,good,14:11:00,14:43:00,648,0.7646,2.621,NA,NA,NA,NA,-0.0031200398242367997,-0.0031812603871607882,14.978468995263981,65.63933057686124,80.61779957212522
S5,7.5,Rockweed,6.122056292398862e-5,RW_T5_29_Dark_20240428_O2,242.24523220257944,-0.00648646026163151,19.882101123595504,a,5,20,NA,29,0,good,14:11:00,14:43:00,648,1.0036,3.0909,NA,NA,NA,NA,-0.004203226249537219,-0.0042644468124612075,15.29693954250732,43.61387136707738,58.9108109095847
S5,7.5,Rockweed,6.122056292398862e-5,RW_T5_30_Dark_20240428_O2,191.7516574404453,-0.00356903061465164,19.950651685393257,a,5,20,NA,30,0,good,14:11:00,14:43:00,646,1.0853,2.7903,NA,NA,NA,NA,-0.0023055937770649596,-0.002366814339988948,7.850853795227323,24.969313702188884,32.82016749741621
S5,7.5,Rockweed,1.7409432672598862e-5,RW_T5_25_Light_20240428_O2,239.89613179347808,0.01283166628122117,19.662441860465115,a,5,20,NA,25,0,good,15:19:00,15:53:00,648,1.0397,2.415,NA,NA,NA,NA,0.008314919750231319,0.00829751031755872,12.073754556018232,28.73043872579724,40.80419328181547
S5,7.5,Rockweed,1.7409432672598862e-5,RW_T5_26_Light_20240428_O2,248.28092946132804,0.01606075897786426,19.757162790697674,a,5,20,NA,26,0,good,15:19:00,15:53:00,648,1.0491,2.583,NA,NA,NA,NA,0.01040737181765604,0.010389962384983442,4.305516340088508,35.65328813834753,39.958804478436036
S5,7.5,Rockweed,1.7409432672598862e-5,RW_T5_27_Light_20240428_O2,218.7641094777359,0.0142606911031406,19.899697674418604,a,5,20,NA,27,0,good,15:19:00,15:53:00,648,0.8113,2.4502,NA,NA,NA,NA,0.009240927834835109,0.00922351840216251,11.25056961112882,40.927728642653804,52.17829825378262
S5,7.5,Rockweed,1.7409432672598862e-5,RW_T5_28_Light_20240428_O2,260.0463040117592,0.02154085481682504,20.07986046511628,a,5,20,NA,28,0,good,15:19:00,15:53:00,648,0.7646,2.621,NA,NA,NA,NA,0.013958473921302627,0.013941064488630028,14.978468995263981,65.63933057686124,80.61779957212522
S5,7.5,Rockweed,1.7409432672598862e-5,RW_T5_29_Light_20240428_O2,256.7090799624716,0.01879010427881525,20.00495348837209,a,5,20,NA,29,0,good,15:19:00,15:53:00,648,1.0036,3.0909,NA,NA,NA,NA,0.012175987572672282,0.012158578139999683,15.29693954250732,43.61387136707738,58.9108109095847
S5,7.5,Rockweed,1.7409432672598862e-5,RW_T5_30_Light_20240428_O2,201.86417541613153,0.01167951071491527,19.887197674418605,a,5,20,NA,30,0,good,15:19:00,15:53:00,646,1.0853,2.7903,NA,NA,NA,NA,0.007544963921835264,0.007527554489162666,7.850853795227323,24.969313702188884,32.82016749741621
S50,7.3,Tegula,-4.016159003158972e-5,TEG_T4_19_20240430_O2,226.71388101725563,-0.00563125950357783,19.863898305084746,a,4,20,NA,19,0,good,14:37:00,15:38:00,115,0.0428,2.3462,14:15:00,15:40:00,1.9008,2.2341,-6.475948429114505e-4,-6.074332528798608e-4,51.09251659737147,0,51.09251659737147
S50,7.3,Tegula,-4.016159003158972e-5,TEG_T4_20_20240430_O2,198.70346482533705,-0.00511361398664182,20.05175141242938,a,4,20,NA,20,0,good,14:37:00,15:38:00,114.5,0.0592,2.6092,14:16:00,15:41:00,2.07,2.4716,-5.855088014704884e-4,-5.453472114388987e-4,33.163006101014105,0,33.163006101014105
S50,7.3,Tegula,-4.016159003158972e-5,TEG_T4_62_20240430_O2,234.70707539858387,-0.00559312950432731,20.03426966292135,a,4,20,NA,62,0,good,14:37:00,15:38:00,115,0.0469,2.3512,14:17:00,15:42:00,1.8771,2.2856,-6.432098929976406e-4,-6.030483029660509e-4,46.289421976072134,0,46.289421976072134
S51,7.9,Tegula,-2.1042651180682353e-5,TEG_T19_05_20240430_O2,228.8266501485168,-0.00451087686304839,20.07989265536723,a,19,20,NA,5,0,good,14:37:00,15:38:00,115,0.0995,1.8612,14:19:00,15:43:00,1.4144,1.7981,-5.187508392505649e-4,-4.977081880698825e-4,18.007532432679163,0,18.007532432679163
S51,7.9,Tegula,-2.1042651180682353e-5,TEG_T19_17_20240430_O2,234.80166859080165,-0.0037190080406509,19.99812429378531,a,19,20,NA,17,0,good,14:37:00,15:38:00,114.5,0.0652,2.5809,14:20:00,15:42:00,2.0528,2.4991,-4.2582642065452805e-4,-4.047837694738457e-4,22.350024081377985,0,22.350024081377985
S51,7.9,Tegula,-2.1042651180682353e-5,TEG_T19_18_20240430_O2,220.90307668489964,-0.006275581003742,19.89585310734463,a,19,20,NA,18,0,good,14:37:00,15:38:00,115,0.103,2.2872,14:22:00,15:40:00,1.7731,2.2347,-7.2169181543033e-4,-7.006491642496476e-4,24.488708653385746,0,24.488708653385746
S52,8,Tegula,-3.1120457199830065e-5,TEG_T13_03_20240430_O2,224.18642081382816,-0.00354260532821377,20.143397727272728,a,13,20,NA,3,0,good,16:23:00,17:24:00,115,0.0497,2.3898,16:00:00,17:27:00,1.9494,2.3647,-4.0739961274458355e-4,-3.762791555447535e-4,27.25563299720548,0,27.25563299720548
S52,8,Tegula,-3.1120457199830065e-5,TEG_T13_15_20240430_O2,237.08590228934185,-0.00301783963523692,20.29653977272727,a,13,20,NA,15,0,good,16:23:00,17:24:00,115,0.0348,1.7951,16:02:00,17:30:00,1.4442,1.7533,-3.470515580522458e-4,-3.1593110085241576e-4,32.68252767438784,0,32.68252767438784
S52,8,Tegula,-3.1120457199830065e-5,TEG_T13_59_20240430_O2,229.7351247312576,-0.0037913979241961,20.12563068181818,a,13,20,NA,59,0,good,16:23:00,17:24:00,115,0.051,2.2136,16:05:00,17:31:00,1.8067,2.1855,-4.360107612825515e-4,-4.0489030408272144e-4,28.580492052897988,0,28.580492052897988
S53,7.5,Tegula,-2.444967994816062e-5,TEG_T5_23_20240430_O2,173.9106985712372,-0.00463082455100126,20.253857954545456,a,5,20,NA,23,0,good,16:23:00,17:24:00,115,0.0527,2.5027,16:10:00,17:35:00,2.0271,2.4621,-5.325448233651449e-4,-5.080951434169842e-4,34.708586647080516,0,34.708586647080516
S53,7.5,Tegula,-2.444967994816062e-5,TEG_T5_34_20240430_O2,224.63428796244284,-0.00499645665145663,20.324107954545457,a,5,20,NA,34,0,good,16:23:00,17:24:00,115,0.0458,2.0595,16:12:00,17:29:00,1.6038,2.0361,-5.745925149175125e-4,-5.501428349693518e-4,43.24266825086608,0,43.24266825086608
S53,7.5,Tegula,-2.444967994816062e-5,TEG_T5_68_20240430_O2,183.4605244871793,-0.00184646520146517,20.288,a,5,20,NA,68,0,good,16:23:00,17:24:00,115,0.035,2.0338,16:14:00,17:30:00,1.6408,2.0312,-2.1234349816849456e-4,-1.8789381822033395e-4,19.32622130266292,0,19.32622130266292
S54,7.7,Tegula,-5.2503148533162544e-5,TEG_T9_44_20240430_O2,235.8131115474721,-0.00298395596644582,20.29442380952381,a,9,20,NA,44,0,good,18:02:00,19:15:00,115,0.0354,1.8191,17:50:00,19:17:00,1.4658,1.7927,-3.431549361412693e-4,-2.906517876081067e-4,29.55780890929899,0,29.55780890929899
S54,7.7,Tegula,-5.2503148533162544e-5,TEG_T9_53_20240430_O2,198.0296829049483,-0.00451825603774758,20.321057142857143,a,9,20,NA,53,0,good,18:02:00,19:15:00,114.5,0.1164,2.5698,17:52:00,19:20:00,2.0045,2.5397,-5.17340316322098e-4,-4.648371677889355e-4,14.37640725120419,0,14.37640725120419
S54,7.7,Tegula,-5.2503148533162544e-5,TEG_T9_63_20240430_O2,227.73588582151783,-0.00287798165137613,20.130533333333332,a,9,20,NA,63,0,good,18:02:00,19:15:00,115,0.0349,1.6733,17:54:00,19:18:00,1.3541,1.6128,-3.30967889908255e-4,-2.7846474137509247e-4,28.724156703447935,0,28.724156703447935
S55,7.8,Tegula,-4.071152812529334e-5,TEG_T17_22_20240430_O2,236.3085342883955,-0.00647141149123059,20.27958095238095,a,17,20,NA,22,0,good,18:02:00,19:15:00,115,0.0488,2.3002,17:45:00,19:19:00,1.8711,2.2169,-7.442123214915178e-4,-7.035007933662245e-4,51.89759951062312,0,51.89759951062312
S55,7.8,Tegula,-4.071152812529334e-5,TEG_T17_35_20240430_O2,227.56589200573436,-7.029739946674564e-4,20.14747142857143,a,17,20,NA,35,0,good,18:02:00,19:15:00,114.5,0.1171,2.8157,17:46:00,19:21:00,2.2203,2.8073,-8.049052238942376e-5,-3.977899426413042e-5,1.2229238202465373,0,1.2229238202465373
S55,7.8,Tegula,-4.071152812529334e-5,TEG_T17_77_20240430_O2,190.04780825641444,-0.00466487738198903,20.342238095238095,a,17,20,NA,77,0,good,18:02:00,19:15:00,115,0.0477,1.9138,17:48:00,19:16:00,1.5258,1.8829,-5.364608989287385e-4,-4.957493708034452e-4,37.4150468530902,0,37.4150468530902
S56,7.6,Tegula,-6.355006355975654e-5,TEG_T11_40_20240430_O2,238.15448660254063,-0.00506572362192302,20.121782857142858,a,11,20,NA,40,0,good,19:39:00,20:40:00,115,0.0286,1.8756,19:25:00,20:42:00,1.5269,1.8171,-5.825582165211473e-4,-5.190081529613908e-4,65.32969757555968,0,65.32969757555968
S56,7.6,Tegula,-6.355006355975654e-5,TEG_T11_48_20240430_O2,230.70375978117517,-0.00410676994142131,20.169954285714287,a,11,20,NA,48,0,good,19:39:00,20:40:00,115,0.0408,2.3639,19:26:00,20:45:00,1.9312,2.252,-4.7227854326345074e-4,-4.087284797036942e-4,36.0642776209142,0,36.0642776209142
S56,7.6,Tegula,-6.355006355975654e-5,TEG_T11_55_20240430_O2,192.77591920182215,-0.00338785573792729,20.14282857142857,a,11,20,NA,55,0,good,19:39:00,20:40:00,115,0.041,2.1489,19:27:00,20:46:00,1.7421,2.1359,-3.8960340986163837e-4,-3.2605334630188184e-4,28.629074309433527,0,28.629074309433527
S6,7.3,Rockweed,-1.4526840789109185e-4,RW_T6_31_Dark_20240429_O2,246.11125585585592,-0.00824771072442306,16.508459770114943,a,6,16,NA,31,0,good,16:43:00,17:15:00,648,1.0164,2.7825,NA,NA,NA,NA,-0.005344516549426143,-0.005199248141535051,18.41528267367787,33.98455835195634,52.3998410256342
S6,7.3,Rockweed,-1.4526840789109185e-4,RW_T6_32_Dark_20240429_O2,218.7455440140026,-0.00418560869510229,16.704151162790698,a,6,16,NA,32,0,good,16:43:00,17:15:00,648,1.1611,2.9823,NA,NA,NA,NA,-0.002712274434426284,-0.002567006026535192,7.9590230777079425,20.324401399828474,28.283424477536418
S6,7.3,Rockweed,-1.4526840789109185e-4,RW_T6_33_Dark_20240429_O2,255.53808940836743,-0.0045791084783414,16.70389655172414,a,6,16,NA,33,0,good,16:43:00,17:15:00,648,0.7027,2.4774,NA,NA,NA,NA,-0.002967262293965227,-0.002821993886074135,14.457347359992724,48.07831284032166,62.53566020031438
S6,7.3,Rockweed,-1.4526840789109185e-4,RW_T6_34_Dark_20240429_O2,258.4333795901838,-0.00506302703690166,16.70017441860465,a,6,16,NA,34,0,good,16:43:00,17:15:00,648,0.9042,2.4587,NA,NA,NA,NA,-0.0032808415199122756,-0.0031355731120211836,12.484033624503716,54.23299056075008,66.71702418525379
S6,7.3,Rockweed,-1.4526840789109185e-4,RW_T6_35_Dark_20240429_O2,204.2762290062324,-0.00405123256818466,16.724264367816094,a,6,16,NA,35,0,good,16:43:00,17:15:00,646,0.8307,2.8219,NA,NA,NA,NA,-0.0026170962390472904,-0.0024718278311561983,10.712146613894683,19.381020000192322,30.093166614087004
S6,7.3,Rockweed,-1.4526840789109185e-4,RW_T6_36_Dark_20240429_O2,250.3177841572252,-0.00423987712367085,16.737632183908048,a,6,16,NA,36,0,good,16:43:00,17:15:00,648,0.7712,2.5357,NA,NA,NA,NA,-0.0027474403761387108,-0.0026021719682476187,12.147068316508594,85.41298589487823,97.56005421138683
S6,7.3,Rockweed,-3.820032144948696e-5,RW_T6_31_Light_20240429_O2,253.8824688615024,0.01474810697518444,16.307290697674418,a,6,16,NA,31,0,good,17:30:00,18:05:00,648,1.0164,2.7825,NA,NA,NA,NA,0.009556773319919517,0.009594973641369004,18.41528267367787,33.98455835195634,52.3998410256342
S6,7.3,Rockweed,-3.820032144948696e-5,RW_T6_32_Light_20240429_O2,222.9532620841104,0.01005707360601967,16.446523255813954,a,6,16,NA,32,0,good,17:30:00,18:05:00,648,1.1611,2.9823,NA,NA,NA,NA,0.006516983696700746,0.006555184018150233,7.9590230777079425,20.324401399828474,28.283424477536418
S6,7.3,Rockweed,-3.820032144948696e-5,RW_T6_33_Light_20240429_O2,260.4776694864862,0.01442348648648657,16.450337209302326,a,6,16,NA,33,0,good,17:30:00,18:05:00,648,0.7027,2.4774,NA,NA,NA,NA,0.009346419243243299,0.009384619564692786,14.457347359992724,48.07831284032166,62.53566020031438
S6,7.3,Rockweed,-3.820032144948696e-5,RW_T6_34_Light_20240429_O2,263.240654155868,0.02096191225472054,16.643244186046513,a,6,16,NA,34,0,good,17:30:00,18:05:00,648,0.9042,2.4587,NA,NA,NA,NA,0.01358331914105891,0.013621519462508397,12.484033624503716,54.23299056075008,66.71702418525379
S6,7.3,Rockweed,-3.820032144948696e-5,RW_T6_35_Light_20240429_O2,207.6839688648558,0.00686373071763915,16.436302325581394,a,6,16,NA,35,0,good,17:30:00,18:05:00,646,0.8307,2.8219,NA,NA,NA,NA,0.0044339700435948905,0.004472170365044378,10.712146613894683,19.381020000192322,30.093166614087004
S6,7.3,Rockweed,-3.820032144948696e-5,RW_T6_36_Light_20240429_O2,257.84118307058077,0.02817771500553495,16.676081395348838,a,6,16,NA,36,0,good,17:30:00,18:05:00,648,0.7712,2.5357,NA,NA,NA,NA,0.018259159323586648,0.018297359645036135,12.147068316508594,85.41298589487823,97.56005421138683
S7,7.6,Rockweed,3.1061144020728097e-4,RW_T7_37_Dark_20240429_O2,241.51250732765635,-0.00832304035542389,16.51731460674157,a,7,16,NA,37,0,good,21:01:00,21:31:00,646,1.0398,3.4157,NA,NA,NA,NA,-0.005376684069603834,-0.0056872955098111145,19.690578799115226,42.872831132354435,62.563409931469664
S7,7.6,Rockweed,3.1061144020728097e-4,RW_T7_38_Dark_20240429_O2,257.3002567717677,-0.00860104782990416,16.734573033707864,a,7,16,NA,38,0,good,21:01:00,21:31:00,648,1.2317,2.974,NA,NA,NA,NA,-0.005573478993777896,-0.005884090433985177,17.19795856324319,27.193275267633346,44.39123383087654
S7,7.6,Rockweed,3.1061144020728097e-4,RW_T7_39_Dark_20240429_O2,205.91215273223423,-0.00304945009033422,16.616955056179776,a,7,16,NA,39,0,good,21:01:00,21:31:00,648,0.7801,2.7823,NA,NA,NA,NA,-0.001976043658536575,-0.002286655098743856,10.55243988652465,35.66580992275226,46.21824980927691
S7,7.6,Rockweed,3.1061144020728097e-4,RW_T7_40_Dark_20240429_O2,219.60889684181424,-0.0038854022380987,16.61403370786517,a,7,16,NA,40,0,good,21:01:00,21:31:00,648,1.0827,3.2179,NA,NA,NA,NA,-0.0025177406502879577,-0.0028283520904952386,9.404329477955905,37.98935816208407,47.39368764003998
S7,7.6,Rockweed,3.1061144020728097e-4,RW_T7_41_Dark_20240429_O2,249.3376420253163,-0.00576734177215186,16.669044943820225,a,7,16,NA,41,0,good,21:01:00,21:31:00,648,0.9648,3.1852,NA,NA,NA,NA,-0.0037372374683544056,-0.0040478489085616865,15.10391383791674,42.46633893554413,57.57025277346087
S7,7.6,Rockweed,3.1061144020728097e-4,RW_T7_42_Dark_20240429_O2,196.13698666840605,-0.00409390147166258,16.618955056179775,a,7,16,NA,42,0,good,21:01:00,21:31:00,646,1.003,2.804,NA,NA,NA,NA,-0.002644660350694027,-0.0029552717909013078,10.607156976315762,39.95409947800889,50.561256454324656
S7,7.6,Rockweed,-8.487939521796396e-5,RW_T7_37_Light_20240429_O2,242.65281546456825,0.01903749741513479,16.48518390804598,a,7,16,NA,37,0,good,21:59:00,22:31:00,646,1.0398,3.4157,NA,NA,NA,NA,0.012298223330177075,0.01238310272539504,19.690578799115226,42.872831132354435,62.563409931469664
S7,7.6,Rockweed,-8.487939521796396e-5,RW_T7_38_Light_20240429_O2,258.59602548577965,0.01422684813287008,16.733655172413794,a,7,16,NA,38,0,good,21:59:00,22:31:00,648,1.2317,2.974,NA,NA,NA,NA,0.009218997590099812,0.009303876985317776,17.19795856324319,27.193275267633346,44.39123383087654
S7,7.6,Rockweed,-8.487939521796396e-5,RW_T7_39_Light_20240429_O2,200.93499890122737,0.01179583869082406,16.624908045977012,a,7,16,NA,39,0,good,21:59:00,22:31:00,648,0.7801,2.7823,NA,NA,NA,NA,0.007643703471653992,0.007728582866871956,10.55243988652465,35.66580992275226,46.21824980927691
S7,7.6,Rockweed,-8.487939521796396e-5,RW_T7_40_Light_20240429_O2,211.64607385354137,0.01750064825930374,16.68071264367816,a,7,16,NA,40,0,good,21:59:00,22:31:00,648,1.0827,3.2179,NA,NA,NA,NA,0.011340420072028823,0.011425299467246786,9.404329477955905,37.98935816208407,47.39368764003998
S7,7.6,Rockweed,-8.487939521796396e-5,RW_T7_41_Light_20240429_O2,253.51497550580993,0.01743225222146275,16.794735632183908,a,7,16,NA,41,0,good,21:59:00,22:31:00,648,0.9648,3.1852,NA,NA,NA,NA,0.011296099439507863,0.011380978834725827,15.10391383791674,42.46633893554413,57.57025277346087
S7,7.6,Rockweed,-8.487939521796396e-5,RW_T7_42_Light_20240429_O2,200.50315258115023,0.01710027345788538,16.76834482758621,a,7,16,NA,42,0,good,21:59:00,22:31:00,646,1.003,2.804,NA,NA,NA,NA,0.011046776653793956,0.01113165604901192,10.607156976315762,39.95409947800889,50.561256454324656
S8,7.4,Rockweed,-4.938762559493128e-5,RW_T8_43_Dark_20240429_O2,242.98593519434897,-0.00540394684332345,16.826202247191013,a,8,16,NA,43,0,good,10:03:00,10:35:00,648,0.9313,2.4044,NA,NA,NA,NA,-0.003501757554473596,-0.0034523699288786644,13.345357826654345,28.72757917637728,42.072937003031626
S8,7.4,Rockweed,-4.938762559493128e-5,RW_T8_44_Dark_20240429_O2,246.77796944852577,-0.00378549319228129,16.784797752808988,a,8,16,NA,44,0,good,10:03:00,10:35:00,648,0.7859,2.4338,NA,NA,NA,NA,-0.002452999588598276,-0.0024036119630033445,11.010310557083649,31.93521410830579,42.94552466538944
S8,7.4,Rockweed,-4.938762559493128e-5,RW_T8_45_Dark_20240429_O2,232.17514179536772,-0.00393654040284917,16.65894382022472,a,8,16,NA,45,0,good,10:03:00,10:35:00,646,0.9456,2.8227,NA,NA,NA,NA,-0.002543005100240564,-0.0024936174746456327,9.49346754306713,43.44259237899069,52.93605992205782
S8,7.4,Rockweed,-4.938762559493128e-5,RW_T8_46_Dark_20240429_O2,246.19761927710837,-0.0043598841358465,16.782573033707866,a,8,16,NA,46,0,good,10:03:00,10:35:00,648,1.1597,2.9006,NA,NA,NA,NA,-0.0028252049200285325,-0.002775817294433601,8.616833888040842,62.26162542110184,70.87845930914268
S8,7.4,Rockweed,-4.938762559493128e-5,RW_T8_47_Dark_20240429_O2,204.92868689685332,-0.00451941433566439,16.765943181818184,a,8,16,NA,47,0,good,10:03:00,10:35:00,648,1.2397,2.8739,NA,NA,NA,NA,-0.0029285804895105246,-0.002879192863915593,8.360969839554839,40.64304087918705,49.00401071874189
S8,7.4,Rockweed,-4.938762559493128e-5,RW_T8_48_Dark_20240429_O2,194.3979985459184,-0.00185977040816327,16.76061797752809,a,8,16,NA,48,0,good,10:03:00,10:35:00,648,1.0831,2.4331,NA,NA,NA,NA,-0.001205131224489799,-0.0011557435988948678,3.841452272201573,40.06964442679373,43.9110966989953
S8,7.4,Rockweed,-9.387939593303267e-5,RW_T8_43_Light_20240429_O2,272.1385576125075,0.01132374342489765,16.712516853932584,a,8,16,NA,43,0,good,10:58:00,11:29:00,648,0.9313,2.4044,NA,NA,NA,NA,0.007337785739333678,0.007431665135266711,13.345357826654345,28.72757917637728,42.072937003031626
S8,7.4,Rockweed,-9.387939593303267e-5,RW_T8_44_Light_20240430_O2,258.9847374933896,0.01061381984840475,16.408772727272726,a,8,16,NA,44,0,good,04:08:00,04:39:00,648,0.7859,2.4338,NA,NA,NA,NA,0.006877755261766278,0.006971634657699311,11.010310557083649,31.93521410830579,42.94552466538944
S8,7.4,Rockweed,-9.387939593303267e-5,RW_T8_45_Light_20240429_O2,248.50437590194255,0.01751864014801113,16.39014606741573,a,8,16,NA,45,0,good,10:58:00,11:29:00,646,0.9456,2.8227,NA,NA,NA,NA,0.01131704153561519,0.011410920931548222,9.49346754306713,43.44259237899069,52.93605992205782
S8,7.4,Rockweed,-9.387939593303267e-5,RW_T8_46_Light_20240429_O2,263.40642835990036,0.03080711641610635,16.72303370786517,a,8,16,NA,46,0,good,10:58:00,11:29:00,648,1.1597,2.9006,NA,NA,NA,NA,0.019963011437636916,0.020056890833569947,8.616833888040842,62.26162542110184,70.87845930914268
S8,7.4,Rockweed,-9.387939593303267e-5,RW_T8_47_Light_20240429_O2,223.10473632191471,0.02145370882740452,16.644370786516852,a,8,16,NA,47,0,good,10:58:00,11:29:00,648,1.2397,2.8739,NA,NA,NA,NA,0.013902003320158129,0.013995882716091161,8.360969839554839,40.64304087918705,49.00401071874189
S8,7.4,Rockweed,-9.387939593303267e-5,RW_T8_48_Light_20240429_O2,202.87408425210077,0.01845913325330134,16.714460674157305,a,8,16,NA,48,0,good,10:58:00,11:29:00,648,1.0831,2.4331,NA,NA,NA,NA,0.01196151834813927,0.012055397744072303,3.841452272201573,40.06964442679373,43.9110966989953
S9,7.7,Rockweed,1.2059940937024586e-4,RW_T9_49_Dark_20240428_O2,225.8216989528475,-0.00601351850231825,20.40774712643678,a,9,20,NA,49,0,good,16:27:00,17:00:00,646,0.8163,2.7836,NA,NA,NA,NA,-0.0038847329524975896,-0.0040053323618678355,17.664089798755615,28.16391326341058,45.8280030621662
S9,7.7,Rockweed,1.2059940937024586e-4,RW_T9_50_Dark_20240428_O2,220.02641321202532,-0.0053102701593999,20.22435632183908,a,9,20,NA,50,0,good,16:27:00,17:00:00,646,0.8628,3.211,NA,NA,NA,NA,-0.0034304345229723356,-0.0035510339323425815,14.816553264294498,31.068325298471926,45.884878562766424
S9,7.7,Rockweed,1.2059940937024586e-4,RW_T9_51_Dark_20240428_O2,233.9406630987762,-0.00436677010489509,20.36709195402299,a,9,20,NA,51,0,good,16:27:00,17:00:00,648,0.741,2.6531,NA,NA,NA,NA,-0.0028296670279720185,-0.0029502664373422644,14.33327823810007,73.59397221295656,87.92725045105662
S9,7.7,Rockweed,1.2059940937024586e-4,RW_T9_52_Dark_20240428_O2,177.84537514142573,-0.00533151341196116,20.317540229885054,a,9,20,NA,52,0,good,16:27:00,17:00:00,648,0.8582,2.924,NA,NA,NA,NA,-0.0034548206909508316,-0.0035754201003210776,14.998266559258774,25.941135162614938,40.93940172187371
S9,7.7,Rockweed,1.2059940937024586e-4,RW_T9_53_Dark_20240428_O2,231.76314494447396,-0.00777656795346382,20.33283908045977,a,9,20,NA,53,0,good,16:27:00,17:00:00,648,0.8929,3.2404,NA,NA,NA,NA,-0.005039216033844556,-0.0051598154432148016,20.80337730493144,38.199580133096994,59.00295743802843
S9,7.7,Rockweed,1.2059940937024586e-4,RW_T9_54_Dark_20240428_O2,229.5425243203672,-0.00641802666083917,20.32083908045977,a,9,20,NA,54,0,good,16:27:00,17:00:00,648,0.9769,3.6111,NA,NA,NA,NA,-0.004158881276223782,-0.004279480685594028,15.77042733968523,86.22836067675522,101.99878801644044
S9,7.7,Rockweed,-1.4073855092287375e-5,RW_T9_49_Light_20240428_O2,237.66111656985387,0.00986392179161929,20.574704545454544,a,9,20,NA,49,0,good,17:21:00,17:55:00,646,0.8163,2.7836,NA,NA,NA,NA,0.006372093477386062,0.006386167332478349,17.664089798755615,28.16391326341058,45.8280030621662
S9,7.7,Rockweed,-1.4073855092287375e-5,RW_T9_50_Light_20240428_O2,229.8471674774773,0.01150459459459466,20.280829545454544,a,9,20,NA,50,0,good,17:21:00,17:55:00,646,0.8628,3.211,NA,NA,NA,NA,0.007431968108108151,0.007446041963200438,14.816553264294498,31.068325298471926,45.884878562766424
S9,7.7,Rockweed,-1.4073855092287375e-5,RW_T9_51_Light_20240428_O2,239.50897274256985,0.02335496722027974,20.357443181818184,a,9,20,NA,51,0,good,17:21:00,17:55:00,648,0.741,2.6531,NA,NA,NA,NA,0.015134018758741272,0.015148092613833559,14.33327823810007,73.59397221295656,87.92725045105662
S9,7.7,Rockweed,-1.4073855092287375e-5,RW_T9_52_Light_20240428_O2,181.56636830481025,0.00952161193339502,20.543772727272728,a,9,20,NA,52,0,good,17:21:00,17:55:00,648,0.8582,2.924,NA,NA,NA,NA,0.006170004532839973,0.006184078387932261,14.998266559258774,25.941135162614938,40.93940172187371
S9,7.7,Rockweed,-1.4073855092287375e-5,RW_T9_53_Light_20240428_O2,238.979396385598,0.01459951098358628,20.48968181818182,a,9,20,NA,53,0,good,17:21:00,17:55:00,648,0.8929,3.2404,NA,NA,NA,NA,0.009460483117363909,0.009474556972456196,20.80337730493144,38.199580133096994,59.00295743802843
S9,7.7,Rockweed,-1.4073855092287375e-5,RW_T9_54_Light_20240428_O2,236.35950590676308,0.03608788565963217,20.310340909090908,a,9,20,NA,54,0,good,17:21:00,17:55:00,648,0.9769,3.6111,NA,NA,NA,NA,0.023384949907441645,0.023399023762533933,15.77042733968523,86.22836067675522,101.99878801644044
