FileName,Intercept,umol.L.sec,Temp.C
RW_PI_16_1_20240617_O2,160.860974987906,0.02278015197935985,15.589712871287128
RW_PI_16_2_20240617_O2,138.6940498610475,0.030469947922428912,15.744719471947194
RW_PI_16_3_20240617_O2,129.88298716981393,0.01947656866162289,15.642376237623763
RW_PI_16_4_20240617_O2,111.45655330483066,0.04658194416522588,15.855762376237625
RW_PI_16_5_20240617_O2,201.19376584325133,0.005765095293322332,15.367036303630362
RW_PI_16_6_20240617_O2,113.83407240309404,0.028898507878997007,15.73429702970297
RW_PI_16_Blank_20240617_O2,188.43884668210984,-4.2477751217789524e-4,15.752841584158416
RW_PI_20_1_20240617_O2,239.1983978688766,0.0013503732122053923,19.343682151589242
RW_PI_20_2_20240617_O2,233.0260786148001,0.008669562251627464,19.43213447432763
RW_PI_20_3_20240617_O2,176.0612790276,-0.004426837002642798,19.307259168704157
RW_PI_20_4_20240617_O2,200.65388690016857,-8.477176804891667e-5,19.342310513447433
RW_PI_20_5_20240617_O2,218.43651031835032,0.0015980818243372375,19.11760880195599
RW_PI_20_6_20240617_O2,186.648602361895,0.005953275058485874,19.28039608801956
RW_PI_20_Blank_20240617_O2,211.67650691228678,-7.636157735649131e-4,19.296520782396087
RW_T1_01_Dark_20240613_O2,261.8110050892318,-0.0017450641690433496,17.259245901639343
RW_T1_01_Light_20240613_O2,265.11766663265314,0.004829285714285669,16.501160714285714
RW_T1_02_Dark_20240613_O2,206.91373337521924,-0.002185683810637086,17.2522131147541
RW_T1_02_Light_20240613_O2,211.68321733785817,0.0050322850678733485,16.428438596491226
RW_T1_03_Dark_20240613_O2,199.2719001136965,-0.00417721575885776,17.214737704918033
RW_T1_03_Light_20240613_O2,208.49825576009863,0.025220465618254716,16.555946428571428
RW_T1_04_Dark_20240613_O2,255.93054986722575,-0.0034914084238612912,17.115901639344262
RW_T1_04_Light_20240613_O2,264.4289928571428,0.028938177339901512,16.507122807017545
RW_T1_05_Dark_20240613_O2,256.5171413529014,-0.004738046558704375,17.1477868852459
RW_T1_05_Light_20240613_O2,261.49000833489686,0.011481064727954992,16.409508771929826
RW_T1_06_Dark_20240613_O2,222.35441667545012,-0.0027923451910408653,17.086590163934424
RW_T1_06_Light_20240613_O2,226.34030896810506,0.014376116322701688,16.465456140350877
RW_T1_1_Dark_20240428_O2,229.39144412475633,-0.0036393891890154303,19.559793103448275
RW_T1_1_Light_20240428_O2,241.75765117345398,0.013920289592760184,19.989
RW_T1_2_Dark_20240428_O2,231.87658908579465,-0.0029534317862165847,19.79970114942529
RW_T1_2_Light_20240428_O2,245.67829679374105,0.005219678520625913,20.286290697674417
RW_T1_3_Dark_20240428_O2,231.78588626834377,-0.006016247379454902,19.85941379310345
RW_T1_3_Light_20240428_O2,257.9660465080192,0.01591858261141847,20.142758620689655
RW_T1_4_Dark_20240428_O2,182.35987936262055,-0.003613746380202087,19.627367816091954
RW_T1_4_Light_20240428_O2,195.01161059196605,0.011073763213530702,20.180988372093022
RW_T1_5_Dark_20240428_O2,190.53049060579457,-0.0036784899034240513,19.891701149425288
RW_T1_5_Light_20240428_O2,193.66025491448687,0.00990484406438633,20.167941860465117
RW_T1_6_Dark_20240428_O2,238.58396343856163,-0.004820845898385293,19.74712643678161
RW_T1_6_Light_20240428_O2,255.1122093687902,0.007135225014611336,20.153209302325582
RW_T1_B_Dark_20240428_O2,230.02188814080648,-4.8451811346546074e-4,19.55341379310345
RW_T1_B_Light_20240428_O2,232.6204274870699,-3.569247208487813e-4,19.97670930232558
RW_T1_Blank_Dark_20240613_O2,246.4802427793905,-1.8956216739237237e-4,16.848016393442624
RW_T1_Blank_Light_20240613_O2,246.37726520084567,5.403805496828033e-5,16.2845
RW_T10_55_Dark_20240429_O2,199.32481016989402,-0.004163037997807827,16.20713793103448
RW_T10_55_Dark_20240612_O2,225.64392009363743,-0.005394619447779104,19.71150909090909
RW_T10_55_Light_20240429_O2,204.7291771586441,0.021887295300988673,16.420227272727274
RW_T10_55_Light_20240612_O2,223.8914062298389,0.011157883064515999,20.231767857142856
RW_T10_56_Dark_20240429_O2,205.53257816551482,-0.005160984165864746,16.29157471264368
RW_T10_56_Dark_20240612_O2,192.9370202854634,-0.0025111067193676535,19.884214285714286
RW_T10_56_Light_20240429_O2,203.64473140816318,0.007651040816326568,16.316875
RW_T10_56_Light_20240612_O2,195.04912569507812,0.0055305354141656085,20.349842105263157
RW_T10_57_Dark_20240429_O2,243.29035747616126,-0.0036478444580526435,16.146942528735632
RW_T10_57_Dark_20240612_O2,238.37138090689513,-0.003801152832674633,19.961482142857143
RW_T10_57_Light_20240429_O2,245.72125453652657,0.01237999798544479,16.102602272727275
RW_T10_57_Light_20240612_O2,243.49779166836737,0.010036494897959177,20.17719298245614
RW_T10_58_Dark_20240429_O2,251.59335296296297,-0.004508518518518498,16.314977011494253
RW_T10_58_Dark_20240612_O2,241.43034957053735,-0.00406450449720454,19.981254545454547
RW_T10_58_Light_20240429_O2,254.42429758959796,0.016485627185314666,16.440704545454544
RW_T10_58_Light_20240612_O2,253.6103249274312,0.030935595065311964,20.246
RW_T10_59_Dark_20240429_O2,258.403588838141,-0.007074964514651992,16.29596551724138
RW_T10_59_Dark_20240612_O2,237.15308681360236,-0.0060098614374848,19.880625000000002
RW_T10_59_Light_20240429_O2,259.1907739940323,0.011497787723785168,16.340738636363636
RW_T10_59_Light_20240612_O2,244.59589314523592,0.02492245760098675,20.367298245614034
RW_T10_60_Dark_20240429_O2,258.0372224882628,-0.004431341381623009,16.316712643678162
RW_T10_60_Dark_20240612_O2,186.14252626618864,-0.004168842506938002,19.9416
RW_T10_60_Light_20240429_O2,255.09455233940216,0.011548161718415575,16.270494382022473
RW_T10_60_Light_20240612_O2,188.62558156660413,0.010086350844277654,20.210696428571428
RW_T10_B_Dark_20240429_O2,223.27865611862117,2.4212641578436087e-5,16.304252873563218
RW_T10_B_Light_20240429_O2,223.25797139498746,-3.5095084169025298e-6,16.299045454545453
RW_T10_Blank_Dark_20240612_O2,237.25243847780135,-6.638477801269814e-5,19.737036363636363
RW_T10_Blank_Light_20240612_O2,236.8717816281301,5.259172818055744e-5,20.161589285714285
RW_T11_61_Dark_20240428_O2,235.88463823200075,-0.006039491733006766,20.088
RW_T11_61_Dark_20240613_O2,228.43751584777607,-0.002547436608896123,16.300830508474576
RW_T11_61_Light_20240428_O2,271.3623696198945,0.009192076411960135,20.262835164835163
RW_T11_61_Light_20240613_O2,231.41514775036302,0.013975616835994093,16.410017857142858
RW_T11_62_Dark_20240428_O2,202.2235533868382,-0.005323475016223239,20.17425287356322
RW_T11_62_Dark_20240613_O2,256.81831025974014,-0.00497865800865798,16.337830508474575
RW_T11_62_Light_20240428_O2,204.81600240551572,0.0057324259448417085,20.250244444444444
RW_T11_62_Light_20240613_O2,260.0502466940816,0.013808135784550873,16.60642857142857
RW_T11_63_Dark_20240428_O2,239.3065169935327,-0.007551222461748765,20.09420689655172
RW_T11_63_Dark_20240613_O2,206.17085781900465,-0.0029432488687783343,16.323389830508475
RW_T11_63_Light_20240428_O2,250.44922794995665,0.032093858554059884,20.517788888888887
RW_T11_63_Light_20240613_O2,208.36930830478707,0.016127444005270015,16.518553571428573
RW_T11_64_Dark_20240428_O2,227.38149931515858,-0.0038273292496976887,20.041436781609196
RW_T11_64_Dark_20240613_O2,212.09490013931102,-0.0033972264437689813,16.435610169491525
RW_T11_64_Light_20240428_O2,238.18707279853027,0.028328041291225646,20.093233333333334
RW_T11_64_Light_20240613_O2,215.90903603946438,0.021294263565891505,16.420214285714284
RW_T11_65_Dark_20240428_O2,231.0426564339855,-0.007093768729067511,20.066298850574714
RW_T11_65_Dark_20240613_O2,263.774921332894,-0.004959321475625765,16.26613559322034
RW_T11_65_Light_20240428_O2,240.03764044327437,0.023276819238491068,20.153164835164837
RW_T11_65_Light_20240613_O2,265.42990027415385,0.009393489182400155,16.418625
RW_T11_66_Dark_20240428_O2,237.65905972474283,-0.006089324604614962,20.211494252873564
RW_T11_66_Dark_20240613_O2,247.66162169287688,-0.0035069842738204883,16.20220338983051
RW_T11_66_Light_20240428_O2,243.67315088510543,-0.0060546409736961645,21.422307692307694
RW_T11_66_Light_20240613_O2,251.08820039912914,0.020569557329463008,16.28992857142857
RW_T11_B_Dark_20240428_O2,193.0409239663981,-7.030688801983388e-5,20.064655172413794
RW_T11_B_Light_20240428_O2,193.83739043382204,-3.53549700155768e-5,20.20187912087912
RW_T11_Blank_Dark_20240613_O2,258.8566915294117,-5.012773109243599e-4,16.281322033898306
RW_T11_Blank_Light_20240613_O2,257.9310066516516,-1.225675675674923e-4,16.294089285714286
RW_T12_67_Dark_20240429_O2,197.87788351752695,-0.004563994644595953,16.234426966292133
RW_T12_67_Dark_20240612_O2,192.29074151872257,-0.00269878497141844,20.204860655737704
RW_T12_67_Light_20240429_O2,204.34307189834664,0.013706581226489338,16.583448275862068
RW_T12_67_Light_20240612_O2,196.97380385680108,0.012451338004101175,20.099672413793105
RW_T12_68_Dark_20240429_O2,204.6344435491828,-0.00387056120875729,16.33147191011236
RW_T12_68_Dark_20240612_O2,236.64553160122227,-0.006763328052995338,20.193385245901638
RW_T12_68_Light_20240429_O2,207.97379052187028,0.007640669683257915,16.49206896551724
RW_T12_68_Light_20240612_O2,242.7205823968105,0.01761722795497185,20.11539655172414
RW_T12_69_Dark_20240429_O2,218.82304715794763,-0.004349639503688777,16.329662921348316
RW_T12_69_Dark_20240612_O2,229.56322731623482,-0.005426734531993664,20.14000826446281
RW_T12_69_Light_20240429_O2,219.51441607470045,0.015400979563072596,16.499241379310345
RW_T12_69_Light_20240612_O2,240.33494141156467,0.03607545049934866,19.991543859649124
RW_T12_70_Dark_20240429_O2,249.4390099343185,-0.007408776250972234,16.36944943820225
RW_T12_70_Dark_20240612_O2,230.88161431089625,-0.005832814585379368,20.30517213114754
RW_T12_70_Light_20240429_O2,255.02394819253658,0.024029394459706963,16.692045977011496
RW_T12_70_Light_20240612_O2,240.03074320557508,0.030385714285714183,20.006793103448278
RW_T12_71_Dark_20240429_O2,237.77204858270045,-0.008777980713033416,16.216011363636365
RW_T12_71_Dark_20240612_O2,203.85009202268935,-0.0070748535906297715,20.22123140495868
RW_T12_71_Light_20240429_O2,243.5566499178404,0.016764233735747796,16.30664367816092
RW_T12_71_Light_20240612_O2,209.1075071437617,0.021985890686061674,20.25305263157895
RW_T12_72_Dark_20240429_O2,258.51794890798527,-0.003802160232681145,16.322337078651685
RW_T12_72_Dark_20240612_O2,185.4963120201825,-0.00500811002357436,21.03796694214876
RW_T12_72_Light_20240429_O2,261.6371668577074,0.0156484255599473,16.52
RW_T12_72_Light_20240612_O2,187.77320505319148,0.012482967160037006,19.973859649122808
RW_T12_B_Dark_20240429_O2,258.31520752392356,6.314712918659848e-4,16.190988636363635
RW_T12_B_Light_20240429_O2,261.55588470702094,1.7566484255004e-4,16.483045977011493
RW_T12_Blank_Dark_20240612_O2,244.87569974480652,-6.843650698740444e-5,20.257512396694214
RW_T12_Blank_Light_20240612_O2,245.8197326069326,2.0468709979671193e-6,19.918053571428572
RW_T13_73_Dark_20240428_O2,201.60030713684708,-0.007570942665123198,20.347433333333335
RW_T13_73_Dark_20240613_O2,209.71992046444123,-0.005784034833091443,16.27724561403509
RW_T13_73_Light_20240428_O2,200.57207194805204,0.013803665223665178,20.53470930232558
RW_T13_73_Light_20240613_O2,214.3189530194806,0.026056379015721078,16.549678571428572
RW_T13_74_Dark_20240428_O2,235.16846065162906,-0.01000451127819548,20.216626373626372
RW_T13_74_Dark_20240613_O2,262.2231737962094,-0.005238254503543105,16.30819298245614
RW_T13_74_Light_20240428_O2,233.73066381228838,0.011947218190614393,20.50029069767442
RW_T13_74_Light_20240613_O2,263.84974889986836,0.017156501976284485,16.7545
RW_T13_75_Dark_20240428_O2,220.12446132898359,-0.01253680975274728,20.137933333333333
RW_T13_75_Dark_20240613_O2,260.6834520507399,-0.004193276955602499,16.32980701754386
RW_T13_75_Light_20240428_O2,220.41693351339492,0.0193819894598155,20.360476744186048
RW_T13_75_Light_20240613_O2,262.0286976218709,0.015354025032938054,16.596357142857144
RW_T13_76_Dark_20240428_O2,235.79005390391475,-0.011580258073922845,20.176555555555556
RW_T13_76_Dark_20240613_O2,244.0407288415309,-0.004336868973340881,16.22524561403509
RW_T13_76_Light_20240428_O2,239.33360439903836,0.034506658653846174,20.583302325581396
RW_T13_76_Light_20240613_O2,245.4632332692306,0.013632115384615465,16.429232142857142
RW_T13_77_Dark_20240428_O2,181.11431201746453,-0.008847217705510358,20.220122222222223
RW_T13_77_Dark_20240613_O2,258.50536867220296,-0.005860168801563199,16.338859649122806
RW_T13_77_Light_20240428_O2,180.30294725430412,0.01532728987993136,20.60077906976744
RW_T13_77_Light_20240613_O2,259.868591452359,0.026286253469010156,16.69380357142857
RW_T13_78_Dark_20240428_O2,230.48652553752532,-0.006036354073305332,20.042944444444444
RW_T13_78_Dark_20240613_O2,225.1001473799457,-0.002706576562971912,16.444701754385964
RW_T13_78_Light_20240428_O2,231.43430677018648,0.0162696273291925,20.323906976744187
RW_T13_78_Light_20240613_O2,224.9312252822582,0.02131181451612894,16.716272727272727
RW_T13_B_Dark_20240428_O2,235.92315689508263,2.3362950340851265e-5,20.25075824175824
RW_T13_B_Light_20240428_O2,235.14106490019486,1.3288704965888608e-5,20.621837209302324
RW_T13_Blank_Dark_20240613_O2,204.51606033163264,-1.554792661745571e-4,16.398701754385964
RW_T13_Blank_Light_20240613_O2,202.5526146376812,3.3454517422139133e-4,16.631927272727275
RW_T14_79_Dark_20240429_O2,242.79922197541393,-0.0060879685978578475,16.377880597014926
RW_T14_79_Dark_20240612_O2,235.43606628745843,-0.0030136109451037447,19.855553846153846
RW_T14_79_Light_20240429_O2,260.68677818085683,0.027108863035430912,16.649186046511627
RW_T14_79_Light_20240612_O2,240.16947310935447,0.018152187088273996,19.95384745762712
RW_T14_80_Dark_20240429_O2,240.78042742231767,-0.00608902091068982,16.468514925373135
RW_T14_80_Dark_20240612_O2,224.77764276444955,-0.005433509775463059,19.885476923076922
RW_T14_80_Light_20240429_O2,255.5937023823138,0.012977434724604475,16.526632183908045
RW_T14_80_Light_20240612_O2,224.17464473389356,0.011577114845938359,19.954389830508475
RW_T14_81_Dark_20240429_O2,245.2107823825247,-0.0050973422529297235,17.994067164179103
RW_T14_81_Dark_20240612_O2,242.60732100398258,-0.00434794665184774,19.972476923076922
RW_T14_81_Light_20240429_O2,256.4963022077924,0.03042790157211203,16.847229885057473
RW_T14_81_Light_20240612_O2,247.78844217638698,0.018734210526315753,19.883169491525425
RW_T14_82_Dark_20240429_O2,239.48012326183786,-0.0048045909517112195,16.499283582089554
RW_T14_82_Dark_20240612_O2,236.08368030919834,-0.004031228289188107,19.978153846153845
RW_T14_82_Light_20240429_O2,248.85468972746335,0.017956297371391698,16.724298850574712
RW_T14_82_Light_20240612_O2,240.31752357142844,0.02790116724738685,19.904762711864407
RW_T14_83_Dark_20240429_O2,186.44749982822466,-0.005686490819559513,16.351619402985076
RW_T14_83_Dark_20240612_O2,239.95271378635647,-0.004691787414066664,19.946861538461537
RW_T14_83_Light_20240429_O2,197.21958440643886,0.018272736418511005,16.734540229885056
RW_T14_83_Light_20240612_O2,240.87038513513517,0.009006045519203377,19.82457627118644
RW_T14_84_Dark_20240429_O2,228.7836053145405,-0.006108101608536391,16.327276119402985
RW_T14_84_Dark_20240612_O2,187.66194035940808,-0.003183770260747008,19.944492307692308
RW_T14_84_Light_20240429_O2,240.36772033313864,0.020652781998831044,16.425523255813953
RW_T14_84_Light_20240612_O2,188.99301360627186,0.011139703832752538,19.86464406779661
RW_T14_B_Dark_20240429_O2,220.72959695576046,1.1181843317971317e-4,16.442216417910448
RW_T14_B_Light_20240429_O2,220.48888987292548,1.6239829302991263e-4,16.54986046511628
RW_T14_Blank_Dark_20240612_O2,195.29056121099944,-3.6167560625488654e-5,20.057584615384616
RW_T14_Blank_Light_20240612_O2,196.13093312692132,-2.633860342555844e-4,19.950338983050848
RW_T15_85_Dark_20240429_O2,252.99530113572433,-0.005282839896858879,16.07043956043956
RW_T15_85_Dark_20240612_O2,241.8489287659064,-0.005857649459783933,19.908245901639344
RW_T15_85_Light_20240429_O2,259.82935943013257,0.017999142368933706,16.381555555555558
RW_T15_85_Light_20240612_O2,250.22538915934322,0.04060297756706749,20.14892857142857
RW_T15_86_Dark_20240429_O2,259.59638858885006,-0.009089441039418954,16.193186813186813
RW_T15_86_Dark_20240612_O2,241.1191962458521,-0.0042681312217194055,19.92609677419355
RW_T15_86_Light_20240429_O2,267.75074739423314,0.02223530865975427,16.651222222222223
RW_T15_86_Light_20240612_O2,242.8753265682954,0.010080462828576041,20.259767857142858
RW_T15_87_Dark_20240429_O2,258.4985398591551,-0.0064568276324614825,16.270076923076925
RW_T15_87_Dark_20240612_O2,233.14109573995762,-0.006950285412262084,19.74517741935484
RW_T15_87_Light_20240429_O2,270.8909473635523,0.03931720629047179,16.54117777777778
RW_T15_87_Light_20240612_O2,241.5621084309006,0.043805345223766244,20.171125
RW_T15_88_Dark_20240429_O2,258.5978959287571,-0.0055117905234383004,16.233043956043957
RW_T15_88_Dark_20240612_O2,226.3145619480519,-0.0037830158730158612,19.83983606557377
RW_T15_88_Light_20240429_O2,206.32612977093143,0.0165148136323729,16.667922222222224
RW_T15_88_Light_20240612_O2,230.25462248697357,0.020794632001736833,20.14526785714286
RW_T15_89_Dark_20240429_O2,200.7140790977443,-0.005051893369788087,16.219208791208793
RW_T15_89_Dark_20240612_O2,233.7802838959277,-0.004839914027149369,19.989612903225808
RW_T15_89_Light_20240429_O2,259.0397543233083,0.02228752957568748,16.726255555555557
RW_T15_89_Light_20240612_O2,236.79386186197513,0.01416169586227732,20.176285714285715
RW_T15_90_Dark_20240429_O2,244.70030354895115,-0.004282569930069967,16.17026373626374
RW_T15_90_Dark_20240612_O2,187.4718433973172,-0.003080215078630874,19.952229508196723
RW_T15_90_Light_20240429_O2,251.62345240271483,0.040352212669683335,16.477411111111113
RW_T15_90_Light_20240612_O2,188.62709912486827,0.0117277125030387,20.10215789473684
RW_T15_B_Dark_20240429_O2,224.29801483072336,-2.075933864022053e-6,16.31345054945055
RW_T15_B_Light_20240429_O2,226.4929421825507,8.647226173627538e-6,16.56062222222222
RW_T15_Blank_Dark_20240612_O2,242.86409823479164,-2.8480861244087205e-5,19.986451612903227
RW_T15_Blank_Light_20240612_O2,243.2281661344539,-1.4596638655470391e-4,20.107285714285716
RW_T17_91_Dark_20240428_O2,230.84763732581962,-0.005440196314875606,20.158918604651163
RW_T17_91_Dark_20240613_O2,251.93087800187618,-0.006529690431519719,16.31769642857143
RW_T17_91_Light_20240428_O2,236.03474661553787,0.022663009517059823,20.461655172413792
RW_T17_91_Light_20240613_O2,265.67079753246753,0.013587805878332186,16.393107142857144
RW_T17_92_Dark_20240428_O2,231.81171962286115,-0.005860880328034807,20.40103448275862
RW_T17_92_Dark_20240613_O2,252.37802283175293,-0.0072093914593629555,16.546482142857144
RW_T17_92_Light_20240428_O2,237.43915292576588,0.026855378166137752,20.862528735632182
RW_T17_92_Light_20240613_O2,266.742600852187,0.016574864253393662,16.748267857142856
RW_T17_93_Dark_20240428_O2,240.4959228858509,-0.0045285591250854166,20.382802325581395
RW_T17_93_Dark_20240613_O2,258.83988036987535,-7.872326203209677e-4,16.469339285714288
RW_T17_93_Light_20240428_O2,247.75798774474382,0.04199264795776605,20.921413793103447
RW_T17_93_Light_20240613_O2,277.0586795349723,0.02115484657899752,16.620982142857144
RW_T17_94_Dark_20240428_O2,187.88031706705965,-0.005415402533303178,20.353471264367816
RW_T17_94_Dark_20240613_O2,259.5654471947822,-0.008092892422926655,16.38898214285714
RW_T17_94_Light_20240428_O2,190.25430444985395,0.01964258033106135,20.613689655172415
RW_T17_94_Light_20240613_O2,277.1680574596774,0.021317540322580698,16.545107142857145
RW_T17_95_Dark_20240428_O2,182.35240521274753,-0.005189334098737098,20.29075581395349
RW_T17_95_Dark_20240613_O2,256.1261440510204,-0.008089357142857145,16.40825
RW_T17_95_Light_20240428_O2,184.67864752056127,0.016700810353168824,20.782977011494253
RW_T17_95_Light_20240613_O2,276.26067478893066,0.028467518761726034,16.735857142857142
RW_T17_96_Dark_20240428_O2,236.33179110183042,-0.006465288978494589,20.277206896551725
RW_T17_96_Dark_20240613_O2,245.16486572039776,-0.005155614014801124,16.38682142857143
RW_T17_96_Light_20240428_O2,238.7435404321582,0.022153417898696515,20.71006896551724
RW_T17_96_Light_20240613_O2,252.36371978488214,0.00918662342596607,16.386375
RW_T17_B_Dark_20240428_O2,226.08924992582158,3.0002713851490383e-4,20.153872093023256
RW_T17_B_Light_20240428_O2,226.06571774805616,9.460539306434418e-5,20.416436781609196
RW_T17_Blank_Dark_20240613_O2,225.99054693657212,1.920647773279731e-4,16.656625000000002
RW_T17_Blank_Light_20240613_O2,230.55471953052734,-3.978376503238246e-4,16.641089285714287
RW_T18_100_Dark_20240429_O2,249.3920378270852,-0.0038951140469738028,16.370977011494254
RW_T18_100_Dark_20240613_O2,243.72870835866271,-0.004421396005210642,16.525672727272728
RW_T18_100_Light_20240429_O2,263.09355304500303,0.026585938047925122,16.653209302325582
RW_T18_100_Light_20240613_O2,247.66333845514944,0.016816029900332253,16.77301754385965
RW_T18_101_Dark_20240429_O2,188.40072056080786,-0.004652726863463926,16.372919540229883
RW_T18_101_Dark_20240613_O2,224.40820810812525,-0.005033697350867172,16.690982142857145
RW_T18_101_Light_20240429_O2,196.15638096690165,0.013917743472460466,16.703116279069768
RW_T18_101_Light_20240613_O2,226.79505264270608,0.015738054968287573,16.96191379310345
RW_T18_102_Dark_20240429_O2,233.1909551724139,-0.004428856624319453,16.2593908045977
RW_T18_102_Dark_20240613_O2,259.29906950046245,-0.0038678353376502697,16.60444642857143
RW_T18_102_Light_20240429_O2,244.4956373688812,0.011792526223776177,16.413906976744187
RW_T18_102_Light_20240613_O2,261.2778111749622,0.016581524886877867,16.995724137931035
RW_T18_97_Dark_20240429_O2,200.65470402414485,-0.0031916163648557884,16.3672183908046
RW_T18_97_Dark_20240613_O2,209.92137359649124,-0.0029204251012145887,16.670535714285716
RW_T18_97_Light_20240429_O2,212.77487195791565,0.016499241166346074,16.50836046511628
RW_T18_97_Light_20240613_O2,214.93051137526987,0.015888809744064102,16.907137931034484
RW_T18_98_Dark_20240429_O2,212.6660904785828,-0.003654941829719738,16.400643678160918
RW_T18_98_Dark_20240613_O2,210.94520028225693,-0.0024884814844826227,22.4295
RW_T18_98_Light_20240429_O2,222.86317634603444,0.008645281940771255,16.512406976744185
RW_T18_98_Light_20240613_O2,257.4541949121183,0.02382204748689495,17.072741379310344
RW_T18_99_Dark_20240429_O2,250.0597330848154,-0.004698631033808876,16.339206896551723
RW_T18_99_Dark_20240613_O2,200.55654143145165,-0.004803528225806486,16.609160714285714
RW_T18_99_Light_20240429_O2,265.78055054469985,0.025951976308595734,16.64870930232558
RW_T18_99_Light_20240613_O2,207.08226089834773,0.028101613962140278,17.08058620689655
RW_T18_B_Dark_20240429_O2,259.70912762553877,6.822923911537469e-5,16.356613636363637
RW_T18_B_Light_20240429_O2,258.75076529803766,-2.7867456497564206e-5,16.469816091954023
RW_T18_Blank_Dark_20240613_O2,256.2806193039087,-1.9273386034258187e-4,16.584714285714284
RW_T18_Blank_Light_20240613_O2,256.8137030251466,-5.775058747270434e-5,16.68660344827586
RW_T19_103_Dark_20240428_O2,235.53171143192472,-0.016000499664654538,20.10953488372093
RW_T19_103_Dark_20240613_O2,253.3152095678271,-0.006021524609843949,16.42001754385965
RW_T19_103_Light_20240428_O2,241.4494126793276,0.017826669043297896,20.178896551724137
RW_T19_103_Light_20240613_O2,265.18464432920086,0.03259508953893521,16.562232142857145
RW_T19_104_Dark_20240428_O2,241.21040678043374,-0.008692350710445383,20.068235294117645
RW_T19_104_Dark_20240613_O2,221.4760111768852,-0.003912163495419336,16.551473684210528
RW_T19_104_Light_20240428_O2,243.64858365150712,0.008441467477525118,20.282372093023255
RW_T19_104_Light_20240613_O2,227.82855042135972,0.013855704562028982,16.49805357142857
RW_T19_105_Dark_20240428_O2,239.87218497001098,-0.00976947945205476,20.105662790697675
RW_T19_105_Dark_20240613_O2,258.3611300757576,-0.004590898268398324,16.482087719298246
RW_T19_105_Light_20240428_O2,241.86464311427204,0.021566748221906164,20.283755813953487
RW_T19_105_Light_20240613_O2,266.17449884013575,0.028007123317649582,16.42543859649123
RW_T19_106_Dark_20240428_O2,225.61842666908564,-0.008099383164005804,20.03369411764706
RW_T19_106_Dark_20240613_O2,201.3249532845061,-0.0032731274539413613,16.45063157894737
RW_T19_106_Light_20240428_O2,230.8249487058822,0.031988773109243744,19.974383720930234
RW_T19_106_Light_20240613_O2,206.04510576109942,0.018850898520084543,16.55194642857143
RW_T19_107_Dark_20240428_O2,191.11645289181132,-0.005819170954831386,20.147023255813952
RW_T19_107_Dark_20240613_O2,248.40649216251848,-0.005939833419756334,16.494263157894736
RW_T19_107_Light_20240428_O2,189.27508789285713,0.004753331632653065,20.12686046511628
RW_T19_107_Light_20240613_O2,254.84355238970588,0.018926554144384974,16.589157894736843
RW_T19_108_Dark_20240428_O2,204.21105830827074,-0.007050071770334974,20.182305882352942
RW_T19_108_Dark_20240613_O2,257.17492579058705,-0.00330083024854576,16.562319327731092
RW_T19_108_Light_20240428_O2,200.81502115926722,0.008106747709654635,20.20561627906977
RW_T19_108_Light_20240613_O2,256.22943107470053,0.013568291050035212,16.381785714285716
RW_T19_B_Dark_20240428_O2,234.04816871723713,5.19534381745302e-4,19.934976744186045
RW_T19_B_Light_20240428_O2,238.02238917843235,8.221884128529566e-5,19.933616279069767
RW_T19_Blank_Dark_20240613_O2,246.0806611767157,-1.4478327313141638e-4,16.807731092436974
RW_T19_Blank_Light_20240613_O2,246.83843611471838,-1.0682178932170366e-4,16.33475
RW_T2_07_Dark_20240613_O2,262.51841157793797,-0.006883959970828906,16.140684210526317
RW_T2_07_Light_20240613_O2,267.19718869565224,0.012643188405797066,16.213877192982455
RW_T2_08_Dark_20240613_O2,226.16428952815184,-0.005964698219713488,16.166678571428573
RW_T2_08_Light_20240613_O2,228.3219868730786,0.00807856389986823,16.310543859649123
RW_T2_09_Dark_20240613_O2,262.36208599396673,-0.0043146515837103674,16.059375
RW_T2_09_Light_20240613_O2,265.1685191869095,0.01691752024291501,16.329929824561404
RW_T2_10_Dark_20240428_O2,222.39925988816745,-0.00394567460317464,19.889333333333333
RW_T2_10_Dark_20240613_O2,256.2847985464867,-0.005223757790489145,15.997053571428571
RW_T2_10_Light_20240428_O2,236.9729948476055,0.010420246734397577,20.423136363636363
RW_T2_10_Light_20240613_O2,263.6617821294558,0.03293513133208262,16.116175438596493
RW_T2_11_Dark_20240428_O2,186.84528424718735,-0.0038174818852033856,20.050329545454545
RW_T2_11_Dark_20240613_O2,264.9893511736818,-0.0031149340888067287,16.13842857142857
RW_T2_11_Light_20240428_O2,197.04785341287467,0.008094124050200604,20.449375
RW_T2_11_Light_20240613_O2,266.5535242751434,0.005564972817879886,16.34577192982456
RW_T2_12_Dark_20240428_O2,242.3393286319929,-0.004221901223776181,20.06390909090909
RW_T2_12_Dark_20240613_O2,212.05364463768117,-0.004740043169904431,16.167052631578947
RW_T2_12_Light_20240428_O2,251.6990040818685,0.017618489824236874,20.486125
RW_T2_12_Light_20240613_O2,214.03738865384605,0.021492115384615477,16.306473684210527
RW_T2_7_Dark_20240428_O2,232.07860271710823,-0.003815626072041185,20.100613636363637
RW_T2_7_Light_20240428_O2,255.52143375030028,0.018312900360143974,20.64544318181818
RW_T2_8_Dark_20240428_O2,201.30548505467584,-0.004357944186860274,20.092931818181818
RW_T2_8_Light_20240428_O2,210.98908430015072,0.00988734389140275,20.472488636363636
RW_T2_9_Dark_20240428_O2,237.88144217124503,-0.005413123904149679,20.0025
RW_T2_9_Light_20240428_O2,266.3916409747918,0.03508462650323777,20.639863636363636
RW_T2_B_Dark_20240428_O2,188.66774963348885,-5.511703486387304e-5,19.992306818181817
RW_T2_B_Light_20240428_O2,189.08846749926533,-3.5789009697324105e-4,20.507329545454546
RW_T2_Blank_Dark_20240613_O2,247.81690361730514,-7.342862588147791e-5,16.133482142857144
RW_T2_Blank_Light_20240613_O2,248.57045101357454,-8.449773755648321e-5,16.175140350877193
RW_T3_13_Dark_20240429_O2,220.6682015618593,-0.0046610970608339354,16.59877011494253
RW_T3_13_Dark_20240612_O2,232.23003345701343,-0.005027846153846074,20.231070175438596
RW_T3_13_Light_20240429_O2,227.60118202160498,0.013830324074074061,16.613955056179776
RW_T3_13_Light_20240612_O2,259.8576191304347,0.038505568917668896,20.209357142857144
RW_T3_14_Dark_20240429_O2,199.17074396825404,-0.004758975468975509,16.59713793103448
RW_T3_14_Dark_20240612_O2,234.1222544155844,-0.004660476190476176,20.180473684210526
RW_T3_14_Light_20240429_O2,204.1814034062928,0.009574744967754543,16.68850561797753
RW_T3_14_Light_20240612_O2,253.25007706646286,0.01732125286478235,20.064678571428573
RW_T3_15_Dark_20240429_O2,241.32340723749923,-0.0060296151217203615,16.442793103448277
RW_T3_15_Dark_20240612_O2,240.41101679614843,-0.003481836087099265,20.08201754385965
RW_T3_15_Light_20240429_O2,245.5254293562706,0.008628528131136435,16.452636363636366
RW_T3_15_Light_20240612_O2,256.40194025,0.015636892857142846,19.990589285714286
RW_T3_16_Dark_20240429_O2,251.89249644116316,-0.0034542021520146994,16.545
RW_T3_16_Dark_20240612_O2,234.1373839247962,-0.002919865599516809,20.178315789473682
RW_T3_16_Light_20240429_O2,259.5178590394983,0.01837355543834976,16.766224719101125
RW_T3_16_Light_20240612_O2,249.62251542493146,0.02230928076116753,20.052678571428572
RW_T3_17_Dark_20240429_O2,259.21511911569297,-0.004039772327535702,16.50522988505747
RW_T3_17_Dark_20240612_O2,228.76440379870127,-0.006005302460697181,19.927280701754388
RW_T3_17_Light_20240429_O2,264.678507867974,0.013782428738062272,16.720067415730338
RW_T3_17_Light_20240612_O2,249.61790199468086,0.04354701086956521,20.07
RW_T3_18_Dark_20240429_O2,248.28955860315608,-0.0038991057860900138,16.46812643678161
RW_T3_18_Dark_20240612_O2,222.59573886724388,-0.00430380230880231,19.93438596491228
RW_T3_18_Light_20240429_O2,253.38321315005985,0.0062385666266507244,16.569752808988763
RW_T3_18_Light_20240612_O2,239.8068305909944,0.028987514071294553,20.002517857142855
RW_T3_B_Dark_20240429_O2,208.57846416746403,-3.157689678740091e-5,16.290781609195403
RW_T3_B_Light_20240429_O2,209.97061233785314,-3.738927836782689e-4,16.557988764044943
RW_T3_Blank_Dark_20240612_O2,189.20889566720754,2.062238538369568e-5,20.073543859649124
RW_T3_Blank_Light_20240612_O2,195.3476972735895,-2.4397818871511003e-4,20.002053571428572
RW_T4_19_Dark_20240428_O2,185.03983639166097,-0.0034612720437457336,20.01475268817204
RW_T4_19_Dark_20240612_O2,236.62263791182505,-0.007904794941900233,20.200237288135593
RW_T4_19_Light_20240428_O2,208.85699325942667,0.007425895927601872,20.616011235955057
RW_T4_19_Light_20240612_O2,245.8583244472789,0.025624025727312198,20.167732142857144
RW_T4_20_Dark_20240428_O2,231.36834799504803,-0.005559584217634619,19.866870967741935
RW_T4_20_Dark_20240612_O2,239.26621109584212,-0.008561483439041548,20.224254237288136
RW_T4_20_Light_20240428_O2,269.69472682057295,0.011422799532437126,20.44639772727273
RW_T4_20_Light_20240612_O2,249.43735267507006,0.039817913165266144,20.160105263157895
RW_T4_21_Dark_20240428_O2,225.82222281187117,-0.002622543594902735,19.91025806451613
RW_T4_21_Dark_20240612_O2,234.31240553996966,-0.004927289592760117,19.952677966101696
RW_T4_21_Light_20240428_O2,259.03331765972484,0.011159715771017339,20.28796590909091
RW_T4_21_Light_20240612_O2,242.16308985900656,0.03446431002349892,20.173333333333332
RW_T4_22_Dark_20240428_O2,232.72125128161318,-0.007176672012198353,20.029698924731182
RW_T4_22_Dark_20240612_O2,234.58853186694898,-0.003913941055145488,20.176898305084745
RW_T4_22_Light_20240428_O2,253.18939998843655,0.02889464616096213,20.652431818181817
RW_T4_22_Light_20240612_O2,240.33812484766213,0.0117309592760181,20.18861403508772
RW_T4_23_Dark_20240428_O2,242.1757683846498,-0.005365668092423928,19.962305263157894
RW_T4_23_Dark_20240612_O2,206.01718904409552,-0.00513241467834492,20.1118813559322
RW_T4_23_Light_20240428_O2,277.11716879007446,0.013978860342556054,20.448079545454547
RW_T4_23_Light_20240612_O2,211.51304570948386,0.028887975990396088,20.331089285714285
RW_T4_24_Dark_20240428_O2,192.1080317692856,-0.0022826787136913792,20.02004347826087
RW_T4_24_Dark_20240612_O2,224.7991802775208,-0.002558754239901341,19.94806896551724
RW_T4_24_Light_20240428_O2,206.85575864793674,0.010318612818261647,20.523056818181818
RW_T4_24_Light_20240612_O2,229.1030168951613,0.01940568548387097,20.1095
RW_T4_B_Dark_20240428_O2,243.944273502236,-6.468152101058984e-5,19.984739130434782
RW_T4_B_Light_20240428_O2,250.34520173304102,-0.0011937924735111562,20.53234090909091
RW_T4_Blank_Dark_20240612_O2,242.50617076109938,1.5038054968288236e-4,20.168101694915254
RW_T4_Blank_Light_20240612_O2,242.64215920718829,1.4523255813947254e-4,20.25940350877193
RW_T5_25_Dark_20240428_O2,242.11956668247512,-0.005286646341463398,19.98743820224719
RW_T5_25_Dark_20240613_O2,252.51801353707543,-0.0063765134819808,16.174105263157895
RW_T5_25_Light_20240428_O2,239.89613179347808,0.012831666281221172,19.662441860465115
RW_T5_25_Light_20240613_O2,263.56532440336144,0.0482705546218487,16.259793103448278
RW_T5_26_Dark_20240428_O2,228.96281465670924,-0.001841788051209068,22.11194382022472
RW_T5_26_Dark_20240613_O2,253.46388413941776,-0.004740367540339807,16.35317543859649
RW_T5_26_Light_20240428_O2,248.28092946132804,0.01606075897786426,19.757162790697674
RW_T5_26_Light_20240613_O2,258.3880383533765,0.021483077397471503,16.52196551724138
RW_T5_27_Dark_20240428_O2,205.5967840136448,-0.0038182412118409046,19.987258426966292
RW_T5_27_Dark_20240613_O2,259.3641636280202,-0.0027158349696918506,16.255964912280703
RW_T5_27_Light_20240428_O2,218.7641094777359,0.014260691103140601,19.899697674418604
RW_T5_27_Light_20240613_O2,262.2013108652976,0.01421903503473266,16.40708620689655
RW_T5_28_Dark_20240428_O2,242.8641327532377,-0.004814876271970373,19.96650561797753
RW_T5_28_Dark_20240613_O2,260.72447933854903,-0.005132728781412891,16.282771929824563
RW_T5_28_Light_20240428_O2,260.0463040117592,0.021540854816825043,20.07986046511628
RW_T5_28_Light_20240613_O2,266.8156528495801,0.04013960375982491,16.462344827586207
RW_T5_29_Dark_20240428_O2,242.24523220257942,-0.006486460261631518,19.882101123595504
RW_T5_29_Dark_20240613_O2,209.13562349489794,-0.003128086734693857,16.364
RW_T5_29_Light_20240428_O2,256.7090799624716,0.018790104278815258,20.00495348837209
RW_T5_29_Light_20240613_O2,210.55523265182183,0.010947914979757131,16.36248275862069
RW_T5_30_Dark_20240428_O2,191.7516574404453,-0.003569030614651648,19.950651685393257
RW_T5_30_Dark_20240613_O2,243.22685622598814,-0.005462987705967679,16.207859649122806
RW_T5_30_Light_20240428_O2,201.86417541613153,0.011679510714915277,19.887197674418605
RW_T5_30_Light_20240613_O2,245.6348908190602,0.022335750988142288,16.226842105263156
RW_T5_B_Dark_20240428_O2,239.86182710303387,9.418548142152094e-5,20.026494382022474
RW_T5_B_Light_20240428_O2,241.37264049634575,2.678374257322902e-5,19.953058139534885
RW_T5_Blank_Dark_20240613_O2,261.9369863484163,7.678733031656993e-6,16.368491228070177
RW_T5_Blank_Light_20240613_O2,262.563879596939,3.3872448979489224e-5,16.31948275862069
RW_T6_31_Dark_20240429_O2,246.11125585585594,-0.008247710724423069,16.508459770114943
RW_T6_31_Dark_20240613_O2,261.02346822547605,-0.004935996328865398,16.199813559322035
RW_T6_31_Light_20240429_O2,253.88246886150242,0.014748106975184442,16.307290697674418
RW_T6_31_Light_20240613_O2,262.97622419991416,0.008420501930502004,16.28455172413793
RW_T6_32_Dark_20240429_O2,218.7455440140026,-0.004185608695102294,16.704151162790698
RW_T6_32_Dark_20240613_O2,203.77514958473034,-0.003901191977606156,16.16613559322034
RW_T6_32_Light_20240429_O2,222.9532620841104,0.010057073606019677,16.446523255813954
RW_T6_32_Light_20240613_O2,206.36056085199826,0.009335678524374148,16.412689655172414
RW_T6_33_Dark_20240429_O2,255.53808940836745,-0.004579108478341404,16.70389655172414
RW_T6_33_Dark_20240613_O2,225.04140833163297,-0.003740066326530769,16.22640677966102
RW_T6_33_Light_20240429_O2,260.4776694864862,0.01442348648648657,16.450337209302326
RW_T6_33_Light_20240613_O2,228.38063926218715,0.017679578392621822,16.357344827586207
RW_T6_34_Dark_20240429_O2,258.4333795901838,-0.0050630270369016635,16.70017441860465
RW_T6_34_Dark_20240613_O2,260.7614621266005,-0.001831970128022892,16.201254237288136
RW_T6_34_Light_20240429_O2,263.240654155868,0.020961912254720542,16.643244186046513
RW_T6_34_Light_20240613_O2,262.41940514455786,0.01309818443334778,16.40893103448276
RW_T6_35_Dark_20240429_O2,204.2762290062324,-0.0040512325681846635,16.724264367816094
RW_T6_35_Dark_20240613_O2,256.15886045013764,-0.00404616804168483,16.028779661016948
RW_T6_35_Light_20240429_O2,207.6839688648558,0.006863730717639156,16.436302325581394
RW_T6_35_Light_20240613_O2,256.3349716851686,0.012886403046754749,16.183844827586206
RW_T6_36_Dark_20240429_O2,250.3177841572252,-0.004239877123670851,16.737632183908048
RW_T6_36_Dark_20240613_O2,263.0997263234549,-0.0061122150455927065,16.18435593220339
RW_T6_36_Light_20240429_O2,257.84118307058077,0.028177715005534957,16.676081395348838
RW_T6_36_Light_20240613_O2,265.9235920013132,0.0484824050771418,16.458379310344828
RW_T6_B_Dark_20240429_O2,259.5863388552376,-2.2348985829398742e-4,16.667229885057473
RW_T6_B_Light_20240429_O2,259.79638933664535,-5.876972530690302e-5,16.547
RW_T6_Blank_Dark_20240613_O2,247.41968230116507,-1.299962006078762e-4,16.112322033898305
RW_T6_Blank_Light_20240613_O2,244.6756806985293,2.4443516042784867e-4,16.20403448275862
RW_T7_37_Dark_20240429_O2,241.51250732765635,-0.008323040355423895,16.51731460674157
RW_T7_37_Dark_20240612_O2,208.9146751040724,-0.0038329321266968395,19.871267857142858
RW_T7_37_Light_20240429_O2,242.65281546456825,0.019037497415134795,16.48518390804598
RW_T7_37_Light_20240612_O2,217.69248248854905,0.01660704563131963,20.352561403508773
RW_T7_38_Dark_20240429_O2,257.3002567717677,-0.00860104782990416,16.734573033707864
RW_T7_38_Dark_20240612_O2,192.97407311463047,-0.002938122171945695,19.824839285714287
RW_T7_38_Light_20240429_O2,258.59602548577965,0.014226848132870087,16.733655172413794
RW_T7_38_Light_20240612_O2,198.1597660326087,0.007490327243293237,20.244087719298246
RW_T7_39_Dark_20240429_O2,205.91215273223423,-0.0030494500903342266,16.616955056179776
RW_T7_39_Dark_20240612_O2,186.3765941206637,-0.003444497737556596,19.859482142857143
RW_T7_39_Light_20240429_O2,200.93499890122737,0.011795838690824066,16.624908045977012
RW_T7_39_Light_20240612_O2,197.08295238866398,0.016942348178137643,20.17494736842105
RW_T7_40_Dark_20240429_O2,219.60889684181424,-0.003885402238098702,16.61403370786517
RW_T7_40_Dark_20240612_O2,228.16027411636648,-0.0028050648851703232,19.721535714285714
RW_T7_40_Light_20240429_O2,211.64607385354134,0.017500648259303746,16.68071264367816
RW_T7_40_Light_20240612_O2,232.8749467450979,0.014786588235294208,20.07022807017544
RW_T7_41_Dark_20240429_O2,249.33764202531634,-0.005767341772151869,16.669044943820225
RW_T7_41_Dark_20240612_O2,233.84816070391875,-0.0038951015965166843,19.876517857142858
RW_T7_41_Light_20240429_O2,253.51497550580993,0.017432252221462757,16.794735632183908
RW_T7_41_Light_20240612_O2,244.66808040816326,0.014919591836734691,20.12538596491228
RW_T7_42_Dark_20240429_O2,196.13698666840605,-0.004093901471662584,16.618955056179775
RW_T7_42_Dark_20240612_O2,238.21270923409352,-0.004134972388955536,19.836857142857145
RW_T7_42_Light_20240429_O2,200.50315258115026,0.017100273457885385,16.76834482758621
RW_T7_42_Light_20240612_O2,250.0437934898243,0.023021958834412534,20.100631578947368
RW_T7_B_Dark_20240429_O2,257.4503488670866,4.7786375416504766e-4,16.57856179775281
RW_T7_B_Light_20240429_O2,262.259800063291,-1.3058368495071378e-4,16.65873563218391
RW_T7_Blank_Dark_20240612_O2,250.076752793458,7.865827181926902e-5,19.797214285714286
RW_T7_Blank_Light_20240612_O2,249.65406121403572,-7.722189020747281e-5,20.064561403508772
RW_T8_43_Dark_20240429_O2,242.98593519434897,-0.00540394684332345,16.826202247191013
RW_T8_43_Dark_20240612_O2,234.75434554232208,-0.0046049086493988,20.02719642857143
RW_T8_43_Light_20240429_O2,272.1385576125075,0.011323743424897654,16.712516853932584
RW_T8_43_Light_20240612_O2,253.03777791739031,0.013653205058619205,20.47726666666667
RW_T8_44_Dark_20240429_O2,246.77796944852574,-0.0037854931922812946,16.784797752808988
RW_T8_44_Dark_20240612_O2,224.4337912696577,-0.004588448196114693,19.898035714285715
RW_T8_44_Light_20240429_O2,275.5157444310825,0.005566577243293181,16.574662921348313
RW_T8_44_Light_20240430_O2,258.9847374933896,0.010613819848404758,16.408772727272726
RW_T8_44_Light_20240612_O2,243.93820339021445,0.018450188764723676,20.565416666666668
RW_T8_45_Dark_20240429_O2,232.17514179536772,-0.003936540402849178,16.65894382022472
RW_T8_45_Dark_20240612_O2,185.219980574913,-0.0041216898954704526,20.017285714285713
RW_T8_45_Light_20240429_O2,248.50437590194258,0.01751864014801113,16.39014606741573
RW_T8_45_Light_20240612_O2,202.0700694926004,0.015199429175475706,20.4574
RW_T8_46_Dark_20240429_O2,246.19761927710837,-0.004359884135846504,16.782573033707866
RW_T8_46_Dark_20240612_O2,190.29047834555212,-0.003034205055257749,20.050821428571428
RW_T8_46_Light_20240429_O2,263.40642835990036,0.030807116416106353,16.72303370786517
RW_T8_46_Light_20240612_O2,203.43849952639522,0.01361130316742081,20.6489
RW_T8_47_Dark_20240429_O2,204.92868689685332,-0.0045194143356643976,16.765943181818184
RW_T8_47_Dark_20240612_O2,242.93516184083208,-0.003149987905176566,19.985178571428573
RW_T8_47_Light_20240429_O2,223.10473632191471,0.02145370882740452,16.644370786516852
RW_T8_47_Light_20240612_O2,252.61489867864688,0.003487609483539751,20.463616666666667
RW_T8_48_Dark_20240429_O2,194.3979985459184,-0.0018597704081632783,16.76061797752809
RW_T8_48_Dark_20240612_O2,243.73584813739728,-0.005600274149330809,19.932910714285715
RW_T8_48_Light_20240429_O2,202.87408425210077,0.01845913325330134,16.714460674157305
RW_T8_48_Light_20240612_O2,257.9348428541227,0.039430366455250165,20.589083333333335
RW_T8_B_Dark_20240429_O2,252.8241483236383,-7.598096245374043e-5,16.578898876404494
RW_T8_B_Light_20240429_O2,253.2926041674641,-1.7277511961739344e-5,16.369280898876404
RW_T8_B_Light_20240430_O2,251.5201297989512,-2.7158216783220736e-4,16.510931818181817
RW_T8_Blank_Dark_20240612_O2,243.3474929480065,-6.74805771365219e-5,20.059982142857145
RW_T8_Blank_Light_20240612_O2,249.86911260204076,-1.074999999999829e-4,20.5394
RW_T9_49_Dark_20240428_O2,225.8216989528475,-0.006013518502318252,20.40774712643678
RW_T9_49_Dark_20240612_O2,240.94173572829132,-0.008771022408963595,20.17144642857143
RW_T9_49_Light_20240428_O2,237.66111656985387,0.009863921791619292,20.574704545454544
RW_T9_49_Light_20240612_O2,257.8324938850174,0.01701308362369338,21.087298245614036
RW_T9_50_Dark_20240428_O2,220.02641321202532,-0.005310270159399903,20.224356321839082
RW_T9_50_Dark_20240612_O2,240.4639025935375,-0.010729757381676114,20.048892857142857
RW_T9_50_Light_20240428_O2,229.8471674774773,0.011504594594594667,20.280829545454544
RW_T9_50_Light_20240612_O2,251.00901390195867,0.0061854633986212415,20.94005357142857
RW_T9_51_Dark_20240428_O2,233.9406630987762,-0.004366770104895095,20.36709195402299
RW_T9_51_Dark_20240612_O2,208.88232666112964,-0.005889028994261583,20.226375
RW_T9_51_Light_20240428_O2,239.50897274256985,0.023354967220279743,20.357443181818184
RW_T9_51_Light_20240612_O2,220.65915560940294,0.01822217580213893,21.03267272727273
RW_T9_52_Dark_20240428_O2,177.84537514142573,-0.005331513411961164,20.317540229885058
RW_T9_52_Dark_20240612_O2,246.81489163348408,-0.00633878280542982,20.07317857142857
RW_T9_52_Light_20240428_O2,181.56636830481025,0.00952161193339502,20.543772727272728
RW_T9_52_Light_20240612_O2,240.33722835102313,0.018315034467666014,21.115527272727274
RW_T9_53_Dark_20240428_O2,231.76314494447396,-0.007776567953463822,20.33283908045977
RW_T9_53_Dark_20240612_O2,195.125692294197,-0.003515506072874511,20.174214285714285
RW_T9_53_Light_20240428_O2,238.97939638559802,0.014599510983586283,20.48968181818182
RW_T9_53_Light_20240612_O2,203.15702673210086,0.005182212692967412,21.772142857142857
RW_T9_54_Dark_20240428_O2,229.5425243203672,-0.006418026660839171,20.32083908045977
RW_T9_54_Dark_20240612_O2,235.50407151437147,-0.0074805662805662344,19.998160714285714
RW_T9_54_Light_20240428_O2,236.35950590676308,0.036087885659632175,20.310340909090908
RW_T9_54_Light_20240612_O2,249.9770525186075,0.02167242737094833,20.784339285714285
RW_T9_B_Dark_20240428_O2,204.9124133131137,1.855375528773013e-4,20.36803448275862
RW_T9_B_Light_20240428_O2,204.47186744839374,-2.165208475736519e-5,20.381715909090907
RW_T9_Blank_Dark_20240612_O2,242.79359818534178,-1.0910852713178775e-4,20.136928571428573
RW_T9_Blank_Light_20240612_O2,249.6457707224642,-9.35857119819427e-4,20.774339285714287
TEG_T1_26_20240615_O2,256.718569913817,-0.0026552997868594143,15.928350282485876
TEG_T1_41_20240615_O2,254.29939136618162,-0.002852060470324792,15.911125
TEG_T1_42_20240615_O2,257.22363513369277,7.714903074454408e-5,15.929607954545455
TEG_T1_56_20240430_O2,220.96436969018433,-0.003991991650680047,19.90749431818182
TEG_T1_64_20240430_O2,181.22210252196095,-0.0037549261115655927,20.032375
TEG_T1_69_20240430_O2,236.95595751109255,-0.0029263201247638642,20.04764772727273
TEG_T1_B_20240430_O2,237.2087339209142,-2.6806203518955175e-4,19.884670454545454
TEG_T1_Blank_20240615_O2,245.3288405029736,-8.664735438883009e-5,15.823068181818181
TEG_T10_01_20240614_O2,238.35343662518568,-0.0066049149809809206,20.100272727272728
TEG_T10_28_20240430_O2,250.42124355777898,-0.003474334790304491,16.24533870967742
TEG_T10_47_20240430_O2,236.0342152000651,-0.004061404028326359,16.113311827956988
TEG_T10_48_20240614_O2,237.477829795776,-0.0038887548182043965,20.06397727272727
TEG_T10_51_20240430_O2,216.13992867004865,-0.0031571713374345055,16.295575268817203
TEG_T10_65_20240614_O2,189.98335284123357,-0.0035284551684751585,20.099079545454547
TEG_T10_B_2024030_O2,253.68427864286448,-3.086195825059494e-4,16.07768817204301
TEG_T10_Blank_20240614_O2,238.65976430959694,-3.5502608408538653e-4,19.939147727272726
TEG_T11_09_20240615_O2,226.60377873093674,-0.0015308006535947579,15.941477272727273
TEG_T11_22_20240615_O2,262.1676312581668,-0.0030012575658292504,15.886
TEG_T11_24_20240615_O2,260.26106631593507,-0.003470282701163754,15.851732954545454
TEG_T11_40_20240430_O2,238.15448660254063,-0.00506572362192302,20.121782857142858
TEG_T11_48_20240430_O2,230.70375978117517,-0.004106769941421317,20.169954285714287
TEG_T11_55_20240430_O2,192.77591920182218,-0.00338785573792729,20.14282857142857
TEG_T11_B_20240430_O2,243.682166727749,-5.478453755151426e-4,20.087925714285713
TEG_T11_Blank_20240615_O2,259.6414481105877,-3.085928712036058e-4,15.704897727272726
TEG_T12_01_20240430_O2,201.47193972829584,-0.004204405138807115,16.291370967741937
TEG_T12_11_20240614_O2,240.34934338297728,-0.004553926859008452,20.143666666666668
TEG_T12_14_20240614_O2,205.91283890747482,-0.0036078324468085056,20.18857627118644
TEG_T12_28_20240614_O2,233.32721937711665,-0.0038835937176031625,20.107214689265536
TEG_T12_60_20240430_O2,247.77412187290892,-0.0020096033325315375,16.380983870967743
TEG_T12_75_20240430_O2,250.5732306270379,-0.003969797973917124,16.285967741935483
TEG_T12_B_20240430_O2,201.57417717027755,-2.3749939892607537e-4,16.26494623655914
TEG_T12_Blank_20240614_O2,227.83654828120112,-1.543493900531635e-4,20.012412429378532
TEG_T13_03_20240430_O2,224.18642081382816,-0.003542605328213779,20.143397727272728
TEG_T13_15_20240430_O2,237.08590228934182,-0.0030178396352369256,20.29653977272727
TEG_T13_40_20240615_O2,253.40997889055467,-0.0023617991004497726,15.830323863636364
TEG_T13_56_20240615_O2,240.04205643516804,-0.0025206858379715606,15.71525
TEG_T13_59_20240430_O2,229.7351247312576,-0.0037913979241961083,20.12563068181818
TEG_T13_68_20240615_O2,250.35474198004238,-0.003533405239178196,15.697011363636364
TEG_T13_B_20240430_O2,206.84249391005565,-2.682798034468109e-4,20.31444318181818
TEG_T13_Blank_20240615_O2,261.79283450728815,-6.583186822778941e-5,15.79109659090909
TEG_T14_10_20240430_O2,251.084305453207,-0.003570640511677402,16.225754716981132
TEG_T14_17_20240614_O2,233.55544861186345,-0.003979969590268883,20.220988700564973
TEG_T14_50_20240614_O2,241.83870093587515,-0.0046926636095251315,20.16925988700565
TEG_T14_63_20240614_O2,232.96132834442864,-0.004265159258520998,20.009463276836158
TEG_T14_66_20240430_O2,248.31078026892948,-0.004925349020878498,16.276132075471697
TEG_T14_72_20240430_O2,244.08894955872293,-0.0032445475319314203,16.114459119496857
TEG_T14_B_20240430_O2,257.17459210463977,-1.1783438696243663e-4,16.251477987421385
TEG_T14_Blank_20240614_O2,195.85374664167907,-3.6633183408294725e-4,20.17309659090909
TEG_T15_09_20240430_O2,241.31446514937005,-0.006215806462538962,16.097502824858758
TEG_T15_13_20240614_O2,237.65957363764073,-0.004565809404184205,20.056892045454546
TEG_T15_32_20240430_O2,255.76500432144715,-0.0035297459276966026,16.277033898305085
TEG_T15_35_20240614_O2,225.86509370091366,-0.004824825720889302,19.955147727272728
TEG_T15_66_20240614_O2,233.50496734243396,-0.005381432115226163,20.138670454545455
TEG_T15_74_20240430_O2,245.40519127936693,-0.003301340653728325,16.340728813559323
TEG_T15_B_20240430_O2,202.50802999762212,-2.622043043163819e-4,16.260147727272727
TEG_T15_Blank_20240614_O2,211.00921810424165,-2.971116049602202e-4,20.131982954545453
TEG_T17_15_20240615_O2,210.55237671097115,-0.002379260771517372,15.831170454545454
TEG_T17_22_20240430_O2,236.3085342883955,-0.006471411491230599,20.279580952380954
TEG_T17_34_20240615_O2,227.31952284934442,-0.0023046123092299847,15.897210227272728
TEG_T17_35_20240430_O2,227.56589200573436,-7.029739946674564e-4,20.14747142857143
TEG_T17_44_20240615_O2,251.52696941866537,-0.0049480276674428135,15.898414772727273
TEG_T17_77_20240430_O2,190.04780825641444,-0.004664877381989034,20.342238095238095
TEG_T17_B_20240430_O2,186.2971489412475,-3.50961449355977e-4,20.29632857142857
TEG_T17_Blank_20240615_O2,266.46240248826285,-2.3655079412645871e-4,15.864318181818183
TEG_T18_08_20240430_O2,191.38938477898103,-0.0018564514689991928,16.365581920903956
TEG_T18_11_20240430_O2,211.08226721683016,-0.002415475946467332,16.29094915254237
TEG_T18_31_20240615_O2,252.57486849293923,-0.00225350782449164,15.6458
TEG_T18_36_20240615_O2,258.6076379773659,-0.002665746543532777,15.85930857142857
TEG_T18_37_20240430_O2,240.44686290623176,-0.002337687827606286,16.186694915254236
TEG_T18_38_20240615_O2,257.73355558325636,-0.0024403971778283826,15.868405714285714
TEG_T18_B_20240430_O2,207.3702123573422,-2.6267722394078514e-4,16.267661016949152
TEG_T18_Blank_20240615_O2,259.9168890448928,-1.660020991364839e-4,15.809434285714286
TEG_T19_05_20240430_O2,228.8266501485168,-0.004510876863048398,20.07989265536723
TEG_T19_17_20240430_O2,234.80166859080163,-0.003719008040650907,19.99812429378531
TEG_T19_18_20240430_O2,220.90307668489964,-0.006275581003742003,19.89585310734463
TEG_T19_57_20240615_O2,241.27654627913577,-0.004199769344484734,15.745234285714286
TEG_T19_67_20240615_O2,250.49400786507914,-0.005120375399122673,16.020034285714285
TEG_T19_B_20240430_O2,193.63352383534527,-1.8140216535070993e-4,20.055084745762713
TEG_T19_Blank_20240615_O2,225.66805586024483,-1.0166802076421656e-4,15.997554285714285
TEG_T2_26_20240430_O2,233.51162111740075,-0.0055945893106295625,20.020375
TEG_T2_27_20240430_O2,203.22915229209795,-0.005100762434606686,20.090090909090907
TEG_T2_51_20240615_O2,256.12534754550495,-0.00432217319360179,15.769625
TEG_T2_60_20240615_O2,260.88938450669957,-0.002459946815089678,15.909323863636363
TEG_T2_64_20240615_O2,213.57421045420222,-0.003919183761540002,15.905863636363636
TEG_T2_67_20240430_O2,186.4048054095461,-0.004548995628871402,20.051045454545456
TEG_T2_B_20240430_O2,234.62705029520447,-2.632098576457798e-4,20.095011363636363
TEG_T2_Blank_20240615_O2,255.4066863317812,-3.260619426729975e-4,15.964318181818182
TEG_T3_02_20240430_O2,202.39005268457277,-0.002733096393897371,16.07517877094972
TEG_T3_49_20240614_O2,235.09614393806703,-0.006491504982349535,19.22423595505618
TEG_T3_52_20240614_O2,224.83544443181825,-0.002213280537030547,19.135219101123596
TEG_T3_59_20240614_O2,233.68334736786858,-0.003021759419212338,19.124449438202248
TEG_T3_61_20240430_O2,245.34065599697402,-0.0036329678292721787,16.149067039106146
TEG_T3_71_20240430_O2,196.20848023769824,-0.00201958530256698,16.08473184357542
TEG_T3_B_20240430_O2,261.3983470993459,-3.4463048734452786e-4,16.075826815642458
TEG_T3_Blank_20240614_O2,210.49523767133846,1.508233630570029e-5,19.313483146067416
TEG_T4_02_20240614_O2,231.15142977591304,-0.004298145331380659,19.346865168539324
TEG_T4_19_20240430_O2,226.71388101725563,-0.005631259503577832,19.863898305084746
TEG_T4_20_20240430_O2,198.70346482533702,-0.005113613986641822,20.05175141242938
TEG_T4_23_20240614_O2,241.64694675245318,-0.00419739148867192,19.25878651685393
TEG_T4_62_20240430_O2,234.70707539858387,-0.005593129504327316,20.03426966292135
TEG_T4_69_20240614_O2,238.9425780187599,-0.004646171763507698,19.326129213483146
TEG_T4_B_20240430_O2,186.981149543407,-3.46220603720601e-4,19.994463276836157
TEG_T4_Blank_20240614_O2,197.41724516033332,-3.3296942751668613e-4,19.334606741573033
TEG_T5_19_20240615_O2,245.11124143972074,-0.002740729178800284,15.988734463276836
TEG_T5_21_20240615_O2,252.9532282099673,-0.0015717432191178244,15.828823863636364
TEG_T5_23_20240430_O2,173.9106985712372,-0.0046308245510012615,20.253857954545456
TEG_T5_34_20240430_O2,224.63428796244284,-0.0049964566514566315,20.324107954545454
TEG_T5_37_20240615_O2,207.23934658298583,-0.0012340199528387656,15.949870056497176
TEG_T5_68_20240430_O2,183.4605244871793,-0.0018464652014651701,20.288
TEG_T5_B_20240430_O2,238.1737293203048,-2.1077310300138464e-4,20.230926136363635
TEG_T5_Blank_20240615_O2,225.64269132931912,1.496555915413242e-4,15.984397727272727
TEG_T6_05_20240615_O2,253.62489391251358,-0.0012634584605535383,15.905802259887006
TEG_T6_07_20240430_O2,252.60135618908765,-2.1209453028493903e-4,16.20941340782123
TEG_T6_07_20240501_O2,240.03412289609466,-0.0039858859807974985,16.169090909090908
TEG_T6_25_20240615_O2,241.44841010561782,-0.0027723784741204194,15.743204545454546
TEG_T6_30_20240430_O2,246.19972291200784,-0.0035940384748940958,15.96564245810056
TEG_T6_45_20240615_O2,208.9961920688532,-0.0030180062455604432,15.771581920903955
TEG_T6_73_20240430_O2,216.77456273527426,-0.0031183648693849956,16.09368156424581
TEG_T6_B_20240430_O2,259.87676501377143,-3.050137029367569e-4,16.142748603351954
TEG_T6_B_20240501_O2,259.8282070487511,-2.5264704035746834e-4,16.249830508474577
TEG_T6_Blank_20240615_O2,264.27927216798383,-2.997086909798251e-4,15.826369318181818
TEG_T7_06_20240430_O2,193.77157888241175,-0.002316369409666848,16.19476100628931
TEG_T7_14_20240430_O2,242.5102246028909,-0.0036643637796486455,16.25250314465409
TEG_T7_42_20240430_O2,212.70113280532127,-0.004429957219878136,16.234025157232704
TEG_T7_53_20240614_O2,251.6116502332022,-0.005511828879544224,20.12653409090909
TEG_T7_54_20240614_O2,208.1608076223727,-0.004616361791650492,20.062852272727273
TEG_T7_58_20240614_O2,226.59420468644964,-0.0065465859982713984,20.095335227272727
TEG_T7_B_20240430_O2,207.38348856361222,-1.9483034167850215e-4,16.196056603773584
TEG_T7_Blank_20240614_O2,246.29045743089316,-0.001610853152696101,19.92519318181818
TEG_T8_04_20240614_O2,237.62210555574197,-0.007341052639299581,20.009136363636365
TEG_T8_04_20240615B_O2,239.66363513324006,-0.006006802244039305,19.90172727272727
TEG_T8_13_20240430_O2,243.2974634742558,-0.003968528578176641,16.239887005649717
TEG_T8_20_20240614_O2,241.65213679315477,-0.004824170123265854,20.032761363636364
TEG_T8_25_20240430_O2,239.3321764218234,-0.0022732202651450824,16.079785310734465
TEG_T8_43_20240430_O2,244.72892556213688,-0.003967715070772415,16.237474576271186
TEG_T8_43_20240614_O2,237.95063169629665,-0.006123866098690041,20.055948863636363
TEG_T8_B_20240430_O2,252.2814826824279,-7.166165117682639e-5,16.304016949152544
TEG_T8_Blank_20240614_O2,238.93840661974716,-3.4882296936546365e-4,19.893193181818184
TEG_T8_Blank_20240615B_O2,227.3352742119927,-5.766550137240964e-4,19.762119318181817
TEG_T9_03_20240614_O2,235.4367472566531,-0.004139715316760243,19.63114857142857
TEG_T9_29_20240614_O2,239.93553708894308,-0.006248627658311249,19.75001142857143
TEG_T9_44_20240430_O2,235.81311154747206,-0.0029839559664458244,20.29442380952381
TEG_T9_53_20240430_O2,198.0296829049483,-0.004518256037747583,20.321057142857143
TEG_T9_55_20240614_O2,224.84111995215494,-0.007437499626988139,19.636051428571427
TEG_T9_63_20240430_O2,227.73588582151785,-0.0028779816513761396,20.130533333333332
TEG_T9_B_20240430_O2,233.81694943700768,-4.52613349423815e-4,20.335719047619047
TEG_T9_Blank_20240614_O2,239.45506209167763,-2.9611074243824655e-4,19.84593142857143
