Sampling_Date,Sampling_Time,Day_Night,Benthos,Quad_ID,UniqueID,Salinity,pH,TempInSitu,TA,Processing_DateTime,NO3,PO4,SIL,NO2,NH4,Notes
2023-07-31,09:57:00,Day,Barnacle,B1,B1_Day,32.84,8.066572205167962,21.23,2219.670036,8/1/2023 9:00,8.98,0.51,3.9,0.16,4.52,NA
2023-07-31,09:57:00,Day,Barnacle,B3,B3_Day,32.92,8.088093952460966,20.93,2212.142877,8/1/2023 9:00,4.21,0.36,7.5,0.13,3.36,NA
2023-07-31,09:57:00,Day,Barnacle,B5,B5_Day,32.5,8.070430963571635,20.63,2193.8560430000002,8/1/2023 9:00,0.74,0.31,4.5,0.12,1.58,NA
2023-07-31,09:57:00,Day,Open Ocean,OO1,OO_Day1,32.52,8.028743194994616,20.68,2222.332885,8/1/2023 9:00,0.62,0.32,7,0.08,0.7,Used B5 hobo for sas OO temperature
2023-07-31,09:57:00,Day,Rockweed,RW1,RW1_Day,32.3,8.063194067447062,20.76,2221.371946,7/31/2023 16:00,1.33,0.41,6.4,0.17,6.63,NA
2023-07-31,09:57:00,Day,Rockweed,RW3,RW3_Day,33.05,8.045557711181798,20.68,2171.436726,7/31/2023 16:00,0.49,0.4,5,0.15,2.01,NA
2023-07-31,09:57:00,Day,Rockweed,RW5,RW5_Day,32.44,8.044987475581255,20.68,2237.979527,7/31/2023 16:00,1.38,0.41,7.2,0.27,11.2,NA
2023-07-31,09:57:00,Day,Surfgrass,P1,P1_Day,32.51,7.9937994563940675,20.76,2178.925258,8/1/2023 9:00,1.11,0.39,5.4,0.19,1.68,NA
2023-07-31,09:57:00,Day,Surfgrass,P5,P5_Day,32.54,7.960960726374171,20.37,NA,8/1/2023 9:00,NA,NA,NA,NA,NA,Bag ripped. No TA. This pH might be contaminated too
2023-08-01,21:33:00,Night,Barnacle,B1,B1_Night,32.45,8.0792847792139,20.8,2178.892963,8/2/2023 9:00,1.48,0.5,6.3,0.11,1.36,NA
2023-08-01,21:33:00,Night,Barnacle,B5,B5_Night,32.75,8.053716670679279,20.25,2191.479707,8/2/2023 9:00,0.8,0.44,5.2,0.13,1.85,NA
2023-08-01,21:33:00,Night,Mussel,M1,M1_Night,33.01,8.057997439968407,20.25,2215.525752,8/2/2023 9:00,1.49,0.45,4.7,0.14,2.19,might have a few mls contamination from accidental cal
2023-08-01,21:33:00,Night,Open Ocean,OO1,OO_Night1,33.21,8.097748543806283,20.25,2214.082347,8/2/2023 9:00,NA,NA,NA,NA,NA,No Nutrients
2023-08-01,21:33:00,Night,Rockweed,RW1,RW1_Night,32.52,8.094134974559942,21.02,2150.113075,8/2/2023 9:00,1,0.54,7,0.13,1.57,NA
2023-08-01,21:33:00,Night,Rockweed,RW3,RW3_Night,32.75,8.088932139275077,21.1,2150.22158,8/2/2023 9:00,2.44,0.57,5.1,0.17,2.62,NA
2023-08-01,21:33:00,Night,Rockweed,RW5,RW5_Night,32.84,8.09910097678146,21.23,2177.462649,8/2/2023 9:00,4,0.68,8.6,0.39,1.86,NA
2023-08-01,21:33:00,Night,Surfgrass,P1,P1_Night,32.6,8.088097948025238,20.98,2153.808019,8/2/2023 9:00,0.81,0.5,5.7,0.14,1.22,NA
2023-08-01,21:33:00,Night,Surfgrass,P3,P3_Night,33.2,8.09838279218272,21.06,2150.314599,8/2/2023 9:00,0.64,0.61,6.1,0.09,0.87,NA
2023-08-02,11:10:00,Day,Barnacle,B2,B2_Day,32.45,7.991175641745614,19.26,NA,8/2/2023 19:00,NA,NA,NA,NA,NA,Barely any TA/pH water
2023-08-02,11:10:00,Day,Barnacle,B6,B6_Day,33.45,8.004284179363596,19.26,2213.248654,8/2/2023 19:00,0.79,0.4,5.2,0.17,1.27,NA
2023-08-02,11:10:00,Day,Mussel,M2,M2_Day,32.87,8.025125111361541,19,2222.896243,8/3/2023 10:00,NA,NA,NA,NA,NA,No Nutrients
2023-08-02,11:10:00,Day,Mussel,M6,M6_Day,32.96,8.00212505310056,19.35,2232.201609,8/3/2023 10:00,3.36,0.4,5.4,0.14,1.62,Barely any TA/pH water
2023-08-02,11:10:00,Day,Open Ocean,OO2,OO_Day2,32.92,8.0063228028983,18.7,NA,8/2/2023 19:00,NA,NA,NA,NA,NA,No Nutrients/ TA bag ripped
2023-08-02,11:10:00,Day,Rockweed,RW2,RW2_Day,33.08,7.989295846542845,19.26,2236.8400580000002,8/2/2023 19:00,2.16,0.56,5.6,0.15,2.92,NA
2023-08-02,11:10:00,Day,Rockweed,RW4,RW4_Day,33.18,7.977171301914388,19.13,2229.400653,8/2/2023 19:00,0.45,0.41,12,0.08,0.68,NA
2023-08-02,11:10:00,Day,Rockweed,RW6,RW6_Day,33.04,7.9746880879360065,19.17,2230.971256,8/2/2023 19:00,1.15,1.75,6.4,0.35,0.81,NA
2023-08-02,11:10:00,Day,Surfgrass,P2,P2_Day,33.07,7.97896828033517,19.26,2214.947777,8/3/2023 10:00,0.46,1.01,8.3,0.17,0.1,NA
2023-08-02,11:10:00,Day,Surfgrass,P4,P4_Day,32.89,8.094009673639517,18.53,2195.992281,8/3/2023 10:00,NA,NA,NA,NA,NA,No Nutrients
2023-08-02,11:10:00,Day,Surfgrass,P6,P6_Day,32.82,8.117882167839644,18.4,2176.8265,8/3/2023 10:00,0.68,0.5,5.7,0.09,0.84,NA
2023-08-03,23:09:00,Night,Barnacle,B4,B4_Night,32.86,8.059849265997803,18.4,2223.684058,8/4/2023 10:00,0.4,0.44,4.1,0.08,0.88,NA
2023-08-03,23:09:00,Night,Barnacle,B6,B6_Night,32.9,8.100348649529328,18.57,2220.391967,8/4/2023 10:00,NA,NA,NA,NA,NA,No Nutrients
2023-08-03,23:09:00,Night,Open Ocean,OO2,OO_Night2,33.1,8.124998527306879,18.32,2209.938584,8/4/2023 10:00,NA,NA,NA,NA,NA,NA
2023-08-03,23:09:00,Night,Rockweed,RW2,RW2_Night,32.88,8.055708863708732,19.17,2206.554815,8/4/2023 10:00,0.99,0.63,6.4,0.1,1.35,NA
2023-08-03,23:09:00,Night,Surfgrass,P2,P2_Night,32.9,8.123868507194707,19.26,2188.438082,8/4/2023 10:00,0.63,0.5,6.4,0.15,2.74,NA
2023-08-03,23:09:00,Night,Surfgrass,P4,P4_Night,32.9,8.048395007460785,18.87,2208.601852,8/4/2023 10:00,NA,NA,NA,NA,NA,No Nutrients
2023-08-04,12:29:00,Day,Barnacle,B4,B4_Day,33.15,8.109676849240104,19.95,2236.160262,8/4/2023 20:00,0.41,0.4,6.1,0.05,0.64,NA
2023-08-04,12:29:00,Day,Open Ocean,OO,OO_Day3,33.38,8.145538813576248,19.47,2225.060838,8/4/2023 20:00,0.3,0.39,5,0.03,0.52,NA
2023-08-04,12:29:00,Day,Open Ocean,OO,OO_Day3b,33.18,8.130631385701102,19.47,2229.14092,8/4/2023 20:00,NA,NA,NA,NA,NA,No Nutrients
2023-08-04,12:29:00,Day,Surfgrass,P3,P3_Day,32.95,8.153318953734697,19.05,2208.918513,8/5/2023 10:00,0.62,0.44,6,0.09,0.54,NA
2023-08-05,00:00:00,Night,Barnacle,B2,B2_Night,32.8,8.091051506230416,19.05,2216.076177,8/5/2023 10:00,1.72,1.63,7.1,0.23,1.66,NA
2023-08-05,00:00:00,Night,Barnacle,B3,B3_Night,32.8,8.07196006419377,18.83,2225.407067,8/5/2023 10:00,5.57,0.63,4.6,0.22,2.92,NA
2023-08-05,00:00:00,Night,Mussel,M1,M1_Nightb,32.82,8.071670543190168,18.44,2228.558572,8/5/2023 10:00,NA,NA,NA,NA,NA,No Nutrients
2023-08-05,00:00:00,Night,Mussel,M5,M5_Night,32.8,8.042895347594055,18.49,NA,8/5/2023 10:00,0.56,0.39,7.3,0.06,0.71,Barely any TA/pH water
2023-08-05,00:00:00,Night,Open Ocean,OO3,OO_Night3,32.89,8.138668951142684,18.66,2218.178419,8/5/2023 10:00,0.27,1.7,6.9,0.2,0.52,NA
2023-08-05,00:00:00,Night,Rockweed,RW4,RW4_Nightb,32.95,8.117761871552611,19.73,2211.386187,8/5/2023 10:00,1.92,0.59,7.5,0.13,1.02,NA
2023-08-05,00:00:00,Night,Rockweed,RW6,RW6_Nightb,32.83,8.123404213347607,19.82,2215.911914,8/5/2023 10:00,0.48,0.58,7.9,0.09,0.66,NA
2023-08-06,00:57:00,Night,Barnacle,B6,B6_Nightb,32.92,8.10103524049594,18.53,2235.153751,8/6/2023 12:30,0.68,0.35,11.1,0.13,0.71,NA
2023-08-06,00:57:00,Night,Open Ocean,OO4,OO_Night4,33.41,8.128672162155077,18.1,2208.510374,8/6/2023 12:30,1.68,0.57,7.5,0.1,1.93,NA
2023-08-12,09:17:00,Day,Mussel,M2,M2_Dayb,32.98,8.045339815634703,19.43,2249.598333,8/13/2023 6:00,0.89,0.41,6.9,0.11,0.21,did not triple rinse nut/fdom
2023-08-12,09:17:00,Day,Open Ocean,OO,OO_Day4,32.49,7.896357652288095,19.35,2215.072172,8/13/2023 6:00,0.53,0.36,7.5,0.09,0.24,"did not triple rinse nut/fdom, used backup SAS so persistaltic tubing was not rinsed between deployments, SAS was not calibrated"
2023-08-12,09:17:00,Day,Surfgrass,P3,P3_Dayb,32.48,7.872274602500435,19.35,2248.489652,8/13/2023 6:00,0.17,0.31,6.7,0.06,0,did not triple rinse nut/fdom
2023-08-13,20:48:00,Night,Mussel,M2,M2_Night,33.51,8.121118068184161,19.95,2207.75605,8/14/2023 15:00,0.44,0.44,5.4,0.08,0.45,sampled +30 mins after peak high tide
2023-08-13,20:48:00,Night,Open Ocean,OO,OO_Night4b,33.07,8.174439298944101,19.9,2182.219763,8/14/2023 15:00,9,2.35,8.3,0.28,NA,"sampled +30 mins after peak high tide, did DI rinse in field before sample, then calibrated"
2023-08-13,20:48:00,Night,Surfgrass,P4,P4_Nightb,33.72,8.0992145469971,20.37,2197.076326,8/14/2023 15:00,6.46,1.6,6.4,0.5,NA,sampled +30 mins after peak high tide Not enough water to triple rinse nutrients and fDOM
2023-08-14,10:06:00,Day,Barnacle,B2,B2_Dayb,33.06,7.979891537802886,18.92,2190.4555,8/15/2023 10:00,0.5,0.38,NA,0.08,0.02,NA
2023-08-14,10:06:00,Day,Mussel,M1,M1_Day,33.89,7.987231933784544,18.79,NA,8/15/2023 10:00,0.21,0.3,6.2,0.04,0.13,"in flow area got scraped :( , so surrounded by fewer mussels for this sample"
2023-08-14,10:06:00,Day,Mussel,M5,M5_Dayb,33.75,7.96252551077227,19.22,2235.315783,8/15/2023 10:00,1.9,0.38,4.9,0.09,0.93,NA
2023-08-14,10:06:00,Day,Open Ocean,OO,OO_Day5,33.14,7.987684402583762,18.4,2167.063804,8/15/2023 10:00,0.41,0.38,5.6,0.05,0.28,NA
2023-08-14,10:06:00,Day,Surfgrass,P4,P4_Dayb,33.1,8.003892744123576,18.44,2215.027102,8/15/2023 10:00,0.15,0.34,5.3,0.05,0,"moved slightly out of surfgrass bed, pic taken"
2023-08-15,21:24:00,Night,Mussel,M3,M3_Night,33.03,8.176880058238899,18.19,2218.046794,8/16/2023 12:00,0.59,0.5,6.1,0.08,0.82,NA
2023-08-15,21:24:00,Night,Open Ocean,OO,OO_Night5,33.15,8.206224564545831,18.36,2177.611385,8/16/2023 12:00,0.57,0.61,7.8,0.03,1.23,NA
2023-08-15,21:24:00,Night,Surfgrass,P4,P4_Night,33.12,8.153571169096052,18.4,2193.780971,8/16/2023 12:00,0.41,0.45,6.3,0.07,1.19,"moved slightly out of surfgrass bed, pic taken, also bottle label says 8/16This might be labeled 8/16… might actually be 8/16. Used salinity lab for 8/16"
2023-08-16,21:54:00,Night,Mussel,M4,M4_Night,32.99,8.08823798370643,16.17,2218.328579,8/17/2023 10:00,NA,NA,NA,NA,NA,No Nutrients
2023-08-16,21:54:00,Night,Mussel,M6,M6_Nightb,32.78,8.057987848871779,16.34,2222.322702,8/17/2023 10:00,0.69,0.39,4.7,0.06,0.35,NA
2023-08-16,21:54:00,Night,Open Ocean,OO6,OO_Night6,32.49,8.150231959501603,16.34,2204.097574,8/17/2023 10:00,0.4,0.56,6.3,0.03,1.11,NA
2023-08-17,11:10:00,Day,Mussel,M6,M6_Day,33.74,8.073633225610381,17.11,2232.310357,8/18/2023 12:00,1,0.29,3.7,0.07,0.24,NA
2023-08-17,11:10:00,Day,Open Ocean,OO7,OO_Day7,33.18,8.099747972940392,17.11,2215.987152,8/18/2023 12:00,0.38,0.39,5.1,0.06,1.42,"one of 8/17 is on B5/6 SAS, chance that sample was out of water for a short period"
2023-10-21,17:00:00,Dusk,Rockweed,RW1,RW1_Dusk,33.98,8.013000314367234,18.1,2196.793744,10/22/2023 11:30,0.64,0.37,4.9,0.23,1.26,"Reran, old TA 2213.923014"
2023-10-21,17:00:00,Dusk,Rockweed,RW3,RW3_Dusk,33.57,8.015412619444021,18.14,2155.409691,10/22/2023 11:30,0.67,0.42,5.6,0.12,0.88,"reran, old TA 2176.596425"
2023-10-21,17:00:00,Dusk,Surfgrass,P5,P5_Dusk,33.25,8.016300423844912,18.02,2205.894024,10/22/2023 11:30,0.83,0.41,5.7,0.15,1.54,NA
2023-10-21,17:00:00,Dusk,Open Ocean,OO1,OO_Dusk1,33.47,8.01840428075466,18.02,2201.836085,10/22/2023 11:30,NA,NA,NA,NA,NA,No Nutrients
2023-10-21,17:00:00,Dusk,Barnacle,B5,B5_Dusk,33.49,8.019951596729888,18.02,2161.856937,10/22/2023 11:30,0.7,0.4,5,0.16,1.03,"Reran, old TA 2171.164026"
2023-10-21,17:00:00,Dusk,Open Ocean,OO1,OO_Dusk1a,33.14,8.004452975298413,18.1,2231.968299,10/21/2023 18:00,3.2,0.41,5.9,0.12,1.17,"used RW1 as temperature for all OO HC Hand collected ""mid"" salinity cal done on this day"
2023-10-21,17:00:00,Dusk,Open Ocean,OO1,OO_Dusk1b,33.22,8.011992120475705,18.1,2216.123617,10/21/2023 18:00,NA,NA,NA,NA,NA,"Hand collected ""west"""
2023-10-21,17:00:00,Dusk,Open Ocean,OO1,OO_Dusk1c,33.28,8.024405589169756,18.1,2206.312543,10/21/2023 18:00,NA,NA,NA,NA,NA,"Hand collected ""east"""
2023-10-22,18:05:00,Dusk,Open Ocean,OO2,OO_Dusk2a,33.41,8.055821926588814,19.09,2204.355511,10/22/2023 18:45,1.76,0.33,3.2,0.14,1.46,"Hand collected “west"" not sure if salinity lab is east or west"
2023-10-22,18:05:00,Dusk,Open Ocean,OO2,OO_Dusk2b,33.34,8.070262467680541,19.09,2208.445487,10/22/2023 18:45,NA,NA,NA,NA,NA,"Hand collected “east"" not sure if salinity lab is east or west"
2023-10-22,18:05:00,Dusk,Barnacle,B4,B4_Dusk,33.33,8.054618703165241,18.74,2205.557636,10/23/2023 13:00,0.57,0.36,4.6,0.13,1.51,NA
2023-10-22,18:05:00,Dusk,Surfgrass,P6,P6_Dusk,33.38,8.070045146554525,19.22,2206.949933,10/23/2023 13:00,0.5,0.32,3.4,0.09,0.57,NA
2023-10-22,18:05:00,Dusk,Surfgrass,P3,P3_Dusk,33.24,8.05572029897745,19.17,2199.163284,10/23/2023 13:00,0.44,0.42,4.2,0.13,3.28,Not enough to 3x rinse for nutrients or fill fDOM
2023-10-22,18:05:00,Dusk,Rockweed,RW2,RW2_Dusk,33.25,8.06418303150814,19.09,2121.885913,10/23/2023 13:00,0.85,0.32,4.1,0.11,0.82,"Reran, old TA 2128.588359"
2023-10-23,18:04:00,Dusk,Surfgrass,P1,P1_Dusk,33.22,8.022183031248598,17.67,2185.654833,10/24/2023 11:00,NA,NA,NA,NA,NA,No Nutrients
2023-10-23,18:04:00,Dusk,Barnacle,B3,B3_Duskb,33.22,7.9310239039171355,17.54,2124.613941,10/24/2023 11:00,0.9,0.39,4,0.36,1.83,"Reran, old TA 2135.74415"
2023-10-23,18:04:00,Dusk,Rockweed,RW4,RW4_Dusk,33.3,8.044016589856062,17.67,2174.487496,10/24/2023 11:00,0.76,0.45,5.4,0.12,0.87,"Reran, old TA 2179.213161"
2023-10-23,18:04:00,Dusk,Barnacle,B6,B6_Dusk,33.31,7.975949498416448,17.59,2201.567223,10/24/2023 11:00,2.69,0.47,4.5,0.31,3.32,"tubing was messed up, do not use Reran, old TA 2207.040752"
2023-10-23,18:04:00,Dusk,Barnacle,B2,B2_Dusk,33.24,7.99483615470992,17.59,2199.091539,10/24/2023 11:00,1.45,0.43,5.1,0.26,6.3,TA not 3x rinsed
2023-10-23,18:04:00,Dusk,Open Ocean,OO3,OO_Dusk3a,32.87,8.07871351563622,17.67,2209.576269,10/23/2023 18:50,NA,NA,NA,NA,NA,"Hand collected ""west"", TA is in east bottle"
2023-10-23,18:04:00,Dusk,Open Ocean,OO3,OO_Dusk3b,33.03,8.101235315067354,17.67,2198.196369,10/23/2023 18:50,NA,NA,NA,NA,NA,"Hand collected ""mid"""
2023-10-23,18:04:00,Dusk,Open Ocean,OO3,OO_Dusk3c,33.15,8.11670227339912,17.67,2204.813363,10/23/2023 18:50,0.91,0.51,6.1,0.12,0.49,"Hand collected ""east"", TA is in west bottle"
2023-10-24,18:03:00,Dusk,Open Ocean,OO4,OO_Dusk4a,33.18,8.07801322320164,19.22,2199.373015,10/24/2023 19:00,NA,NA,NA,NA,NA,"Hand collected ""mid"" , Nutrients may be contaminated salinity cal done on this day but not since 10-21"
2023-10-24,18:03:00,Dusk,Open Ocean,OO4,OO_Dusk4b,33.32,8.12035140070876,19.22,2201.032858,10/24/2023 19:00,NA,NA,NA,NA,NA,"Hand collected “west"" 10-24 samples labeled A B C Hand collected ""west"""
2023-10-24,18:03:00,Dusk,Open Ocean,OO4,OO_Dusk4c,33.35,8.112058785808042,19.22,2203.653311,10/24/2023 19:00,1.97,0.44,5.3,0.33,2.05,"Hand collected ""east"""
2023-10-25,18:02:00,Dusk,Open Ocean,OO5,OO_Dusk5a,34.03,8.132943956304983,20.07,2197.487114,10/25/2023 19:00,2.52,0.39,4.4,0.12,0.68,Hand collected
2023-10-25,18:02:00,Dusk,Open Ocean,OO5,OO_Dusk5b,33.58,8.123577706226824,20.07,2198.677918,10/25/2023 19:00,NA,NA,NA,NA,NA,Hand collected
2023-10-25,18:02:00,Dusk,Open Ocean,OO5,OO_Dusk5c,33.66,8.1316283104294,20.07,2205.559714,10/25/2023 19:00,NA,NA,NA,NA,NA,"Hand collected, reran old TA 2198.307934"
2023-10-26,18:01:00,Dusk,Open Ocean,OO6,OO_Dusk6c,33.68,8.130064507491747,19.52,2196.802024,10/26/2023 19:00,NA,NA,NA,NA,NA,"Hand collected, reran old TA  2202.836256"
2023-10-26,18:01:00,Dusk,Open Ocean,OO6,OO_Dusk6b,33.54,8.107758858995227,19.52,2200.280711,10/26/2023 19:00,NA,NA,NA,NA,NA,Hand collected
2023-10-26,18:01:00,Dusk,Open Ocean,OO6,OO_Dusk6a,33.62,8.101050570836794,19.52,2199.627689,10/26/2023 19:00,3.05,0.47,5.9,0.18,1.38,Hand collected
2023-10-24,18:03:00,Dusk,Rockweed,RW6,RW6_Dusk,33.36,8.109268599066974,19.3,2243.002162,10/25/2023 11:30,0.58,0.41,9.2,0.09,0.61,"Reran, old TA 2245.661047"
2023-10-24,18:03:00,Dusk,Surfgrass,P4,P4_Duskb,33.54,8.134091553015102,19.09,2199.043292,10/25/2023 11:30,NA,NA,NA,NA,NA,No Nutrients
2023-10-24,18:03:00,Dusk,Mussel,M5,M5_Dusk,33.46,8.044151697241631,19.47,2193.926626,10/25/2023 11:30,0.96,0.31,2.8,0.13,1.1,NA
2023-10-24,18:03:00,Dusk,Mussel,M4,M4_Dusk,33.42,8.041167796658225,19.39,2210.828132,10/25/2023 11:30,NA,NA,NA,NA,NA,No Nutrients
2023-10-24,18:03:00,Dusk,Barnacle,B1,B1_Dusk,33.41,8.07327462011461,19.3,2192.144038,10/25/2023 11:30,0.5,0.36,3.9,0.11,0.92,"had some phyllo wrapped around it, Reran, old TA 2193.870775"
2023-10-25,18:02:00,Dusk,Open Ocean,OO5,OO_Dusk5,33.4,8.111664789519883,19.99,2209.358642,10/26/2023 21:00,NA,NA,NA,NA,NA,"Nutrient and TA bag might have been switched, reran old TA 2205.629505"
2023-10-25,18:02:00,Dusk,Open Ocean,OO5,OO_Dusk5d,32.78,7.954612584274053,19.99,NA,10/26/2023 21:00,NA,NA,NA,NA,NA,"From Nutrient bag, dirty water"
2023-10-25,18:02:00,Dusk,Mussel,M4,M4_Duskb,33.64,8.073822792252795,20.16,2214.978147,10/26/2023 21:00,0.66,0.12,3.6,0.07,1.43,NA
2023-10-25,18:02:00,Dusk,Surfgrass,P4,P4_Duskc,33.31,8.079813833946714,20.07,NA,10/26/2023 21:00,0.02,0.19,3.3,0.04,0.5,Not enough TA
2023-10-25,18:02:00,Dusk,Mussel,M6,M6_Dusk,33.58,8.088871897603628,20.16,2211.905567,10/26/2023 21:00,NA,NA,NA,NA,NA,No Nutrients
2023-10-25,18:02:00,Dusk,Mussel,M1,M1_Dusk,33.65,8.06553677843047,20.12,2128.295257,10/26/2023 21:00,0.23,0.13,2.7,0.06,0.16,"Reran, old TA 2134.53472"
2023-10-26,18:01:00,Dusk,Mussel,M2,M2_Dusk,33.56,8.06462634423965,19.73,2177.1248650000002,10/27/2023 21:00,1.69,0.43,4.9,0.35,2.01,"Reran, old TA 2188.977253"
2023-10-26,18:01:00,Dusk,Mussel,M6,M6_Duskb,33.46,8.130023373231275,19.65,2166.188583,10/27/2023 21:00,0.67,0.24,5.6,0.13,1.14,NA
2023-10-26,18:01:00,Dusk,Surfgrass,P2,P2_Dusk,33.65,8.16628857388142,19.52,2188.559122,10/27/2023 21:00,NA,NA,NA,NA,NA,No Nutrients
2023-10-26,18:01:00,Dusk,Surfgrass,P4,P4_Duskd,33.51,8.127798569017761,19.09,2179.547055,10/27/2023 21:00,0.18,0.7,6.7,0.11,0.62,"Used pH/sal water for TA, not enough"
2023-10-26,18:01:00,Dusk,Barnacle,B6,B6_Duskc,33.71,8.102257436854554,20.07,2195.651254,10/27/2023 21:00,NA,NA,NA,NA,NA,"Left for 2 days without processing, no Nutrients, reran old TA 2204.665304"
2023-10-27,19:04:00,Dusk,Mussel,M3,M3_Dusk,33.08,8.148800473422751,19.17,2184.512938,10/28/2023 21:00,0.18,5.3,6.4,0.53,0.55,"No fDOM, not 3x rinsed for nutrients"
2023-10-27,19:04:00,Dusk,Surfgrass,P3,P3_Duskb,33.14,8.122428869222038,19.17,2163.141588,10/28/2023 21:00,0.3,0.34,4.7,0.07,0.15,NA
2023-10-27,19:04:00,Dusk,Open Ocean,OO7,OO_Dusk7,33.06,8.15403220942646,19.05,2185.519865,10/28/2023 21:00,0.48,0.39,5.4,0.14,0.09,NA
2023-10-27,19:04:00,Dusk,Barnacle,B6,B6_Duskd,33.02,8.158577926273033,19.09,2168.700429,10/28/2023 21:00,0.58,0.42,4.5,0.13,0.26,"Reran, old TA 2184.136226"
2023-10-27,19:04:00,Dusk,Open Ocean,OO7,OO_Dusk7a,33.35,8.145335027555358,19.05,2196.578923,10/27/2023 19:10,NA,NA,NA,NA,NA,Hand collected salinity lab not labeled A B C
2023-10-27,19:04:00,Dusk,Open Ocean,OO7,OO_Dusk7b,33.48,8.136676197536312,19.05,2192.21933,10/27/2023 19:10,NA,NA,NA,NA,NA,Hand collected salinity lab not labeled A B C
2023-10-27,19:04:00,Dusk,Open Ocean,OO7,OO_Dusk7c,33.75,8.149996123755464,19.05,2201.754365,10/27/2023 19:10,3.54,0.56,6,0.45,2.52,Hand collected salinity lab not labeled A B C
2023-10-29,07:04:00,Dawn,Open Ocean,OO8,OO_Dawn8a,33.21,7.840294263884554,17.03,2213.370219,10/29/2023 8:00,1.37,0.42,5,0.11,0.94,Hand collected salinity lab not labeled A B C
2023-10-29,07:04:00,Dawn,Open Ocean,OO8,OO_Dawn8b,33.28,7.829188660869504,17.03,2220.372576,10/29/2023 8:00,4.35,0.46,5.3,0.2,1.3,Hand collected salinity lab not labeled A B C
2023-10-29,07:04:00,Dawn,Open Ocean,OO8,OO_Dawn8c,33.11,7.902425478814902,17.03,2212.627149,10/29/2023 8:00,NA,NA,NA,NA,NA,Hand collected salinity lab not labeled A B C
2023-10-29,07:04:00,Dawn,Open Ocean,OO8,OO_Dawn8,33.16,7.853728343484299,17.29,2219.992029,10/29/2023 21:00,1,0.36,5.3,0.19,1.64,NA
2023-10-29,07:04:00,Dawn,Surfgrass,P3,P3_Dawn,33.2,7.832765652275529,17.33,NA,10/29/2023 21:00,0.47,0.33,4.7,0.09,0.42,NA
2023-10-29,07:04:00,Dawn,Surfgrass,P6,P6_Dawn,33.13,7.801985500707068,17.37,NA,10/29/2023 21:00,0.6,0.31,4.3,0.25,1.57,NA
2023-10-29,07:04:00,Dawn,Rockweed,RW2,RW2_Dawn,33.2,7.8389339423737985,17.37,2169.688766,10/29/2023 21:00,3.3,0.34,5.4,0.46,1.76,"Reran, old TA 2184.952387"
2023-10-29,07:04:00,Dawn,Rockweed,RW6,RW6_Dawn,33.13,7.862519315747688,17.07,2212.891689,10/29/2023 21:00,0.56,0.33,5.5,0.08,0.73,"Reran, old TA 2230.352474"
2023-10-29,07:04:00,Dawn,Barnacle,B3,B3_Dawn,33.17,7.884361852818281,17.33,2178.453922,10/29/2023 21:00,0.69,0.48,4.6,0.16,0.65,Reran old TA 2190.67308
2023-10-29,07:04:00,Dawn,Barnacle,B6,B6_Dawn,33.12,7.89940177589343,17.24,2171.438491,10/29/2023 21:00,0.82,0.36,4.5,0.16,1.26,Reran old TA 2183.365867
2023-10-29,07:04:00,Dawn,Mussel,M2,M2_Dawn,33.02,7.895661774066457,17.5,2226.115478,10/29/2023 21:00,NA,NA,NA,NA,NA,No Nutrients
2023-10-30,07:05:00,Dawn,Open Ocean,OO9,OO_Dawn9,33.91,7.896923971005054,16.9,2218.082634,10/30/2023 21:00,NA,NA,NA,NA,NA,NA
2023-10-30,07:05:00,Dawn,Mussel,M2,M2_Dawnb,33.69,7.916763228457082,17.33,2197.223426,10/30/2023 21:00,1.22,0.28,3.8,0.17,1.2,NA
2023-10-30,07:05:00,Dawn,Mussel,M6,M6_Dawnb,33.74,7.892891587420166,17.11,2173.778668,10/30/2023 21:00,NA,NA,NA,NA,NA,No Nutrients
2023-10-30,07:05:00,Dawn,Rockweed,RW1,RW1_Dawn,33.46,7.869447045968015,16.34,2211.992538,10/30/2023 21:00,NA,NA,NA,NA,NA,"No Nutrients, reran old TA 2210.155966"
2023-10-30,07:05:00,Dawn,Rockweed,RW4,RW4_Dawnb,33.6,7.863037372446988,16.39,2175.352399,10/30/2023 21:00,0.81,0.35,5,0.19,1.39,"Reran, old TA 2192.426191"
2023-10-30,07:05:00,Dawn,Rockweed,RW5,RW5_Dawn,33.4,7.847674394699041,16.3,2221.966929,10/30/2023 21:00,NA,NA,NA,NA,NA,"TA not 3x rinsed, reran old TA 2234.611657"
2023-10-30,07:05:00,Dawn,Surfgrass,P4,P4_Dawn,33.58,7.868115241488237,16.39,2197.016822,10/30/2023 21:00,0.4,0.29,5,0.04,0.41,NA
2023-10-30,07:05:00,Dawn,Surfgrass,P5,P5_Dawn,33.49,7.833024336786383,16.39,2225.757886,10/30/2023 21:00,NA,NA,NA,NA,NA,"No Nutrients, TA not 3x rinsed"
2023-10-30,07:05:00,Dawn,Barnacle,B2,B2_Dawn,33.53,7.858489564355712,16.73,2132.800835,10/30/2023 21:00,1.1,0.29,4.1,0.17,2.34,"Reran, old TA 2136.819804"
2023-10-30,07:05:00,Dawn,Barnacle,B4,B4_Dawn,33.59,7.915633824209375,17.03,2182.24736,10/30/2023 21:00,NA,NA,NA,NA,NA,"No Nutrients, reran old TA 2187.963101"
2023-10-30,07:05:00,Dawn,Barnacle,B5,B5_Dawn,33.58,7.9165941083719975,16.9,2186.084186,10/30/2023 21:00,0.65,0.28,3.2,0.27,1.68,Reran old TA 2203.274202
2023-10-31,07:06:00,Dawn,Barnacle,B1,B1_Dawn,33.54,7.922374434800018,16.73,2211.062612,10/31/2023 20:30,0.73,0.28,3.7,0.11,0.66,"TA Tubing ripped off, reran old TA 2209.027608"
2023-10-31,07:06:00,Dawn,Barnacle,B4,B4_Dawnb,33.54,7.906709716058216,16.99,2193.935462,10/31/2023 20:30,0.81,0.31,3.5,0.18,1.37,"Reran, old TA 2198.113001"
2023-10-31,07:06:00,Dawn,Mussel,M1,M1_Dawn,33.6,7.896470864318713,17.03,2225.509164,10/31/2023 20:30,1.28,0.27,4.1,0.2,1.03,NA
2023-10-31,07:06:00,Dawn,Surfgrass,P2,P2_Dawnb,33.41,8.080466131728803,16.6,NA,10/31/2023 20:30,NA,NA,NA,NA,NA,Not enough for TA
2023-10-31,07:06:00,Dawn,Mussel,M6,M6_Dawnc,33.6,7.917192592804468,17.11,2189.385653,10/31/2023 20:30,1.06,0.28,3.6,0.18,1.25,NA
2023-10-30,07:05:00,Dawn,Open Ocean,OO9,OO_Dawn9a,33.14,7.853320395351859,16.34,2264.664963,10/30/2023 8:00,NA,NA,NA,NA,NA,Hand collected salinity lab not labeled A B C
2023-10-30,07:05:00,Dawn,Open Ocean,OO9,OO_Dawn9b,33.19,7.871411518542926,16.34,2225.485883,10/30/2023 8:00,0.9,0.38,3.7,0.19,1.14,Hand collected salinity lab not labeled A B C
2023-10-30,07:05:00,Dawn,Open Ocean,OO9,OO_Dawn9c,33.21,7.899036804638838,16.34,2218.308996,10/30/2023 8:00,NA,NA,NA,NA,NA,Hand collected salinity lab not labeled A B C
2023-10-31,07:06:00,Dawn,Open Ocean,OO10,OO_Dawn10a,33.51,7.859343043329487,16.43,2216.754422,10/31/2023 8:00,NA,NA,NA,NA,NA,"Hand collected, falcon tube brown spots"
2023-10-31,07:06:00,Dawn,Open Ocean,OO10,OO_Dawn10b,33.57,7.873788275708192,16.43,2227.049257,10/31/2023 8:00,0.65,0.33,3.9,0.17,1.55,Hand collected
2023-10-31,07:06:00,Dawn,Open Ocean,OO10,OO_Dawn10c,33.68,7.8796314388042,16.43,2223.655972,10/31/2023 8:00,NA,NA,NA,NA,NA,Hand collected
2023-11-01,07:25:00,Dawn,Open Ocean,OO11,OO_Dawn11a,33.94,7.90230019154733,16.51,2223.423959,11/1/2023 8:10,1.01,0.37,5.8,0.13,0.89,"Hand collected, pH probe solution spilled out, fDOM may not be cold enough"
2023-11-01,07:25:00,Dawn,Open Ocean,OO11,OO_Dawn11b,33.61,7.916742008790262,16.51,2222.970864,11/1/2023 8:10,NA,NA,NA,NA,NA,"Hand collected, pH probe solution spilled out"
2023-11-01,07:25:00,Dawn,Open Ocean,OO11,OO_Dawn11c,33.58,7.912180762202975,16.51,2225.065166,11/1/2023 8:10,NA,NA,NA,NA,NA,"Hand collected, pH probe solution spilled out, no falcon tube"
2023-11-01,07:25:00,Dawn,Surfgrass,P5,P5_Dawnb,33.46,7.842196511864495,16.64,2217.608829,11/1/2023 21:00,0.65,0.25,6.8,0.04,0.24,NA
2023-11-01,07:25:00,Dawn,Surfgrass,P1,P1_Dawn,33.48,8.024862167936599,16.64,NA,11/1/2023 21:00,0.94,0.35,5.5,0.15,0.84,NA
2023-11-01,07:25:00,Dawn,Mussel,M5,M5_Dawn,33.53,7.867017013295933,17.24,2200.67698,11/1/2023 21:00,0.98,0.29,4.4,0.12,0.82,NA
2023-11-02,07:45:00,Dawn,Open Ocean,OO12,OO_Dawn12a,33.45,7.937184406473705,16.51,2215.173011,11/2/2023 8:20,0.76,0.35,4.7,0.1,0.73,Hand collected
2023-11-02,07:45:00,Dawn,Open Ocean,OO12,OO_Dawn12b,33.98,7.932454445714193,16.51,2208.129756,11/2/2023 8:20,NA,NA,NA,NA,NA,Hand collected
2023-11-02,07:45:00,Dawn,Open Ocean,OO12,OO_Dawn12c,33.61,7.92709336554163,16.51,NA,11/2/2023 8:20,NA,NA,NA,NA,NA,Hand collected
2023-11-02,07:45:00,Dawn,Rockweed,RW1,RW1_Dawn,33.21,7.857466465502639,16.69,2176.653013,11/2/2023 22:00,NA,NA,NA,NA,NA,"No Nutrients, reran old ta 2189.911946"
2023-11-02,07:45:00,Dawn,Rockweed,RW5,RW5_Dawn,33.41,7.881264267170425,16.56,2164.969073,11/2/2023 22:00,0.52,0.31,6,0.08,0.51,Reran old TA 2185.980588
2023-11-03,08:06:00,Dawn,Open Ocean,OO13,OO_Dawn13a,32.72,7.922475141073135,17.07,2221.149495,11/3/2023 8:25,NA,NA,NA,NA,NA,Hand collected
2023-11-03,08:06:00,Dawn,Open Ocean,OO13,OO_Dawn13b,32.88,7.946484030189363,17.07,2225.518947,11/3/2023 8:25,4.96,0.41,3.6,0.12,1.41,Hand collected
2023-11-03,08:06:00,Dawn,Open Ocean,OO13,OO_Dawn13c,32.88,7.960809083639849,17.07,2217.268543,11/3/2023 8:25,NA,NA,NA,NA,NA,Hand collected
2023-11-03,08:06:00,Dawn,Rockweed,RW1,RW1_Dawnb,34.1,7.913947009413597,17.16,2188.014923,11/3/2023 22:00,NA,NA,NA,NA,NA,Reran old TA 2216.737886 ROSS may have dripped into pH/sal sample
2023-11-03,08:06:00,Dawn,Rockweed,RW1,RW1_Dawnc,33.37,7.900289362167798,17.16,NA,11/3/2023 22:00,NA,NA,NA,NA,NA,"Redo, used small amount from TA bottle"
2023-11-03,08:06:00,Dawn,Rockweed,RW3,RW3_Dawn,33.26,7.942082272510566,17.2,2198.844284,11/3/2023 22:00,0.92,0.61,4.3,0.1,0.47,"Reran, old TA 2204.376482"
2023-11-03,08:06:00,Dawn,Barnacle,B1,B1_Dawn,33.47,7.9290029163380575,17.84,2181.355309,11/3/2023 22:00,0.51,0.31,3.5,0.06,0.95,Reran old TA 2196.263611
2024-04-03,06:36:00,Dawn,Barnacle,B3,B3_Dawn,32.33,7.916330963797248,14.11,2218.051252,4/3/2024,1.19,0.47,4,0.13,1.42,No 3x rinse
2024-04-03,06:36:00,Dawn,Surfgrass,P3,P3_Dawn,32.32,7.816574184313941,14.03,2202.678888,4/3/2024,NA,NA,NA,NA,NA,"1x rinse for falcon dirty nutrient water clean Nalgene, probably switched"
2024-04-03,06:36:00,Dawn,Barnacle,B5,B5_Dawn,32.6,7.917827782087665,14.11,2219.643811,4/3/2024,1.55,0.43,4.9,0.16,1.49,NA
2024-04-03,06:36:00,Dawn,Surfgrass,P5,P5_Dawn,32,7.84143096632226,14.11,2208.829608,4/3/2024,1.45,0.48,5.6,0.18,1.19,NA
2024-04-03,06:15:00,Dawn,Open Ocean,OO1,OO_Dawn1,31.07,7.864285599853652,14.28,2236.297592,4/3/2024,4.58,0.63,8.1,0.15,1.47,"350 mls of nutrient, used B2 for temp"
2024-04-04,06:35:00,Dawn,Surfgrass,P4,P4_Dawn,32.82,7.834874347613782,14.45,2218.955715,4/4/2024,NA,NA,NA,NA,NA,Not nut
2024-04-04,06:35:00,Dawn,Surfgrass,P6,P6_Dawn,32.8,7.895186573900625,14.58,2221.365627,4/4/2024,1.1,0.47,4.6,0.13,0.91,NA
2024-04-04,06:35:00,Dawn,Barnacle,B4,B4_Dawn,32.52,7.90904761424379,14.5,2218.565596,4/4/2024,0.85,0.45,3.7,0.12,0.98,NA
2024-04-04,06:35:00,Dawn,Open Ocean,OO2,OO_Dawn2,32.58,7.912462897288654,14.63,2229.393111,4/4/2024,3.25,0.65,7.1,0.15,1.27,"Reran, old TA 2296.933561 400 ml nutrients sample, used B2 for temp"
2024-04-08,19:19:00,Dusk,Barnacle,B1,B1_Dusk,33.88,8.286267020769483,15.36,2152.688161,4/9/2024,NA,NA,NA,NA,NA,"Reran, old TA 2158.799027 Not nut"
2024-04-08,19:19:00,Dusk,Barnacle,B3,B3_Dusk,33.34,8.326651556790525,15.27,2202.330805,4/9/2024,NA,NA,NA,NA,NA,no nut
2024-04-08,19:19:00,Dusk,Barnacle,B5,B5_Dusk,33.24,8.26986486460141,15.27,2191.747104,4/9/2024,4.53,0.64,11.4,0.33,0.82,NA
2024-04-08,19:19:00,Dusk,Rockweed,RW1,RW1_Dusk,32.96,8.274750423320347,15.4,2233.51398,4/9/2024,6.28,0.6,13.5,0.41,3.53,NA
2024-04-08,19:19:00,Dusk,Rockweed,RW3,RW3_Dusk,33.18,8.281633822672301,15.36,2204.214096,4/9/2024,4.61,0.61,10.6,0.38,1.76,Nalgene not filled
2024-04-08,19:19:00,Dusk,Surfgrass,P3,P3_Dusk,33.16,8.171771150335381,15.06,2223.443073,4/9/2024,4.64,0.63,12.6,0.32,0.93,NA
2024-04-08,19:19:00,Dusk,Surfgrass,P5,P5_Dusk,33.16,8.136021340998939,14.84,2223.591948,4/9/2024,5.12,0.73,10.5,0.34,1.36,NA
2024-04-08,19:15:00,Dusk,Open Ocean,OO1,OO_Dusk1,33.34,8.321154435319189,15.4,2229.686529,4/9/2024,6.35,0.67,10.2,0.34,2.49,"420 ml nutrient sample, start using RW1 hobo temp for hand collect samples"
2024-04-08,19:19:00,Dusk,Open Ocean,OO,SAS_OO_Dusk,33.28,8.346532465270865,15.27,2213.688238,4/9/2024,5.69,0.62,10.6,0.39,1.65,Used B5 hobo for sas OO temperature
2024-04-08,19:19:00,Dusk,Mussel,M1,M1_Dusk,33.37,8.278476454845134,15.06,2179.696422,4/9/2024,NA,NA,NA,NA,NA,"no nut, had to redrill hanger bolts for m1-5"
2024-04-08,19:19:00,Dusk,Mussel,M3,M3_Dusk,33.59,7.976994382151534,15.06,NA,4/9/2024,NA,NA,NA,NA,NA,"Not much sample… weird mV, not nut"
2024-04-08,19:19:00,Dusk,Mussel,M5,M5_Dusk,33.29,8.31444820732687,15.27,2176.92627,4/9/2024,5.4,0.65,12.7,0.41,1.6,"Reran, old TA 2306.050341"
2024-04-09,19:34:00,Dusk,Open Ocean,OO2,OO_Dusk2,32.86,8.167145662542278,15.23,2240.160615,4/10/2024,9.64,1.03,16.3,0.42,3.08,360 ml
2024-04-09,19:38:00,Dusk,Surfgrass,P6,P6_Dusk,33.61,8.104621228055597,14.67,2185.217924,4/10/2024,7.8,0.79,14.4,0.44,1.68,P4 tubing out of plot on this day
2024-04-09,19:38:00,Dusk,Mussel,M3,M3_Dusk,33.65,8.209347166125697,14.75,2218.27187,4/10/2024,9.52,0.82,13.5,0.57,2.99,NA
2024-04-09,19:38:00,Dusk,Mussel,M6,M6_Dusk,33.55,8.226422495397761,15.1,2216.008687,4/10/2024,NA,NA,NA,NA,NA,Not nut
2024-04-09,19:38:00,Dusk,Barnacle,B2,B2_Dusk,33.71,8.249841360783954,14.67,2214.764062,4/10/2024,NA,NA,NA,NA,NA,Not nut
2024-04-09,19:38:00,Dusk,Barnacle,B4,B4_Dusk,33.54,8.237772115968342,14.88,2210.01183,4/10/2024,7.58,0.7,12.3,0.42,1.49,Not nut
2024-04-09,19:38:00,Dusk,Barnacle,B6,B6_Dusk,33.51,8.249116212005427,15.1,2195.303304,4/10/2024,NA,NA,NA,NA,NA,No nut
2024-04-09,19:38:00,Dusk,Rockweed,RW4,RW4_Dusk,33.18,8.24535455202875,15.27,2210.056318,4/10/2024,7,0.68,13.3,0.43,1.37,TA + nut Bottle just said rw not number
2024-04-10,20:03:00,Dusk,Surfgrass,P1,P1_Dusk,32.99,7.950726581975931,15.27,2184.530496,4/11/2024,3.72,0.65,10.8,0.3,2.07,"TA tube pushed a bit out of tide pool, but still close (MA has pic), switched tubes to p56"
2024-04-10,20:03:00,Dusk,Surfgrass,P4,P4_Dusk,33.18,7.9922068231881935,15.14,2234.491933,4/11/2024,NA,NA,NA,NA,NA,Not nut
2024-04-10,20:03:00,Dusk,Mussel,M6,M6_Dusk,32.79,8.163169098339209,15.4,2209.871184,4/11/2024,5.41,0.7,11.7,0.4,1.02,NA
2024-04-10,20:03:00,Dusk,Barnacle,B6,B6_Dusk,32.94,8.260261823363452,15.36,2208.879194,4/11/2024,4.23,0.58,12.7,0.3,0.92,B2 tubing from this day was messed up not sure if ta or nut
2024-04-10,20:03:00,Dusk,Mussel,M2,M2_Dusk,32.57,8.226449193001939,15.18,2230.240119,4/11/2024,NA,NA,NA,NA,NA,Not nut
2024-04-10,20:03:00,Dusk,Rockweed,RW2,RW2_Dusk,32.94,8.214850757354995,15.44,2231.575997,4/11/2024,6.49,0.59,13.4,0.34,2.72,NA
2024-04-10,20:01:00,Dusk,Open Ocean,OO3,OO_Dusk3,33.11,8.20434196843094,15.4,2236.628764,4/11/2024,6.17,0.91,14.8,0.31,1.35,360 ml nut
2024-04-11,20:24:00,Dusk,Open Ocean,OO4,OO_Dusk4,32.23,8.266102767398626,14.5,2212.274815,4/12/2024,8.29,0.85,13.2,0.36,1.21,300 ml nut
2024-04-11,20:29:00,Dusk,Surfgrass,P4,P4_Dusk,33.2,7.701876859597564,13.98,NA,4/12/2024,6.7,0.68,11.3,0.35,0.69,"No TA, slightly out of plot, with some rockweed tangled in"
2024-04-11,20:29:00,Dusk,Surfgrass,P2,P2_Dusk,33.09,8.040581823032959,14.41,2202.447301,4/12/2024,5.6,0.59,11.5,0.32,0.95,"Tubes from p56 used, but not flushed before"
2024-04-11,20:29:00,Dusk,Barnacle,B3,B3_Dusk,33.64,8.014332278193738,14.41,NA,4/12/2024,NA,NA,NA,NA,NA,"No TA, tubes pulled off bolt"
2024-04-11,20:29:00,Dusk,Barnacle,B2,B2_Dusk,32.96,8.132022712142247,14.2,NA,4/12/2024,5.95,0.66,13,0.34,1.1,No TA
2024-04-11,20:29:00,Dusk,Mussel,M1,M1_Dusk,33.27,8.126897586019057,14.41,2220.629057,4/12/2024,NA,NA,NA,NA,NA,NA
2024-04-11,20:29:00,Dusk,Mussel,M4,M4_Dusk,33.47,8.139276194462482,14.45,2208.51517,4/12/2024,NA,NA,NA,NA,NA,NA
2024-04-16,05:54:00,Dawn,Open Ocean,OO,SAS_OO_Dawn,33.34,7.903923477448306,14.28,2236.839891,4/16/2023,2.2,0.46,6.3,0.21,0.9,NA
2024-04-16,06:05:00,Dawn,Open Ocean,OO3,OO_Dawn3,32.99,7.832946802224108,14.33,2223.794788,4/16/2023,7.54,0.55,6.7,0.24,1.51,420 ml nutrient sample
2024-04-16,05:54:00,Dawn,Rockweed,RW2,RW2_Dawn,33.1,7.776451686403025,14.41,2207.201727,4/16/2023,1.87,0.48,6.7,0.21,1.13,NA
2024-04-16,05:54:00,Dawn,Rockweed,RW4,RW4_Dawn,33.63,7.814795301912471,14.41,2200.789259,4/16/2023,NA,NA,NA,NA,NA,No nut
2024-04-16,05:54:00,Dawn,Barnacle,B2,B2_Dawn,33.67,7.893507382543193,14.37,2194.494218,4/16/2023,NA,NA,NA,NA,NA,Nutrient Tubes Got ripped off bolts
2024-04-16,05:54:00,Dawn,Barnacle,B6,B6_Dawn,33.64,7.8810320630767094,14.41,2228.673147,4/16/2023,2.66,0.49,7.5,0.26,1.71,NA
2024-04-16,05:54:00,Dawn,Mussel,M1,M1_Dawn,33.76,7.889489063589561,14.33,2242.498497,4/16/2023,2.35,0.58,6.9,0.23,1.42,NA
2024-04-16,05:54:00,Dawn,Mussel,M4,M4_Dawn,33.44,7.853681515249055,14.33,2250.239108,4/16/2023,NA,NA,NA,NA,NA,No nut
2024-04-17,06:18:00,Dawn,Rockweed,RW1,RW1_Dawn,33.65,7.747682707357364,14.33,2209.24257,4/17/2024,1.17,0.44,4.2,0.11,1.15,"Nalgene not filled, TA bags from this day might have gotten slightly warm on rocks"
2024-04-17,06:18:00,Dawn,Rockweed,RW3,RW3_Dawn,33.59,7.919242778492698,14.33,2176.288869,4/17/2024,NA,NA,NA,NA,NA,"No nut,  reran, first TA run = 2166.217785"
2024-04-17,06:18:00,Dawn,Rockweed,RW5,RW5_Dawn,32.69,7.984213148854896,14.5,2504.808844,4/17/2024,36.26,0.59,20.5,1.28,6.25,"Reused phyllo tubing for this, reran first run=2475.00289"
2024-04-17,06:18:00,Dawn,Mussel,M6,M6_Dawn,33.69,7.929207484401343,14.37,2212.420105,4/17/2024,NA,NA,NA,NA,NA,"No nut, only 1 rinse did not fill nalgene"
2024-04-17,06:20:00,Dawn,Open Ocean,OO4,OO_Dawn4,32.83,7.942920102210801,14.33,2209.562382,4/17/2024,5.77,0.57,5.2,0.16,1.65,450 ml nutrient sample
2024-04-17,06:18:00,Dawn,Surfgrass,P1,P1_Dawn,33.83,7.937548650950593,14.24,2217.55461,4/17/2024,0.98,0.44,4.3,0.11,0.92,A little bit out of plot
2024-04-17,06:18:00,Dawn,Surfgrass,P4,P4_Dawn,33.73,7.8841284896516495,14.28,2202.844948,4/17/2024,1.09,0.45,4.7,0.12,0.7,NA
2024-04-18,06:17:00,Dawn,Open Ocean,OO5,OO_Dawn5,35.55,7.916279896047615,14.24,2217.066252,4/18/2024,4.08,0.63,5.4,0.18,1.35,450 ml nutrient sample
2024-04-18,06:17:00,Dawn,Rockweed,RW6,RW6_Dawn,34.2,7.91780552274588,14.28,2217.745613,4/18/2024,1.2,0.43,5.5,0.11,0.9,NA
2024-04-18,06:17:00,Dawn,Rockweed,RW3,RW3_Dawn,34.18,7.853815082706596,14.28,2197.351065,4/18/2024,NA,NA,NA,NA,NA,no nut
2024-04-18,06:17:00,Dawn,Mussel,M5,M5_Dawn,34.02,7.940279104838905,14.33,2189.781569,4/18/2024,1.44,0.54,5,0.13,1.13,NA
2024-04-18,06:17:00,Dawn,Surfgrass,P1,P1_Dawn,33.84,7.925061328108604,14.2,2210.167149,4/18/2024,1.38,0.5,5.1,0.13,1.15,"Nutrients tube got ripped off, but probably after filling? Because it was pinched"
2024-04-18,06:17:00,Dawn,Barnacle,B2,B2_Dawn,34.02,7.90374999825155,14.33,NA,4/18/2024,2.6,0.49,4.6,0.15,1.92,"Nalgene not filled, slightly out of place but should be fine"
2024-04-19,06:16:00,Dawn,Open Ocean,OO6,OO_Dawn6,33.51,7.899281267841919,14.63,2215.912654,4/19/2024,4.79,0.74,5.5,0.15,2.43,450 ml nutrient sample
2024-04-19,06:16:00,Dawn,Surfgrass,P2,P2_Dawn,33.97,7.892691206567668,14.63,2218.004161,4/19/2024,1.11,0.58,5.9,0.13,1.33,NA
2024-04-19,06:16:00,Dawn,Rockweed,RW3,RW3_Dawn,33.82,7.890555720089555,14.63,2217.419622,4/19/2024,0.92,0.49,4.1,0.11,1.29,NA
2024-04-19,06:16:00,Dawn,Barnacle,B1,B1_Dawn,33.68,7.9188063061567835,14.67,2241.307875,4/19/2024,NA,NA,NA,NA,NA,"No nut nalgene half full, tubing messed up"
2024-04-19,06:16:00,Dawn,Mussel,M6,M6_Dawn,33.37,7.883783285623424,14.71,NA,4/19/2024,NA,NA,NA,NA,NA,Non nut not fill nalgene
2024-04-20,06:37:00,Dawn,Open Ocean,OO7,OO_Dawn7,33.98,7.8252832804780255,14.5,2234.406469,4/20/2024,5.65,1.07,6.9,0.27,11.84,450 ml nutrient sample
2024-04-20,06:37:00,Dawn,Rockweed,RW4,RW4_Dawn,33.92,7.799297888980917,14.45,2227.205591,4/20/2024,2.64,0.8,6.3,0.21,6.9,NA
2024-04-20,06:37:00,Dawn,Surfgrass,P1,P1_Dawn,33.92,7.793614833616435,14.37,2227.999606,4/20/2024,NA,NA,NA,NA,NA,no nut
2024-04-20,06:37:00,Dawn,Barnacle,B1,B1_Dawn,33.82,7.786836218090097,14.54,2240.104379,4/20/2024,NA,NA,NA,NA,NA,"no nut, nalgene half full"
2024-04-20,06:37:00,Dawn,Mussel,M4,M4_Dawn,33.71,7.757565347622482,14.41,2230.50334,4/20/2024,NA,NA,NA,NA,NA,"no nut, used tubes from P"
2024-04-20,06:37:00,Dawn,Mussel,M6,M6_Dawn,33.66,7.777337265306108,14.58,2178.212324,4/20/2024,NA,NA,NA,NA,NA,no nut
2024-04-27,19:50:00,Dusk,Surfgrass,P4,P4_Dusk,34.25,8.056022840366392,14.58,NA,4/28/2024,7.09,0.81,11.3,0.36,1.24,"Did not calibrate salinity before this processing round, no TA"
2024-04-27,19:50:00,Dusk,Mussel,M4,M4_Dusk,34.23,8.104551902958905,14.84,2227.685421,4/28/2024,NA,NA,NA,NA,NA,NA
2024-04-27,19:50:00,Dusk,Barnacle,B3,B3_Dusk,34.22,8.124384321578676,14.75,2193.856062,4/28/2024,4.73,0.54,6.9,0.25,1.28,"B3 Had rip in tubing so might not be from plot, b1 nutrients were ripped off"
2024-04-27,19:50:00,Dusk,Surfgrass,P1,P1_Dusk,34.05,8.128172897798498,14.71,2203.698965,4/28/2024,7.68,0.89,12.7,0.4,1.36,NA
2024-04-27,19:46:00,Dusk,Open Ocean,OO5,OO_Dusk5,33.94,8.15152498104086,14.84,2201.724854,4/28/2024,7.59,0.95,14.3,0.37,1.52,"300 ml nutrients, switch to RW2, for temps"
2024-04-27,19:50:00,Dusk,Mussel,M1,M1_Dusk,34,8.066131111318331,14.75,2265.205441,4/28/2024,NA,NA,NA,NA,NA,"Reran, old ta 2261.647232"
2024-04-28,19:31:00,Dusk,Open Ocean,OO6,OO_Dusk6,33.69,8.260888297932802,16.47,2210.989083,4/29/2024,2.04,0.62,8,0.14,2.09,"300 ml nut Re used nut bag, used B6 for temps because rw2 was 1 degree less than others?"
2024-04-28,19:35:00,Dusk,Rockweed,RW5,RW5_Dusk,33.29,8.230739152607693,16.43,2402.110283,4/29/2024,45.69,0.7,18.4,0.73,4.3,Reran  TA First run 2375.978128
2024-04-28,19:35:00,Dusk,Barnacle,B1,B1_Dusk,33.82,8.22820819923708,16.56,2216.955904,4/29/2024,1.85,0.47,8.1,0.17,0.51,"Nalgene half full, ta bag from day before because it seemed empty"
2024-04-28,19:35:00,Dusk,Mussel,M1,M1_Dusk,33.71,8.231413376597521,16.43,2172.176454,4/29/2024,1.46,0.57,9.7,0.14,1.04,"No triple rinse, Nalgene half full"
2024-04-28,19:35:00,Dusk,Mussel,M4,M4_Dusk,33.78,8.270300389077086,16.51,2182.644476,4/29/2024,NA,NA,NA,NA,NA,Not nut
2024-04-28,19:35:00,Dusk,Mussel,M6,M6_Dusk,33.57,8.25750183818209,16.43,2200.546925,4/29/2024,2.55,1.54,8.9,0.24,5.21,Ta bag From day before because it seemed empty
2024-04-28,19:35:00,Dusk,Surfgrass,P4,P4_Dusk,33.72,8.137888426266874,16.17,2191.141053,4/29/2024,1.17,0.52,6.9,0.16,0.77,NA
2024-04-29,20:12:00,Dusk,Open Ocean,OO7,OO_Dusk7,33.78,8.170525959603442,15.91,2211.757144,4/30/2024,0.95,0.54,6.3,0.11,1.19,"300ml Assume nut bags are used after this point I think, back to using RW2 for temperature"
2024-04-29,20:17:00,Dusk,Barnacle,B2,B2_Dusk,34.33,8.135400973855642,16.17,2195.07752,4/30/2024,NA,NA,NA,NA,NA,No nut
2024-04-29,20:17:00,Dusk,Barnacle,B3,B3_Dusk,33.92,8.145069077878578,15.96,2177.440458,4/30/2024,0.78,0.45,6.9,0.11,0.87,NA
2024-04-29,20:17:00,Dusk,Mussel,M2,M2_Dusk,33.97,8.126609364590113,15.96,2191.473743,4/30/2024,NA,NA,NA,NA,NA,Not nut Nalgene 3/4 fill
2024-04-29,20:17:00,Dusk,Mussel,M4,M4_Dusk,33.99,8.153786666155582,16.04,2172.565765,4/30/2024,NA,NA,NA,NA,NA,no nut
2024-04-29,20:17:00,Dusk,Rockweed,RW6,RW6_Dusk,33.95,8.099447157202428,15.91,2212.753425,4/30/2024,2.09,0.44,7,0.09,1.07,Nalgene 3/4 full
2024-05-01,05:01:00,Dawn,Mussel,M6,M6_Dawn,33.79,7.763455096897869,15.01,NA,5/1/2024,NA,NA,NA,NA,NA,NA
2024-05-01,05:00:00,Dawn,Open Ocean,OO8,OO_Dawn8,33.93,7.892942924774249,14.84,2227.223284,5/1/2024,2.47,0.5,3.2,0.13,1.54,360 ml nutrient sample
2024-05-01,05:01:00,Dawn,Barnacle,B2,B2_Dawn,33.58,7.901910821442307,15.01,NA,5/1/2024,1.1,0.37,3.4,0.09,0.5,NA
2024-05-01,05:01:00,Dawn,Surfgrass,P1,P1_Dawn,33.63,7.863666332158286,14.75,2191.884791,5/1/2024,11.99,0.6,7.6,0.2,3.26,NA
2024-05-01,05:01:00,Dawn,Mussel,M4,M4_Dawn,33.5,7.890769173976205,15.14,2227.115275,5/1/2024,1.69,0.4,5.5,0.13,0.7,NA
2024-05-01,05:01:00,Dawn,Mussel,M2,M2_Dawn,33.83,7.902833224213403,15.1,NA,5/1/2024,NA,NA,NA,NA,NA,NA
2024-05-02,06:02:00,Dawn,Barnacle,B6,B6_Dawn,34.71,7.8860072863720765,15.57,NA,5/2/2024,NA,NA,NA,NA,NA,"no TA, B1 from this day had tubes pulled up"
2024-05-02,06:02:00,Dawn,Mussel,M6,M6_Dawn,34.08,7.878630272306945,15.48,2209.436622,5/2/2024,1.58,0.8,5.3,0.19,0.98,NA
2024-05-02,06:15:00,Dawn,Open Ocean,OO9,OO_Dawn9,34.07,7.878718126595871,15.48,2224.005767,5/2/2024,7.16,0.49,6,0.11,0.96,450 ml nutrient sample
2024-05-02,06:02:00,Dawn,Mussel,M3,M3_Dawn,34.01,7.881348330211246,16.08,2200.463046,5/2/2024,NA,NA,NA,NA,NA,NA
2024-05-02,19:37:00,Dusk,Rockweed,RW3,RW3_Dusk,33.72,8.230748096765948,16.81,2198.968869,5/3/2024,NA,NA,NA,NA,NA,Used TA bag
2024-05-02,19:37:00,Dusk,Mussel,M4,M4_Dusk,34.06,8.137820558032441,15.74,2207.755011,5/3/2024,3.88,0.61,7.9,0.22,0.92,NA
2024-05-02,19:37:00,Dusk,Barnacle,B2,B2_Dusk,34.01,8.16987080288492,16.26,2208.979597,5/3/2024,2.2,0.5,6.4,0.14,0.8,NA
2024-05-02,19:37:00,Dusk,Mussel,M2,M2_Dusk,34.11,8.127007718495307,16.08,2188.280118,5/3/2024,NA,NA,NA,NA,NA,NA
2024-05-02,19:34:00,Dusk,Open Ocean,OO8,OO_Dusk8,32.97,8.32251318342277,16.9,2203.060221,5/3/2024,2.3,0.52,6.2,0.12,1.16,300 ml nutrients
2024-05-04,06:09:00,Dawn,Open Ocean,OO10,OO_Dawn10,34.35,7.900479978347715,16.39,2226.350307,5/4/2024,2.69,0.65,7.7,0.17,1.53,400 ml nutrients sample
2024-05-04,06:00:00,Dawn,Barnacle,B2,B2_Dawn,33.75,7.9154751040967275,16.34,2210.151055,5/4/2024,1.78,0.48,7.4,0.18,1.26,NA
2024-05-04,06:00:00,Dawn,Mussel,M3,M3_Dawn,33.66,7.949494747537778,15.91,2242.085275,5/4/2024,2.72,0.5,7.5,0.18,1.67,NA
2024-05-05,06:20:00,Dawn,Open Ocean,OO11,OO_Dawn11,33.13,7.812723174528909,14.63,2227.348439,5/5/2024,4.26,0.59,11.5,0.21,1.39,"450 ml nutrient sample, but have few mls of unfiltered, back up nutrients from capped Nalgene at 6:40 from the same Arizona tea scoop, backup sample data in drive"
2024-05-05,06:19:00,Dawn,Mussel,M2,M2_Dawn,32.73,7.836753653005591,15.53,2189.41394,5/5/2024,NA,NA,NA,NA,NA,NA
2024-05-05,06:19:00,Dawn,Mussel,M3,M3_Dawn,32.91,7.863226431021493,15.53,2221.118266,5/5/2024,2.31,0.53,8.9,0.22,1.22,NA
2024-05-05,19:40:00,Dusk,Rockweed,RW3,RW3_Dusk,34.06,7.860911369313532,16.94,NA,5/6/2024,NA,NA,NA,NA,NA,"no ta, nutrients not iced on ride over from field site"
2024-05-05,19:40:00,Dusk,Mussel,M2,M2_Dusk,32.89,7.845560902963027,12.87,2201.724854,5/6/2024,NA,NA,NA,NA,NA,No nut
